StudentID,num__Age,num__StudyHours,num__Attendance,num__PreviousGPA,num__AssignmentsCompleted,num__SleepHours,num__InternetHours,cat__Scholarship_No,cat__Scholarship_Sí,cat__Program_Administración,cat__Program_Contador Auditor,cat__Program_Ingeniería Civil,cat__Program_Ingeniería Industrial,cat__Program_Ingeniería Informática,FinalGrade
STU-10522,-0.4334725044325135,-0.2887499849183104,-0.10164055330480296,0.5259389038798356,-1.168177302209016,-0.6043007918355082,-0.5886461655243558,0.0,1.0,0.0,0.0,0.0,1.0,0.0,3.96
STU-10947,2.559704500514979,-0.4602820252459406,1.4653524541300935,1.4616564067271016,-0.6051702797904716,-0.39844124169898637,0.5230661984944246,1.0,0.0,0.0,0.0,0.0,0.0,1.0,5.09
STU-11352,0.6076325407666144,0.26872914614648785,0.7791141805527451,0.4980070381232013,0.7691442980106933,-0.2502223656006901,0.016076494024321635,1.0,0.0,0.0,1.0,0.0,0.0,0.0,4.37
STU-12298,0.8679088020663964,1.7675924509141137,-0.2991191931831769,-0.8706543839519053,0.4060769489382215,-0.6948789938955774,-0.1549561773631832,1.0,0.0,0.0,1.0,0.0,0.0,0.0,4.02
STU-13527,-0.9540250270320775,-1.1933772928366457,-1.4405457316801786,-1.2198027059098404,-1.5254702202823234,-0.5795976458191254,-0.6772166560643136,1.0,0.0,0.0,0.0,1.0,0.0,0.0,3.24
STU-11440,-0.6937487657322955,0.3463269739137493,0.0657225939921197,1.3638948765788808,0.6125128571583545,-1.0571918021358562,-0.3565303972127421,0.0,1.0,0.0,0.0,0.0,1.0,0.0,4.65
STU-11553,-0.4334725044325135,2.595387699102364,1.2293654794754365,1.7968387958067198,1.0585876518438173,0.8531848231310664,-1.028444463377939,0.0,1.0,0.0,0.0,0.0,0.0,1.0,6.63
STU-13546,0.34735627946683245,0.5382794952327639,-2.136657937251447,1.0985421518908494,-0.018343729500373388,0.21090302670511862,0.8468066121922014,0.0,1.0,0.0,0.0,0.0,1.0,0.0,4.97
STU-14415,2.559704500514979,-0.821724538793447,0.33972420682336274,-1.2756664374231101,0.4132949876871778,0.013277858574057428,-0.1580103322093886,1.0,0.0,0.0,1.0,0.0,0.0,0.0,4.17
STU-11738,0.34735627946683245,-1.6814267885307366,-0.8619333168365431,-0.36788080033247816,-2.503514470765821,1.0590443732675883,1.7233490530531632,0.0,1.0,1.0,0.0,0.0,0.0,0.0,2.83
STU-11735,-1.4745775496316413,-0.6032253921856322,0.41772826957531967,-0.758926920925366,-0.21467438347196835,1.1825601033495017,-0.8268702435283801,1.0,0.0,0.0,0.0,0.0,0.0,1.0,4.32
STU-10686,0.6076325407666144,-1.499684507707414,-1.1314916602705238,0.4421433066099316,-1.9657705839686213,2.6729832463379206,0.46809141126272674,1.0,0.0,0.0,0.0,0.0,0.0,1.0,3.11
STU-14277,2.1692901085653062,0.8119139405173168,-0.10460273290297868,-0.39581266608911364,0.1729342973469531,0.5485126889290146,-1.526271703309426,1.0,0.0,0.0,1.0,0.0,0.0,0.0,3.73
STU-11715,1.6487375859657423,0.5137749180431026,-1.148277344660186,0.4840411052448829,0.38514463656625053,-0.3490349496662207,-0.4878590555995762,1.0,0.0,0.0,0.0,1.0,0.0,0.0,4.24
STU-14530,-0.9540250270320775,-0.23769878243984902,-0.04042217494250799,0.7493938299329143,0.19170119809423725,-1.452442138397978,-1.0742567860710208,1.0,0.0,0.0,0.0,0.0,1.0,0.0,4.09
STU-14655,0.8679088020663964,-0.9687520019314156,0.14619513974255546,0.6935300984196445,-0.6044484759155766,0.09562167862866662,0.18405501056562082,1.0,0.0,0.0,0.0,0.0,1.0,0.0,4.62
STU-13555,0.6076325407666144,-1.2321762067202764,0.0657225939921197,-1.4292916990846007,-0.8513054011298606,0.02151224057951886,0.037455577947759805,1.0,0.0,0.0,0.0,1.0,0.0,0.0,3.05
STU-12994,-0.6937487657322955,-0.47253431384077105,-1.0979202914912,-0.8287565853169527,-1.0793954255968616,1.380185271480563,0.7887776701142982,0.0,1.0,0.0,1.0,0.0,0.0,0.0,2.58
STU-10322,0.34735627946683245,-0.07229288640963409,-0.5242448426445233,-0.2002896057926691,-0.18002779747698072,0.14502797066143155,1.7599989112076284,1.0,0.0,0.0,1.0,0.0,0.0,0.0,2.61
STU-10564,1.3884613246659603,0.9650675479527009,-0.4689508234785784,0.23265431343516998,1.0585876518438173,-0.90897292603756,-1.1903146702268275,1.0,0.0,0.0,0.0,1.0,0.0,0.0,4.25
STU-13999,-1.4745775496316413,-0.42148311136230965,-1.2983611109677498,1.4756223396054189,-1.2771696873182474,0.36735628480887556,0.19932578479664798,1.0,0.0,1.0,0.0,0.0,0.0,0.0,4.52
STU-10173,0.34735627946683245,0.4096304649870411,0.8916770052834183,1.7968387958067198,-0.6925085486528361,-0.16787854554608161,0.25735472687455146,1.0,0.0,1.0,0.0,0.0,0.0,0.0,4.76
STU-14145,0.08708001816705048,2.595387699102364,1.5048481821057689,1.6152816683885936,0.7301668887663331,0.943763025191137,0.8162650637301472,1.0,0.0,0.0,0.0,1.0,0.0,0.0,6.2
STU-13109,0.34735627946683245,-0.6338561136727091,-0.418593770309594,-0.4516763976023833,0.14189673072644307,-0.2749255116170729,-0.680270810910519,1.0,0.0,0.0,0.0,1.0,0.0,0.0,3.91
STU-12215,-1.2143012883318594,0.30140191573270314,1.3567392021969884,0.10696091753031352,1.0585876518438173,-1.7241767445781868,-1.3766181158453592,0.0,1.0,0.0,0.0,1.0,0.0,0.0,4.99
STU-11673,0.34735627946683245,-1.136199946060769,-1.7347889050989562,-1.191870840153205,-3.150250742672252,1.4131227995024072,0.9384312575783649,1.0,0.0,0.0,0.0,0.0,1.0,0.0,2.57
STU-12193,-0.6937487657322955,-0.6195617769787399,0.4977071187260614,0.26058617919180543,-0.9191549653700452,0.7543722390655365,-0.4023427199058238,1.0,0.0,0.0,0.0,0.0,1.0,0.0,4.32
STU-14617,0.08708001816705048,0.2074677031723344,-0.2833209019929073,0.14885871616526608,1.0585876518438173,-1.790051800621874,0.9445395672707757,0.0,1.0,0.0,0.0,0.0,0.0,1.0,3.71
STU-10533,-0.6937487657322955,0.21767794366802645,0.3268880952312675,-1.1220411757616182,0.1729342973469531,-0.5219569717808991,0.578040985726123,1.0,0.0,0.0,0.0,0.0,0.0,1.0,3.98
STU-14192,-0.4334725044325135,-1.032055493004708,-0.8214501956614767,-1.9739630813389806,-2.064657714829315,1.618982349638929,0.42533324341585066,1.0,0.0,0.0,0.0,0.0,1.0,0.0,2.52
STU-11985,-0.4334725044325135,-2.2695366410826114,-1.755524162286185,-0.9823818469784447,-0.9444181009913897,0.33441875678703203,-0.7199748239111896,0.0,1.0,1.0,0.0,0.0,0.0,0.0,3.46
STU-13649,0.34735627946683245,1.1018847705949777,-0.5104213378530371,1.3638948765788808,1.0585876518438173,1.2566695413986495,-1.565975716310097,1.0,0.0,0.0,0.0,1.0,0.0,0.0,5.11
STU-14038,-1.2143012883318594,0.3034439638318415,0.7307319137825425,-0.5634038606289227,1.0585876518438173,-0.5548944998027425,0.37952092072276894,0.0,1.0,0.0,0.0,0.0,1.0,0.0,4.29
STU-13059,0.8679088020663964,0.15641650069387303,-2.5049556006246143,1.0147465546209455,-0.2818021438372558,0.04621538659590096,0.831535837961174,0.0,1.0,1.0,0.0,0.0,0.0,0.0,3.58
STU-13506,0.08708001816705048,-0.023283732030311134,0.0657225939921197,-0.5773697935072397,0.37576118619260845,0.8449504411256057,0.4589289467241106,1.0,0.0,0.0,0.0,1.0,0.0,0.0,2.74
STU-11411,1.1281850633661783,0.046145903340396296,-0.6585303177618176,1.5873498026319581,-1.8430639252363745,-2.3582241589986745,0.9262146381935429,1.0,0.0,1.0,0.0,0.0,0.0,0.0,4.03
STU-13000,-0.6937487657322955,0.9916141732415006,0.5263415215084262,-0.1025280756444481,1.0585876518438173,0.9849349352184406,-0.7810579208352986,1.0,0.0,0.0,0.0,0.0,0.0,1.0,4.38
STU-10378,-0.1731962431327315,-0.5644264783020017,-0.7612192104985727,1.1264740176474837,0.307911621952424,-1.1724731502123082,-1.089527560302048,1.0,0.0,0.0,1.0,0.0,0.0,0.0,3.89
STU-13326,-1.4745775496316413,0.8221241810130092,0.3416989932221461,1.0007806217426272,0.9546478938588553,-0.5384257357918212,-0.5275630686002469,0.0,1.0,0.0,1.0,0.0,0.0,0.0,5.15
STU-11192,1.1281850633661783,-1.975481714806674,0.39699301238809104,-0.22822147154930458,-1.1104329922173706,0.07915291461774449,-1.2116937541502657,1.0,0.0,0.0,0.0,0.0,1.0,0.0,3.69
STU-12137,1.1281850633661783,-0.4010626303709252,-1.5718690271992972,0.5818026353931052,-0.6463131006595195,-1.452442138397978,1.833298627516559,1.0,0.0,0.0,0.0,0.0,0.0,1.0,4.01
STU-10611,-0.9540250270320775,1.0120346542328855,0.45327442475342694,1.140439950525802,1.0585876518438173,-0.5301913537863597,-0.13357709343974503,0.0,1.0,0.0,0.0,1.0,0.0,0.0,5.26
STU-10420,-0.4334725044325135,-1.117821513168523,0.28739236725559353,-1.2337686387881577,-0.816658815134874,-0.5054882077699776,-0.7963286950663256,1.0,0.0,1.0,0.0,0.0,0.0,0.0,2.66
STU-11914,0.34735627946683245,0.4606816674655025,1.5048481821057689,1.3778608094571978,1.0585876518438173,-1.0407230381249342,-0.680270810910519,1.0,0.0,0.0,0.0,0.0,0.0,1.0,5.1
STU-12156,1.6487375859657423,0.2605609537499342,-0.9507987047818118,0.3164499107050751,-0.249320969466956,0.15326235266689298,-0.3443137778279203,0.0,1.0,0.0,0.0,0.0,0.0,1.0,4.04
STU-13582,-0.1731962431327315,1.0467494719182389,0.47894664793761604,0.023165320260409614,1.0585876518438173,-1.3536295543324472,-0.958198901915214,0.0,1.0,0.0,0.0,1.0,0.0,0.0,4.6
STU-12642,0.08708001816705048,0.34428492581461084,0.19852697931032467,0.21868838055685288,0.8586479784977447,1.4954666195570157,1.5492622268194531,1.0,0.0,0.0,1.0,0.0,0.0,0.0,4.92
STU-13706,-0.1731962431327315,-0.023283732030311134,-0.6624798905593857,-0.8846203168302224,1.0585876518438173,-0.2749255116170729,-1.5965172647721513,1.0,0.0,0.0,0.0,0.0,1.0,0.0,3.76
STU-14913,-0.6937487657322955,-0.27649769632347954,0.0657225939921197,-1.2477345716664747,-0.3597569623259783,-1.1642387682068476,-1.0009570697620902,0.0,1.0,0.0,0.0,1.0,0.0,0.0,3.12
STU-10549,0.6076325407666144,1.8084334128968824,1.5048481821057689,-0.8287565853169527,1.0585876518438173,-0.5960664098300468,1.0880848450424316,1.0,0.0,0.0,1.0,0.0,0.0,0.0,4.55
STU-10758,-1.4745775496316413,0.7731150266336863,-0.6802529681484386,-0.06063027700949553,1.0585876518438173,-1.131301240185004,1.8607860211324079,1.0,0.0,0.0,0.0,0.0,0.0,1.0,4.2
STU-11896,0.34735627946683245,-0.1376384255820647,-0.7148117301271549,-0.605301659263874,-1.6958159347576778,0.5155751609071711,-0.17328110644041572,1.0,0.0,0.0,1.0,0.0,0.0,0.0,2.94
STU-12682,-1.2143012883318594,0.2278881841637189,0.8551434569059186,0.023165320260409614,0.24439288096161416,-0.9419104540594035,0.15045930725736087,1.0,0.0,0.0,0.0,1.0,0.0,0.0,4.91
STU-10071,1.6487375859657423,-1.1219056093667998,-1.8137803610503056,-1.1499730415182536,-1.0519668783508291,-0.9995511280976299,-1.0650943215324045,0.0,1.0,0.0,0.0,1.0,0.0,0.0,2.87
STU-12224,-1.4745775496316413,0.08086072102575001,1.2441763774663153,-0.6890972565337792,1.0585876518438173,-0.4807850617535948,-0.5642129267547122,1.0,0.0,0.0,0.0,0.0,1.0,0.0,3.61
STU-13314,-1.4745775496316413,0.5832045534138101,0.0657225939921197,-0.6890972565337792,-0.12083987973554446,0.3179499927761099,-0.6222418688326155,1.0,0.0,0.0,0.0,0.0,1.0,0.0,3.88
STU-11726,-1.2143012883318594,-1.032055493004708,-0.8372484868517462,-0.7309950551687304,-0.18074960135187665,-0.3078630396389165,1.0239475932721172,1.0,0.0,0.0,1.0,0.0,0.0,0.0,2.99
STU-14904,1.3884613246659603,-2.2695366410826114,-0.1115144852987225,-1.6248147593810454,-0.9473053164909724,0.48263763288532757,-1.608733884156973,1.0,0.0,0.0,1.0,0.0,0.0,0.0,2.51
STU-14527,-1.4745775496316413,-0.8768598374701851,1.0012776504159158,-1.345496101814697,0.1729342973469531,-0.19258169156246446,-0.5275630686002469,1.0,0.0,0.0,1.0,0.0,0.0,0.0,3.38
STU-13050,-0.4334725044325135,0.26872914614648785,-0.41069462471445917,-0.6332335250205094,0.4039115373135357,0.04621538659590096,1.9890605246730364,1.0,0.0,0.0,0.0,0.0,0.0,1.0,5.09
STU-12544,-0.1731962431327315,-0.8952382703624312,-2.055691694901314,-1.094109310004984,-1.2930493725659498,0.5979189809617803,0.07105128125601948,1.0,0.0,0.0,0.0,0.0,0.0,1.0,3.19
STU-10627,0.34735627946683245,0.8772594796897474,-1.4553566296710574,-0.04666434413117842,0.5605429781658735,0.35088752079795343,1.243846742198909,0.0,1.0,0.0,0.0,0.0,0.0,1.0,3.98
STU-10691,-0.6937487657322955,-0.9891724829228002,-2.837830532969599,-0.22822147154930458,-1.425139481671839,0.9849349352184406,-1.3491307222295104,1.0,0.0,0.0,0.0,1.0,0.0,0.0,1.65
STU-10450,0.6076325407666144,0.23197228036199571,0.6013834046622074,-1.778440021042536,0.1729342973469531,-1.0571918021358562,-0.3504220875203313,1.0,0.0,0.0,0.0,1.0,0.0,0.0,3.93
STU-14977,-0.1731962431327315,0.5096908218448254,0.688274006208693,0.42817737373161324,0.1729342973469531,0.48263763288532757,-0.1580103322093886,0.0,1.0,0.0,0.0,0.0,1.0,0.0,5.5
STU-13284,-0.1731962431327315,-1.5834084797720904,-0.7622066036979637,-2.3789751348101853,-0.7762377981407219,-0.019659669447785372,-1.3582931867681267,1.0,0.0,0.0,0.0,0.0,0.0,1.0,2.24
STU-13671,0.08708001816705048,-0.3663478126855715,-0.23000166922574575,0.35834770934002647,-1.9361766250979031,0.8614192051365286,-0.6405667979098483,1.0,0.0,1.0,0.0,0.0,0.0,0.0,3.39
STU-13436,0.34735627946683245,-0.3295909469010793,-1.5323732992236232,-0.4935741962373346,-0.5120575799289435,0.23560617272150144,-0.8665742565290508,0.0,1.0,0.0,0.0,0.0,1.0,0.0,4.75
STU-10371,-1.4745775496316413,1.038581279521685,0.4463626723576845,0.3164499107050751,0.24222746933692738,1.5037010015624763,-0.6650000366794918,0.0,1.0,0.0,0.0,1.0,0.0,0.0,4.81
STU-14491,-0.6937487657322955,-0.7788415287115392,0.5214045555114671,-0.186323672914352,0.1729342973469531,1.643685495655311,-0.5275630686002469,1.0,0.0,0.0,0.0,0.0,0.0,1.0,4.01
STU-10787,-0.4334725044325135,-0.9707940500305541,-0.043384354540683706,-0.8008247195603185,-1.528357435781906,1.281372687415033,-0.9704155213000357,1.0,0.0,0.0,0.0,0.0,1.0,0.0,3.54
STU-11541,-0.9540250270320775,-2.0918784564575654,-1.4494322704747058,-0.13045994140108233,-1.7679963222472348,-0.40667562370444704,-1.4743510709239334,0.0,1.0,0.0,0.0,0.0,1.0,0.0,2.94
STU-13577,0.34735627946683245,-0.7686312882158471,-0.9665969959720815,-0.9684159141001275,1.0585876518438173,-0.7113477579064995,0.1657300814883883,1.0,0.0,0.0,0.0,0.0,0.0,1.0,3.54
STU-13293,1.1281850633661783,-0.04778830921997243,-0.12138841729264063,-0.21425553867098746,0.6854150485228074,-0.2749255116170729,-0.9337656631455705,1.0,0.0,1.0,0.0,0.0,0.0,0.0,4.05
STU-11502,-1.4745775496316413,0.7588206899397171,-0.27542175639777255,-0.27011927018425713,0.23428762671307612,1.890716955819138,-0.9307115082993651,1.0,0.0,1.0,0.0,0.0,0.0,0.0,4.38
STU-11248,-0.4334725044325135,-0.0988395116984338,-1.6765327063348356,1.3918267423355148,-0.16703532772886098,0.32618437478157136,-0.5458879976774794,1.0,0.0,0.0,0.0,0.0,1.0,0.0,3.95
STU-11483,-0.4334725044325135,-0.023283732030311134,-1.4316591928856515,-1.5410191621111402,-1.9520563103456054,0.7461378570600758,-0.1580103322093886,0.0,1.0,1.0,0.0,0.0,0.0,0.0,2.97
STU-11197,0.8679088020663964,-0.023283732030311134,-0.3405897075576356,0.553870769636471,-0.9891699412349153,-1.263051352272378,2.5620963276923314,0.0,1.0,0.0,0.0,0.0,1.0,0.0,4.03
STU-12355,-0.6937487657322955,-1.1954193409357843,-1.4217852608917334,0.03713125313872672,0.18376135547038602,-0.43961315172629056,0.5077954242633977,1.0,0.0,0.0,0.0,0.0,1.0,0.0,2.9
STU-13295,-0.1731962431327315,-0.6318140655735707,-1.0979202914912,0.023165320260409614,-0.4983433063059269,-0.5301913537863597,-0.65278341729467,0.0,1.0,0.0,1.0,0.0,0.0,0.0,4.48
STU-11954,0.08708001816705048,-1.1239476574659382,-0.11743884449507394,0.6376663669063749,-0.39512535219586087,0.6802628010163888,-0.1763352612866211,0.0,1.0,0.0,0.0,0.0,0.0,1.0,4.98
STU-10190,-1.4745775496316413,-1.9734396667075356,-2.2028132816107022,0.6376663669063749,-3.0867320016814417,0.24384055472696214,-0.5245089137540415,1.0,0.0,0.0,0.0,0.0,0.0,1.0,2.12
STU-14114,-0.1731962431327315,2.2883147161944195,0.0657225939921197,1.7968387958067198,1.0585876518438173,0.8202472951092236,-0.1580103322093886,1.0,0.0,0.0,0.0,0.0,1.0,0.0,4.76
STU-12753,0.8679088020663964,-0.3928944379743715,-0.08781704851331673,-0.5634038606289227,-0.6138319262892187,1.1002162832948932,-0.9826321406848575,1.0,0.0,0.0,0.0,1.0,0.0,0.0,3.73
STU-10158,-1.2143012883318594,-0.023283732030311134,-1.1561764902553207,-1.345496101814697,-1.1227036580905954,1.1660913393385803,-0.5122922943692197,1.0,0.0,0.0,1.0,0.0,0.0,0.0,2.73
STU-13760,-0.6937487657322955,-0.12538613698723386,-0.6654420701575614,-0.5773697935072397,-0.4781327978088518,0.14502797066143155,1.0117309738872955,1.0,0.0,0.0,1.0,0.0,0.0,0.0,3.44
STU-14372,-1.4745775496316413,0.6587603330819327,-0.16582111126527507,1.0287124874992626,1.0585876518438173,1.1331538113167374,-0.7657871466042713,1.0,0.0,0.0,0.0,0.0,0.0,1.0,5.85
STU-12012,-0.9540250270320775,-0.07025083831049568,-0.3396023143582447,-0.03269841125286007,0.8196705692533834,0.8284816771146842,-0.7535705272194495,1.0,0.0,0.0,0.0,1.0,0.0,0.0,4.85
STU-14911,-1.4745775496316413,-0.23361468624157183,-0.3613249647448657,-0.4656423304807004,-1.259846394320754,-0.5054882077699776,-1.4529719870004953,0.0,1.0,0.0,1.0,0.0,0.0,0.0,3.61
STU-10960,-0.4334725044325135,0.08086072102575001,0.474009681940657,0.8471553600811365,-0.6953957641524178,0.4661688688744062,0.1962716299504426,1.0,0.0,0.0,0.0,0.0,0.0,1.0,4.98
STU-10689,-0.6937487657322955,0.45251347506894884,1.3972223233720547,0.5818026353931052,0.1729342973469531,0.35088752079795343,0.614690843880588,1.0,0.0,0.0,0.0,1.0,0.0,0.0,4.63
STU-14852,-0.1731962431327315,0.9017640568794091,0.0657225939921197,-0.35391486745416106,-0.5070049528046741,0.3014812287651885,-0.7902203853739148,1.0,0.0,0.0,1.0,0.0,0.0,0.0,4.2
STU-12737,0.08708001816705048,0.7690309304354095,0.8916770052834183,-1.9599971484606635,1.0585876518438173,1.511935383567937,-1.361347341614332,1.0,0.0,0.0,0.0,1.0,0.0,0.0,4.34
STU-13404,1.6487375859657423,-0.6134356326813246,-1.2262814074121429,-0.7030631894120962,0.5720918401642034,-1.444207756392517,-0.7810579208352986,0.0,1.0,0.0,0.0,0.0,0.0,1.0,4.47
STU-11485,-0.9540250270320775,-0.5583003340045861,-1.020903621938634,-0.5215060619939701,-1.2988238035651143,0.7049659470327716,-0.7871662305277093,0.0,1.0,0.0,0.0,0.0,1.0,0.0,2.87
STU-11178,0.6076325407666144,-0.5378798530132016,-1.0989076846905923,0.5818026353931052,-0.8448091662558013,0.02151224057951886,2.5620963276923314,0.0,1.0,1.0,0.0,0.0,0.0,0.0,4.31
STU-14613,-1.2143012883318594,-0.19889986855621813,-1.7071418955159838,-0.772892853803683,0.1729342973469531,-0.1514097815351595,1.3110381488154284,1.0,0.0,0.0,0.0,1.0,0.0,0.0,2.59
STU-11696,1.3884613246659603,-1.8080337706773206,0.11262377096323296,-1.1499730415182536,-2.226341782805922,-0.8760353980157165,-0.3718011714437695,0.0,1.0,0.0,1.0,0.0,0.0,0.0,3.09
STU-12164,0.8679088020663964,1.2468701856338074,0.731719306981935,-0.8147906524386356,1.0585876518438173,-0.8183947239774908,2.040981157058529,0.0,1.0,0.0,0.0,0.0,1.0,0.0,4.93
STU-11377,-0.1731962431327315,0.6996012950647017,-0.006850806163184072,0.8750872258377707,-0.5142229915536304,0.9519974071965978,0.4955788048785759,1.0,0.0,0.0,0.0,1.0,0.0,0.0,4.64
STU-14598,-1.2143012883318594,0.4137145611853183,-0.1302749560871678,1.4476904738487846,-0.0883587053652436,0.6473252729945452,1.1125180838120752,1.0,0.0,0.0,0.0,0.0,1.0,0.0,5.37
STU-14485,0.6076325407666144,0.8425446620043934,0.8650173888998368,-0.17235774003603488,-0.383576490197532,-0.7689884319447252,-1.0803650957634316,0.0,1.0,0.0,1.0,0.0,0.0,0.0,4.77
STU-11929,1.1281850633661783,-0.20911010905191055,-2.614556245757112,-0.7170291222904134,0.1729342973469531,2.3765454941413293,-0.778003765989093,0.0,1.0,1.0,0.0,0.0,0.0,0.0,3.46
STU-14822,-0.1731962431327315,0.9528152593578705,1.5048481821057689,1.056644353255897,1.0585876518438173,0.9108254971692927,-0.4115051844444402,1.0,0.0,0.0,0.0,0.0,1.0,0.0,5.69
STU-12423,-0.4334725044325135,-0.5460480454097556,1.5048481821057689,0.03713125313872672,1.0585876518438173,-0.9336760720539429,0.15962177179597728,1.0,0.0,0.0,0.0,1.0,0.0,0.0,4.17
STU-13876,1.1281850633661783,1.8799050963667288,1.5048481821057689,0.10696091753031352,1.0585876518438173,-0.044362815464168204,0.38562923041518,1.0,0.0,0.0,1.0,0.0,0.0,0.0,4.59
STU-10355,-0.1731962431327315,1.779844739508944,0.912412262470647,1.7968387958067198,1.0585876518438173,-0.950144836064865,0.6513407020350531,1.0,0.0,0.0,1.0,0.0,0.0,0.0,5.03
STU-10941,-0.6937487657322955,-1.626291489853998,-0.8046645112718147,-0.8147906524386356,-0.47091475905989555,-0.5960664098300468,0.3428710625683039,0.0,1.0,0.0,0.0,0.0,1.0,0.0,2.99
STU-10730,0.08708001816705048,0.49948058134913337,0.12940945535289353,0.4561092394882487,1.0585876518438173,-0.3572693316716814,2.346396641679073,0.0,1.0,0.0,0.0,0.0,0.0,1.0,4.3
STU-10223,0.6076325407666144,1.853358471077929,1.5048481821057689,1.7968387958067198,1.0585876518438173,0.18619988068873652,0.8437524573459961,0.0,1.0,1.0,0.0,0.0,0.0,0.0,5.85
STU-14173,-0.1731962431327315,0.015515181853319404,0.41772826957531967,0.1907565148002174,0.10508473310676966,-0.5301913537863597,-1.4560261418467009,0.0,1.0,0.0,0.0,0.0,0.0,1.0,5.19
STU-10721,1.9090138472655243,-0.345927331694187,0.5974338318646407,0.40024550797497904,1.0585876518438173,-0.8183947239774908,-0.7505163723732441,1.0,0.0,0.0,1.0,0.0,0.0,0.0,4.42
STU-11340,0.6076325407666144,-0.023283732030311134,0.6290304142451799,0.5818026353931052,0.5807534866629496,-0.5137225897754384,-0.1580103322093886,1.0,0.0,0.0,1.0,0.0,0.0,0.0,5.25
STU-10781,0.08708001816705048,-0.8972803184615697,-0.5667027502183745,-0.4935741962373346,-0.3907945289464873,-0.9007385440320993,1.2621716712761413,1.0,0.0,0.0,0.0,0.0,0.0,1.0,3.69
STU-14310,-0.4334725044325135,-1.7181836543152287,-1.0130044763434993,-1.3315301689363799,-1.2656208253199186,0.16149673467235368,-1.727845923158985,0.0,1.0,1.0,0.0,0.0,0.0,0.0,3.09
STU-13245,0.34735627946683245,-1.0095929639141847,-0.5844758278074274,-0.17235774003603488,-0.239215715218418,0.005043476568596729,-0.43899257806028913,0.0,1.0,0.0,0.0,1.0,0.0,0.0,3.43
STU-13712,-0.9540250270320775,-0.1335543293837875,-0.3445392803552037,0.1767905819219003,-0.2103435602225948,0.27677808274880566,2.5620963276923314,0.0,1.0,0.0,0.0,0.0,0.0,1.0,3.85
STU-11966,-0.4334725044325135,-0.7216641819356626,0.03758188780945035,-0.605301659263874,0.9510388744843777,0.5896845989563189,-1.2911017801516071,1.0,0.0,0.0,0.0,0.0,1.0,0.0,4.7
STU-13046,-0.6937487657322955,-0.578720814995971,-2.837830532969599,-2.0437927457305674,-1.3385230166843705,-0.34080056766076,-0.7596788369118603,1.0,0.0,0.0,1.0,0.0,0.0,0.0,2.49
STU-13878,0.8679088020663964,-1.2423864472159685,-1.146302558261401,-1.4432576319629191,-1.11548561934164,1.0508099912621276,-1.526271703309426,0.0,1.0,0.0,0.0,0.0,0.0,1.0,3.76
STU-12575,-0.4334725044325135,0.4668078117629181,0.0657225939921197,1.7968387958067198,0.245836488711405,-0.5301913537863597,-0.9368198179917759,1.0,0.0,0.0,0.0,0.0,1.0,0.0,4.81
STU-14891,-0.4334725044325135,-1.1770409080435382,1.3527896293994204,-0.8706543839519053,1.0585876518438173,0.7132003290382323,2.5620963276923314,1.0,0.0,0.0,0.0,1.0,0.0,0.0,4.67
STU-14665,-1.4745775496316413,-0.9483315209400311,-1.1561764902553207,-0.8427225181952698,-0.3907945289464873,-2.5558493271297356,-0.3504220875203313,0.0,1.0,0.0,0.0,0.0,0.0,1.0,3.24
STU-10690,2.559704500514979,-0.8258086349917237,-1.1334664466693072,-0.8008247195603185,-0.5402079310498709,-0.43137876972082917,-1.4804593806163444,1.0,0.0,0.0,0.0,0.0,0.0,1.0,3.04
STU-10531,-0.9540250270320775,-1.3628672850651373,-0.7217234825228973,-2.1415542758787898,-2.5294994102620616,-1.2877544982887603,1.1094639289658692,1.0,0.0,0.0,0.0,1.0,0.0,0.0,1.58
STU-13733,-1.4745775496316413,0.00938903755590417,-0.07794311651939859,0.3304158435833922,-0.7682979555168707,-0.4478475337317513,-0.65278341729467,0.0,1.0,0.0,0.0,1.0,0.0,0.0,3.56
STU-12911,0.8679088020663964,0.440261186474118,1.3182308674207055,0.3164499107050751,0.9358809931115701,0.9025911151638321,0.5566619018026848,1.0,0.0,0.0,0.0,0.0,1.0,0.0,5.12
STU-12694,-0.6937487657322955,0.3769576954008262,-0.9320382339933666,0.023165320260409614,0.35988150094490495,1.2319663953822673,-1.7309000780051904,1.0,0.0,1.0,0.0,0.0,0.0,0.0,3.92
STU-12843,0.08708001816705048,-0.7237062300348011,-2.0981496024751642,-0.6192675921421923,0.1729342973469531,-0.4972538257645162,-0.723028978757395,0.0,1.0,0.0,0.0,0.0,0.0,1.0,2.26
STU-11959,0.6076325407666144,-1.3220263230823683,-0.8915551128182988,-1.5549850949894586,-1.3666733678052978,-0.5137225897754384,-1.2452894574585254,1.0,0.0,0.0,0.0,1.0,0.0,0.0,2.91
STU-11479,-0.6937487657322955,0.7547365937414402,-0.2319764556245305,-0.9404840483434921,0.5013550604244372,0.9190598791747534,0.2543005720283461,1.0,0.0,0.0,0.0,0.0,0.0,1.0,4.25
STU-13252,-1.2143012883318594,1.154978021172577,0.6695135354202476,0.023165320260409614,1.0585876518438173,0.943763025191137,0.14129684271874476,1.0,0.0,0.0,1.0,0.0,0.0,0.0,4.9
STU-14695,0.08708001816705048,1.0896324820001466,1.5048481821057689,0.6097345011497406,1.0585876518438173,-0.7607540499392644,0.8406983024997907,0.0,1.0,0.0,1.0,0.0,0.0,0.0,5.64
STU-11213,-1.4745775496316413,-0.17031119516828,0.09880026617174673,-0.5494379277506043,-0.46874934743520874,2.0883421239501976,0.33676275287589286,1.0,0.0,1.0,0.0,0.0,0.0,0.0,4.51
STU-12050,0.34735627946683245,-0.731874422431355,-0.4067450519168911,-1.2198027059098404,-0.724267919148241,0.6308565089836231,0.6360699278040262,1.0,0.0,0.0,1.0,0.0,0.0,0.0,3.61
STU-12957,-1.4745775496316413,-0.35817962028901784,-1.046575845122823,-1.345496101814697,-1.5810491186492825,-0.3737380956826035,0.04967219733258158,1.0,0.0,1.0,0.0,0.0,0.0,0.0,3.36
STU-10954,-1.4745775496316413,0.2299302322628573,-1.6330874055615936,1.5314860711186886,-1.5413499055300264,0.6884971830218495,-0.8360327080669964,0.0,1.0,0.0,1.0,0.0,0.0,0.0,3.96
STU-14044,-1.4745775496316413,2.1964225517331895,0.4048921579832258,-0.6471994578988266,1.0585876518438173,-0.31609742164437715,-0.12136047405492326,1.0,0.0,0.0,0.0,0.0,0.0,1.0,4.69
STU-14633,0.34735627946683245,1.2284917527415613,1.5048481821057689,1.7968387958067198,0.09497947885823164,-0.5631288818082033,1.7966487693620934,1.0,0.0,0.0,0.0,1.0,0.0,0.0,5.16
STU-10032,-1.4745775496316413,-0.023283732030311134,0.29035454685376927,0.21868838055685288,-0.9747338637370037,1.0837475192839718,0.055780507024992335,1.0,0.0,0.0,0.0,0.0,0.0,1.0,3.45
STU-13265,-0.1731962431327315,1.3734771677803919,1.4683146337282693,0.4700751723665658,-1.8055301237418047,-0.003190905436863971,0.22070486872008616,1.0,0.0,1.0,0.0,0.0,0.0,0.0,4.55
STU-12774,-1.4745775496316413,0.1359960197024882,-0.9359878067909333,-2.099656477243837,0.7164526151433174,1.470763473540632,-1.055931856993788,1.0,0.0,0.0,0.0,0.0,0.0,1.0,4.26
STU-10335,-0.4334725044325135,-0.35817962028901784,-0.27443436319838016,-1.177904907274888,-1.260568198195649,1.5284041475788583,-1.0009570697620902,1.0,0.0,0.0,0.0,0.0,0.0,1.0,4.09
STU-14735,0.08708001816705048,-0.705327797142555,-0.40871983831567443,0.7773256956895485,0.13828771135196544,-0.21728483757884656,0.6849364053433133,0.0,1.0,0.0,0.0,0.0,0.0,1.0,3.61
STU-14356,-0.6937487657322955,0.09311300962058085,0.10077505257053007,0.3304158435833922,-0.5293808729264369,0.05444976860136239,1.0941931547348422,1.0,0.0,0.0,0.0,1.0,0.0,0.0,4.49
STU-14102,0.8679088020663964,-0.14784866607775676,0.7919502921448389,-0.9963477798567617,1.0585876518438173,-0.7607540499392644,-1.2239103735350871,0.0,1.0,0.0,0.0,0.0,0.0,1.0,3.66
STU-10451,-0.6937487657322955,0.1645846930904267,1.0230003008025368,-0.27011927018425713,0.24150566546203245,-0.6290039378518903,-1.2025312896116493,1.0,0.0,0.0,0.0,0.0,0.0,1.0,4.3
STU-14669,0.34735627946683245,1.542967160008884,0.5766985746774107,0.023165320260409614,1.0585876518438173,-1.5677234864744307,0.41617077887723425,1.0,0.0,0.0,0.0,0.0,0.0,1.0,5.0
STU-10343,1.1281850633661783,0.7853673152285171,0.07806500898451668,0.023165320260409614,1.0181666348496652,-0.5631288818082033,0.0008057197932944839,1.0,0.0,1.0,0.0,0.0,0.0,0.0,4.59
STU-13461,1.6487375859657423,0.5668681686207024,1.0980421839563181,0.26058617919180543,1.0585876518438173,0.8284816771146842,-0.3412596229817149,1.0,0.0,0.0,1.0,0.0,0.0,0.0,5.65
STU-11464,-0.6937487657322955,1.1202632034872237,1.027937266799496,-0.9823818469784447,-0.35109531582723114,-0.9336760720539429,-0.2160392742872918,1.0,0.0,0.0,0.0,1.0,0.0,0.0,3.83
STU-10469,-1.4745775496316413,-1.360825236965999,-1.3437811981397751,-0.7868587866820002,-2.211905705308011,-0.15964416354062091,0.1474051524111555,0.0,1.0,0.0,0.0,0.0,0.0,1.0,3.18
STU-11632,-1.4745775496316413,-0.1723532432674184,-0.6081732645928332,-0.3259830016975256,-0.4636967203109402,0.6884971830218495,0.3153836689524547,0.0,1.0,0.0,0.0,0.0,1.0,0.0,4.15
STU-13963,-0.6937487657322955,2.595387699102364,1.4080836485653652,1.7968387958067198,1.0585876518438173,-1.0077855101030906,2.5620963276923314,0.0,1.0,0.0,0.0,0.0,0.0,1.0,5.72
STU-11684,-1.4745775496316413,0.907890201176824,0.49573233232727804,1.3638948765788808,1.0585876518438173,-0.8266291059829515,-0.9765238309924467,1.0,0.0,0.0,1.0,0.0,0.0,0.0,4.81
STU-12133,0.08708001816705048,-2.2695366410826114,-1.0821220003009304,-1.4292916990846007,-1.905860862352289,-1.2877544982887603,-0.9979029149158848,1.0,0.0,0.0,1.0,0.0,0.0,0.0,1.59
STU-12172,0.8679088020663964,0.8037457481207632,0.7475175981722045,-1.345496101814697,1.0585876518438173,0.04621538659590096,-0.5642129267547122,1.0,0.0,0.0,0.0,1.0,0.0,0.0,4.36
STU-14374,0.8679088020663964,0.7016433431638405,1.1671597079137492,-1.1360071086399353,1.0585876518438173,-1.6665360705399606,-0.9551447470690086,0.0,1.0,0.0,0.0,0.0,1.0,0.0,4.68
STU-12123,0.34735627946683245,-0.4970388910304327,1.5048481821057689,-0.6471994578988266,-0.621049965038174,-0.6207695558464297,-0.2649057518265789,1.0,0.0,0.0,0.0,1.0,0.0,0.0,3.36
STU-12763,-1.4745775496316413,-0.18664757996138764,0.33577463402579466,-1.4013598333279667,0.1729342973469531,0.03798100459044026,2.089847634597816,1.0,0.0,0.0,0.0,1.0,0.0,0.0,3.91
STU-12016,2.559704500514979,0.40146227259048745,1.5048481821057689,0.9169850244727232,1.0585876518438173,1.4131227995024072,1.4668000459719057,0.0,1.0,0.0,0.0,0.0,1.0,0.0,5.16
STU-12803,0.6076325407666144,-0.09271336740101857,0.775164607755177,0.7354278970545971,0.1729342973469531,-0.2913942756279943,-0.44510088775269985,1.0,0.0,1.0,0.0,0.0,0.0,0.0,4.27
STU-13558,0.6076325407666144,1.4081919854657459,1.1434622711283449,1.2800992793089756,1.0585876518438173,-0.8101603419720301,2.5620963276923314,1.0,0.0,0.0,0.0,0.0,0.0,1.0,6.53
STU-10831,-0.4334725044325135,-0.0416621649225572,1.0121389756092263,0.051097186017043834,-0.10856921386231964,-1.7571142726000304,1.6928075045911084,1.0,0.0,0.0,0.0,0.0,0.0,1.0,4.7
STU-13988,-0.6937487657322955,-2.0898364083584275,-0.4551273186870922,-1.094109310004984,0.1729342973469531,2.2365610000484946,-0.4573175071375216,1.0,0.0,0.0,0.0,0.0,0.0,1.0,2.44
STU-11998,2.559704500514979,0.14824830829731903,-0.2734469699989892,0.8611212929594536,-1.5341318667810706,-0.3572693316716814,-0.6161335591402047,0.0,1.0,1.0,0.0,0.0,0.0,0.0,3.58
STU-14295,-1.2143012883318594,-0.21932034954760296,1.5048481821057689,-0.8287565853169527,1.0585876518438173,0.38382504881979695,-1.0803650957634316,0.0,1.0,0.0,1.0,0.0,0.0,0.0,4.41
STU-13945,0.34735627946683245,-0.05391445351738803,0.8087359765345009,-0.2002896057926691,1.0585876518438173,-0.7195821399119602,-0.22825589367211357,0.0,1.0,0.0,0.0,1.0,0.0,0.0,4.6
STU-14290,0.8679088020663964,0.8731753834914706,0.8136729425314599,0.023165320260409614,1.0585876518438173,-0.5219569717808991,-1.4102138191536193,1.0,0.0,0.0,0.0,0.0,1.0,0.0,4.98
STU-11925,-0.9540250270320775,-0.06208264591394167,-0.6940764729399249,-0.2980511359408914,0.21046809884152246,-0.1514097815351595,0.33981690772209827,1.0,0.0,0.0,0.0,0.0,1.0,0.0,4.39
STU-13280,1.6487375859657423,0.9140163454742396,-0.29418222718621784,-0.14442587427939943,1.0585876518438173,-1.9959113507583959,1.4606917362794951,0.0,1.0,0.0,0.0,0.0,0.0,1.0,4.22
STU-10011,0.08708001816705048,-1.873379309849751,-2.837830532969599,-1.1360071086399353,-0.971846648237421,1.1249194293112754,-0.6314043333712318,1.0,0.0,0.0,0.0,0.0,0.0,1.0,2.23
STU-10869,-0.4334725044325135,1.2632065704269155,-0.16582111126527507,1.4616564067271016,0.8088435111299505,-0.08553472549147244,-1.2513977671509362,0.0,1.0,0.0,0.0,0.0,0.0,1.0,6.17
STU-12058,0.6076325407666144,-1.2832274091987377,-1.836490404636319,-0.9963477798567617,-1.5168085737835773,1.511935383567937,-0.24963497759555175,1.0,0.0,0.0,0.0,1.0,0.0,0.0,2.51
STU-12912,2.1692901085653062,-0.04983035731911121,0.688274006208693,-0.27011927018425713,0.9120614652400164,-0.26669112961161223,-0.756624682065655,1.0,0.0,0.0,0.0,0.0,1.0,0.0,4.8
STU-10407,-0.1731962431327315,-0.7706733363149856,0.9844919660262539,-2.6984458494016956,-0.013291102376103864,1.7672012257372245,0.5597160566488902,1.0,0.0,0.0,1.0,0.0,0.0,0.0,3.54
STU-12684,0.8679088020663964,-1.2811853610995994,0.3940308327899153,-1.1360071086399353,1.0585876518438173,0.19443426269419722,-0.4512091974451109,1.0,0.0,0.0,1.0,0.0,0.0,0.0,4.36
STU-10246,-0.6937487657322955,-0.3602216683881562,-0.7839292540845861,-0.5634038606289227,-0.19951650209916183,-0.8925041620266386,0.5963659148033552,0.0,1.0,0.0,0.0,0.0,1.0,0.0,4.17
STU-10250,-0.1731962431327315,-2.083710264061012,-0.5548540318256715,-0.08856214276612975,-1.8048083198669094,0.19443426269419722,1.3599046263547154,1.0,0.0,0.0,0.0,1.0,0.0,0.0,3.97
STU-14631,0.34735627946683245,-0.43169335185800206,-0.4709256098773632,-0.6192675921421923,-0.7993355221373797,1.174325721344041,-0.8207619338359692,0.0,1.0,0.0,0.0,0.0,0.0,1.0,3.9
STU-10434,-0.6937487657322955,-0.6338561136727091,-0.6387824537739799,-1.3734279675713312,-2.079815596202121,1.6025135856280062,-0.1580103322093886,1.0,0.0,0.0,1.0,0.0,0.0,0.0,2.86
STU-13703,1.3884613246659603,-0.4419035923536945,1.5048481821057689,0.023165320260409614,0.483309963552048,0.6226221269781624,1.4270960329712354,0.0,1.0,0.0,0.0,1.0,0.0,0.0,4.51
STU-13724,-1.4745775496316413,1.212155367948454,-0.3613249647448657,-1.010313712735079,1.0585876518438173,0.3014812287651885,-0.6924874302953408,1.0,0.0,1.0,0.0,0.0,0.0,0.0,4.34
STU-11326,-0.4334725044325135,0.14008011590076538,-1.037689306328296,0.42817737373161324,0.16210723922351913,-0.4725506797481341,0.19321747510423723,0.0,1.0,0.0,0.0,0.0,0.0,1.0,4.27
STU-14661,1.3884613246659603,-0.4766184100390482,1.5048481821057689,0.42817737373161324,1.0585876518438173,-0.41491000570990777,0.25735472687455146,0.0,1.0,0.0,0.0,0.0,1.0,0.0,4.6
STU-11627,0.8679088020663964,-0.11517589649154145,0.0657225939921197,-0.9963477798567617,-0.7040574106511649,0.6143877449727017,-1.1964229799192385,1.0,0.0,0.0,0.0,1.0,0.0,0.0,3.27
STU-12306,1.6487375859657423,-0.023283732030311134,0.0657225939921197,-2.183452074513741,-1.6055904503957317,-0.2584567476061508,-0.5489421525236851,1.0,0.0,0.0,0.0,1.0,0.0,0.0,1.44
STU-12405,0.6076325407666144,-1.805991722578182,-1.859200448222331,1.1125080847691666,-1.9470036832213364,1.1990288673604246,1.347688006969894,0.0,1.0,0.0,0.0,1.0,0.0,0.0,5.05
STU-12139,0.8679088020663964,-1.2546387358107993,-1.0791598207027546,-1.8063718867991716,-1.8076955353664914,-1.7982861826273346,0.947593722116981,1.0,0.0,1.0,0.0,0.0,0.0,0.0,2.67
STU-11358,0.34735627946683245,-0.2519931191338179,1.1227270139411147,0.07902905177367806,-0.13094513398408247,-0.036128433458707504,2.5510250163748376,1.0,0.0,0.0,1.0,0.0,0.0,0.0,4.3
STU-10956,-1.2143012883318594,2.26176809090562,1.5048481821057689,0.34438177646170937,1.0585876518438173,0.7132003290382323,-0.24047251305693534,1.0,0.0,0.0,1.0,0.0,0.0,0.0,5.03
STU-12457,-0.1731962431327315,0.22176203986630327,0.254808391675662,0.07902905177367806,0.4991896487997505,1.676623023677154,0.3611959916455364,1.0,0.0,0.0,0.0,1.0,0.0,0.0,4.52
STU-10938,0.08708001816705048,-0.6910334604485857,1.4070962553659743,0.819223494324501,0.8016254723809941,-0.5548944998027425,0.35203352710692004,1.0,0.0,1.0,0.0,0.0,0.0,0.0,5.41
STU-14234,1.3884613246659603,-1.622207393655721,0.0657225939921197,-1.3734279675713312,-0.3265539840807815,0.6473252729945452,0.807102599191531,0.0,1.0,1.0,0.0,0.0,0.0,0.0,1.84
STU-11535,1.9090138472655243,-0.023283732030311134,0.001048339431950718,-1.8901674840690754,-0.9617413939888829,1.0672787552730505,2.175363970291568,0.0,1.0,0.0,0.0,0.0,1.0,0.0,3.42
STU-10222,0.34735627946683245,-2.1429296589360267,-0.7345595941149926,-0.9544499812218091,-0.2536517927163296,-1.2712857342778388,-1.514055083924604,1.0,0.0,0.0,0.0,0.0,1.0,0.0,2.21
STU-11859,-0.1731962431327315,1.4204442740605765,-0.19346812084824752,1.0845762190125323,1.0585876518438173,-0.3078630396389165,0.9292687930397483,0.0,1.0,0.0,0.0,0.0,1.0,0.0,5.18
STU-11717,0.08708001816705048,-0.6358981617718475,0.3002284788476874,-0.11649400852276522,-1.6799362495099754,1.0014036992293633,-1.269722696228169,1.0,0.0,0.0,0.0,1.0,0.0,0.0,3.41
STU-13844,0.6076325407666144,0.27893938664218026,0.14816992614134022,-1.177904907274888,-0.034945218622971785,-1.131301240185004,-0.054169067438403634,1.0,0.0,0.0,1.0,0.0,0.0,0.0,4.0
STU-10403,-0.9540250270320775,1.330594157698484,0.688274006208693,-0.5215060619939701,1.0585876518438173,-1.7159423625727261,-1.1994771347654438,1.0,0.0,0.0,0.0,1.0,0.0,0.0,4.02
STU-14294,-0.6937487657322955,-0.34796937979332543,-0.380085435533311,-0.8008247195603185,1.0585876518438173,1.9648263938682857,0.055780507024992335,0.0,1.0,0.0,0.0,0.0,0.0,1.0,5.01
STU-13642,0.08708001816705048,1.9370824431426057,1.2866342850401662,0.1907565148002174,1.0585876518438173,0.02151224057951886,-1.428538748230852,1.0,0.0,0.0,0.0,1.0,0.0,0.0,4.85
STU-14159,-1.4745775496316413,-0.2519931191338179,0.6043455842603831,-1.59688289362441,-0.5914560061674559,-0.40667562370444704,2.1142808733674596,0.0,1.0,0.0,0.0,0.0,0.0,1.0,3.26
STU-13801,0.34735627946683245,0.8384605658061165,0.9844919660262539,0.023165320260409614,1.0585876518438173,-1.9794425867474743,-0.8024370047587366,1.0,0.0,1.0,0.0,0.0,0.0,0.0,5.44
STU-11445,-1.4745775496316413,0.9936562213406394,1.2688612074511119,-0.5354719948722872,1.0585876518438173,-2.2100052829003785,-0.4145593392906456,1.0,0.0,1.0,0.0,0.0,0.0,0.0,5.08
STU-12410,-0.9540250270320775,-1.4180025837418757,-2.2462585823839447,-1.5829169607460927,-1.8777105112313617,0.5649814529399367,-0.2893389905962225,1.0,0.0,0.0,0.0,0.0,1.0,0.0,2.43
STU-10763,-0.4334725044325135,2.2964829085909733,-0.11447666489689823,1.7968387958067198,1.0585876518438173,0.6802628010163888,0.4528206370316996,0.0,1.0,0.0,0.0,0.0,0.0,1.0,6.32
STU-13533,-1.4745775496316413,0.7159376798578093,-0.3711988967387838,0.5818026353931052,-0.868628694127355,0.02151224057951886,-1.165881431457184,1.0,0.0,0.0,0.0,1.0,0.0,0.0,4.63
STU-13296,-0.6937487657322955,0.5321533509353487,-0.48277432827006467,1.0287124874992626,1.0585876518438173,0.22737179071604074,1.6866991948986978,1.0,0.0,1.0,0.0,0.0,0.0,0.0,5.18
STU-12894,1.3884613246659603,-1.1933772928366457,-0.20729162563973377,-0.2561533373059388,0.647881247028238,-0.45608191573721196,-0.7352455981422168,1.0,0.0,0.0,0.0,0.0,0.0,1.0,3.5
STU-10582,-0.4334725044325135,0.9385209226639012,-0.053258286534601844,1.5873498026319581,0.6291143462809529,-1.246582588261456,0.7704527410370654,0.0,1.0,0.0,0.0,0.0,1.0,0.0,5.13
STU-13500,-0.1731962431327315,-1.0994430802762767,-0.4956104398621599,-0.01873247837454296,-0.95091433586545,0.38382504881979695,-0.1580103322093886,0.0,1.0,0.0,0.0,0.0,0.0,1.0,3.71
STU-12433,1.6487375859657423,1.079422241504454,0.061279324594854724,0.03713125313872672,-0.19085485560041468,-0.5219569717808991,-0.3320971584430985,1.0,0.0,0.0,0.0,0.0,1.0,0.0,4.85
STU-14955,-0.4334725044325135,0.5484897357284564,1.476213779323404,0.5818026353931052,0.7705879057604852,-1.2712857342778388,-0.7016498948339571,1.0,0.0,0.0,0.0,0.0,0.0,1.0,5.18
STU-14679,0.08708001816705048,2.3883750730522038,1.5048481821057689,1.1264740176474837,1.0585876518438173,-0.3902068596935249,0.09243036517945766,1.0,0.0,1.0,0.0,0.0,0.0,0.0,5.74
STU-13169,1.1281850633661783,-0.023283732030311134,-1.2371427326054534,-1.2756664374231101,1.0585876518438173,0.5979189809617803,0.41617077887723425,0.0,1.0,0.0,0.0,1.0,0.0,0.0,2.76
STU-11412,0.8679088020663964,-0.021241683931172723,1.3656257409915156,-0.6332335250205094,0.01991187586909191,-0.9913167460921691,-0.44815504259890554,1.0,0.0,0.0,0.0,0.0,0.0,1.0,3.88
STU-12317,-0.4334725044325135,0.3095701081292571,-0.478824755472498,-0.08856214276612975,0.1729342973469531,1.643685495655311,2.5620963276923314,0.0,1.0,0.0,0.0,0.0,0.0,1.0,4.83
STU-11060,1.1281850633661783,1.6471116130649448,1.5048481821057689,0.023165320260409614,1.0585876518438173,0.8861223511529106,-1.2483436123047307,0.0,1.0,0.0,0.0,0.0,1.0,0.0,5.18
STU-14385,-1.4745775496316413,-1.4077923432461834,-1.0475632383222142,0.0929949846519964,-0.8108843841357096,2.1789203260102683,-0.5886461655243558,1.0,0.0,0.0,0.0,0.0,0.0,1.0,3.74
STU-13828,1.1281850633661783,-0.840102971685693,-0.5755892890129002,-1.4851554305978705,-2.125289240320542,-0.9583792180703257,-0.6222418688326155,1.0,0.0,0.0,0.0,0.0,1.0,0.0,2.62
STU-13248,-0.6937487657322955,-0.5521741897071709,-1.3882138921124094,0.10696091753031352,-1.6568385255133171,-1.246582588261456,1.5339914525884257,0.0,1.0,0.0,0.0,1.0,0.0,0.0,3.15
STU-12357,0.8679088020663964,-0.7890517692072316,0.731719306981935,-0.8427225181952698,-0.4983433063059269,0.3591219028034149,-0.42677595867546736,0.0,1.0,1.0,0.0,0.0,0.0,0.0,4.57
STU-13520,-0.4334725044325135,-0.6399822579701244,0.6389043462390994,-0.07459620988781264,-0.28613296708662944,0.5320439249180933,0.3611959916455364,1.0,0.0,0.0,0.0,0.0,0.0,1.0,3.99
STU-10419,-1.2143012883318594,-0.41944106326317127,-0.8737820352292459,-1.2058367730315234,1.0585876518438173,0.35088752079795343,-0.8574117919904346,1.0,0.0,0.0,0.0,0.0,0.0,1.0,4.13
STU-12020,-0.4334725044325135,1.7226673927330678,0.736656272978894,1.6990772656584976,1.0585876518438173,1.742498079720841,-0.43899257806028913,1.0,0.0,0.0,1.0,0.0,0.0,0.0,5.65
STU-13435,-1.4745775496316413,1.522546679017499,1.5048481821057689,0.21868838055685288,0.1924230019691332,0.6308565089836231,-0.7169206690649842,1.0,0.0,0.0,0.0,0.0,0.0,1.0,4.29
STU-12526,0.8679088020663964,0.8405026139052553,0.7485049913715969,0.6376663669063749,0.1729342973469531,-0.21728483757884656,0.5352828178792466,1.0,0.0,1.0,0.0,0.0,0.0,0.0,5.49
STU-11431,1.9090138472655243,-0.004905299138065071,-1.8355030114369266,-1.778440021042536,0.7388285352650792,2.0389358319174335,-1.1994771347654438,1.0,0.0,0.0,0.0,1.0,0.0,0.0,3.08
STU-14371,0.08708001816705048,-1.1933772928366457,-1.4494322704747058,-2.1974180073920593,-2.1613794340653207,0.04621538659590096,-0.3718011714437695,0.0,1.0,0.0,0.0,0.0,0.0,1.0,2.39
STU-10270,0.08708001816705048,-1.5609459506815675,1.2629368482547605,-0.8566884510735882,-2.2422214680536245,0.9108254971692927,-0.32904300359689315,0.0,1.0,0.0,0.0,0.0,0.0,1.0,3.21
STU-11124,-0.1731962431327315,0.42800889787928753,0.9489458108481467,-0.4656423304807004,0.05094944248960191,-0.3737380956826035,1.7386198272841902,1.0,0.0,0.0,0.0,0.0,1.0,0.0,4.38
STU-10852,-1.4745775496316413,1.351014638689869,0.19655219291154133,1.5454520039970068,1.0585876518438173,0.18619988068873652,1.0544891417341713,0.0,1.0,0.0,0.0,1.0,0.0,0.0,5.42
STU-10901,0.08708001816705048,-1.0402236854012616,-0.4442659934937817,0.3304158435833922,0.15849821984904147,2.458889314195938,-1.187260515380622,0.0,1.0,0.0,0.0,0.0,1.0,0.0,5.58
STU-13491,0.34735627946683245,1.0630858567113468,0.16298082413221743,0.7633597628112313,1.0585876518438173,-1.2712857342778388,0.33065444318348214,0.0,1.0,0.0,0.0,0.0,0.0,1.0,4.48
STU-14751,-0.1731962431327315,0.6567182849827943,0.6438413122360584,0.6097345011497406,-0.003907652002461781,0.9355286431856763,0.040509732793965185,1.0,0.0,0.0,1.0,0.0,0.0,0.0,5.04
STU-14014,1.3884613246659603,-0.8013040578020625,-0.7335722009156003,0.051097186017043834,0.1729342973469531,-0.9007385440320993,-0.7932745402201201,1.0,0.0,0.0,0.0,1.0,0.0,0.0,3.09
STU-10593,-0.1731962431327315,1.3408043981941766,0.3831695075966048,1.3638948765788808,1.0585876518438173,-1.3700983183433695,-0.1580103322093886,0.0,1.0,0.0,0.0,0.0,1.0,0.0,4.91
STU-11687,0.34735627946683245,-1.2607648801082145,-1.0278153743343779,-0.9265181154651749,-1.6243573511430167,0.013277858574057428,-0.500075674984398,1.0,0.0,0.0,0.0,0.0,0.0,1.0,2.19
STU-13121,-0.1731962431327315,-1.0953589840779998,-1.814767754249698,-2.6984458494016956,-1.1003277379688325,0.17796549868327508,-1.0803650957634316,1.0,0.0,0.0,0.0,0.0,0.0,1.0,2.84
STU-11498,-1.4745775496316413,0.2074677031723344,-1.6972679635220658,0.051097186017043834,0.17221249347205714,0.43323134085256265,1.5981287043587402,1.0,0.0,0.0,0.0,0.0,1.0,0.0,3.69
STU-10510,1.3884613246659603,1.5838081219916529,1.174071460309493,1.0147465546209455,1.0585876518438173,-1.3206920263106037,-0.8146536241435584,0.0,1.0,1.0,0.0,0.0,0.0,0.0,5.89
STU-14183,0.34735627946683245,1.5695137852976837,1.5048481821057689,0.26058617919180543,0.5980767796604439,1.3719508894751022,-0.7199748239111896,1.0,0.0,0.0,1.0,0.0,0.0,0.0,5.13
STU-13581,-0.4334725044325135,0.3463269739137493,0.11163637776384058,-1.778440021042536,1.0585876518438173,-1.1148324761740818,-1.4346470579232629,1.0,0.0,0.0,1.0,0.0,0.0,0.0,3.09
STU-12129,0.34735627946683245,-1.2444284953151072,-1.1166807622796453,0.6376663669063749,-0.28324575158704773,-0.003190905436863971,0.7215862634977783,1.0,0.0,1.0,0.0,0.0,0.0,0.0,3.19
STU-10390,0.6076325407666144,0.49948058134913337,-0.5647279638195897,0.24662024631348708,1.0585876518438173,1.6519198776607718,-1.0773109409172261,0.0,1.0,0.0,0.0,0.0,0.0,1.0,4.61
STU-10574,-0.1731962431327315,0.3565372144094413,-0.25369910601115153,-0.38184673321079526,0.4132949876871778,-0.019659669447785372,0.7368570377288057,1.0,0.0,0.0,0.0,1.0,0.0,0.0,4.49
STU-12767,-0.9540250270320775,-1.4159605356427374,-0.2171655576336519,-0.17235774003603488,-0.25581720434101535,-0.3078630396389165,0.8620773864232288,0.0,1.0,1.0,0.0,0.0,0.0,0.0,4.08
STU-11937,0.08708001816705048,-0.023283732030311134,0.3377494204245794,0.21868838055685288,-0.30056904458454103,-1.452442138397978,0.3764667658765636,1.0,0.0,0.0,0.0,0.0,0.0,1.0,4.77
STU-14010,-0.9540250270320775,1.0079505580346086,-0.8915551128182988,1.7968387958067198,1.0585876518438173,-0.4807850617535948,-0.8238160886821746,1.0,0.0,0.0,0.0,0.0,0.0,1.0,4.61
STU-14848,-0.9540250270320775,-0.5562582859054477,0.12249770295715111,-1.024279645613396,-0.21467438347196835,-1.584192250485352,0.10159282971807405,0.0,1.0,0.0,0.0,1.0,0.0,0.0,4.19
STU-14011,0.34735627946683245,-1.2566807839099379,-0.32182923676919034,-0.4516763976023833,-0.7423130160206303,-1.0489574201303948,-0.5245089137540415,0.0,1.0,0.0,1.0,0.0,0.0,0.0,3.77
STU-11150,-0.4334725044325135,0.2952757714352879,0.9825171796274691,0.9309509573510404,-0.0002986326279841358,0.5896845989563189,1.784432149977272,0.0,1.0,0.0,0.0,0.0,0.0,1.0,5.96
STU-13651,0.34735627946683245,1.4429068031510992,-1.8522886958265885,-0.6471994578988266,1.0585876518438173,0.27677808274880566,-0.24658082274934637,1.0,0.0,1.0,0.0,0.0,0.0,0.0,4.74
STU-14882,0.8679088020663964,1.5940183624873454,1.217516761082735,1.7968387958067198,1.0585876518438173,-0.2913942756279943,-0.8024370047587366,1.0,0.0,0.0,1.0,0.0,0.0,0.0,5.05
STU-13794,0.34735627946683245,0.4729339560603333,-0.1342245288847345,-1.5689510278677756,1.0585876518438173,-0.45608191573721196,0.0679971264098141,1.0,0.0,0.0,0.0,1.0,0.0,0.0,3.99
STU-10494,-1.4745775496316413,-1.1811250042418149,-0.03548520894554751,-0.5075401291156529,-1.84378572911127,-0.6701758478791946,-0.603916939755383,1.0,0.0,1.0,0.0,0.0,0.0,0.0,2.97
STU-10435,1.3884613246659603,0.5362374471336255,0.19161522691458227,0.23265431343516998,-0.9826737063608549,0.9767005532129798,-0.6497292624484644,1.0,0.0,0.0,0.0,0.0,0.0,1.0,4.41
STU-13045,-0.9540250270320775,-0.023283732030311134,0.35058553201667325,-0.14442587427939943,0.411129576062491,-0.07730034348601174,-1.0712026312248153,1.0,0.0,0.0,0.0,0.0,0.0,1.0,4.3
STU-13425,0.08708001816705048,-1.5609459506815675,0.4503122451552512,1.3918267423355148,-0.36841860882472444,1.7507324617263031,-0.7138665142187788,1.0,0.0,0.0,0.0,0.0,1.0,0.0,4.58
STU-11146,0.34735627946683245,-0.15805890657344918,-0.9320382339933666,0.567836702514788,0.9286629543626148,-0.3490349496662207,0.5047412694171921,0.0,1.0,0.0,0.0,0.0,0.0,1.0,4.21
STU-12411,0.08708001816705048,1.9248301545477744,0.6586522102269371,-0.08856214276612975,1.0585876518438173,0.8696535871419893,-0.6375126430636426,1.0,0.0,0.0,1.0,0.0,0.0,0.0,5.95
STU-13476,0.8679088020663964,0.8486708063018089,0.7840511465497042,-0.3120170688192085,1.0585876518438173,-0.9666136000757863,-0.36874701659756387,0.0,1.0,0.0,0.0,0.0,1.0,0.0,4.37
STU-13130,-1.2143012883318594,-0.5501321416080325,0.0657225939921197,0.6795641655413275,-0.41533586069293693,-0.7689884319447252,0.10464698456427943,0.0,1.0,0.0,0.0,0.0,0.0,1.0,3.9
STU-13931,0.34735627946683245,-2.2695366410826114,-1.6577722355463904,-1.7365422224075848,-2.3093492284189123,-0.8513322519993344,1.4393126523560569,0.0,1.0,0.0,0.0,0.0,0.0,1.0,2.38
STU-13115,-1.2143012883318594,0.10128120201713449,-0.4284677023035121,-0.6751313236554608,-0.20962175634769883,0.943763025191137,0.10464698456427943,1.0,0.0,1.0,0.0,0.0,0.0,0.0,3.66
STU-10294,-0.9540250270320775,0.5484897357284564,0.40390476478383347,0.009199387382091261,1.0585876518438173,1.5860448216170848,-1.187260515380622,0.0,1.0,0.0,0.0,1.0,0.0,0.0,4.82
STU-14185,-0.9540250270320775,0.6077091306034713,-0.7000008321362763,-1.6108488265027283,0.4197912225612382,1.7507324617263031,0.3642501464917418,1.0,0.0,0.0,0.0,0.0,0.0,1.0,4.08
STU-11784,0.08708001816705048,-0.9401633285434774,-1.541259838018149,0.009199387382091261,0.47753553255288356,1.149622575327659,-1.2575060768433473,0.0,1.0,0.0,1.0,0.0,0.0,0.0,3.89
STU-11157,0.08708001816705048,-1.3812457179573836,-0.9567230639781633,0.8052575614461839,-1.8481165523606435,-0.22551921958430726,-0.8238160886821746,1.0,0.0,0.0,0.0,0.0,0.0,1.0,3.08
STU-12760,-0.1731962431327315,-0.023283732030311134,-0.543992706632361,-1.2477345716664747,1.0585876518438173,-1.0901293301576997,-0.2160392742872918,0.0,1.0,0.0,0.0,0.0,0.0,1.0,3.88
STU-13823,-1.4745775496316413,0.7016433431638405,0.8225594813259871,1.0287124874992626,0.40752055668801335,-0.678410229884656,-1.5995714196183566,1.0,0.0,0.0,0.0,0.0,1.0,0.0,3.97
STU-11147,-1.4745775496316413,0.5015226294482718,0.0657225939921197,0.8052575614461839,0.11591179123020261,2.121279651972042,-1.4651886063853174,1.0,0.0,0.0,0.0,0.0,1.0,0.0,4.89
STU-11063,-0.4334725044325135,-0.3193807064053869,0.49079536633031895,-0.9823818469784447,0.3894754598156241,-0.7360509039228816,2.276151080216348,0.0,1.0,0.0,0.0,0.0,1.0,0.0,3.7
STU-10491,0.6076325407666144,-0.43169335185800206,-0.5548540318256715,-2.4627707320800893,-0.548147773673722,-1.4606765204034386,-0.7047040496801625,1.0,0.0,0.0,0.0,1.0,0.0,0.0,3.48
STU-10746,1.3884613246659603,-0.4031046784700636,-1.6153143279725393,-0.5773697935072397,0.017746464244405114,-0.7113477579064995,-1.1414481926875404,1.0,0.0,1.0,0.0,0.0,0.0,0.0,3.65
STU-11923,1.1281850633661783,-0.7339164705304935,-1.0880463594972818,-0.3120170688192085,-0.5098921683042568,1.7672012257372245,-0.3718011714437695,1.0,0.0,0.0,0.0,1.0,0.0,0.0,3.53
STU-10815,-1.4745775496316413,2.4006273616470346,0.0657225939921197,0.38627957509666194,1.0585876518438173,0.5732158349453974,1.3446338521236885,1.0,0.0,0.0,0.0,0.0,1.0,0.0,6.14
STU-12060,-1.4745775496316413,-1.2525966877116608,-0.8994542584134336,-1.6527466251376797,-0.682403294404298,0.8861223511529106,-0.8787908759138726,1.0,0.0,0.0,0.0,1.0,0.0,0.0,3.33
STU-11930,-0.4334725044325135,-0.8564393564788007,0.08201458178208478,0.023165320260409614,-0.8217114422591425,0.6143877449727017,0.2023799396428536,1.0,0.0,1.0,0.0,0.0,0.0,0.0,3.56
STU-12658,1.1281850633661783,1.3101736767071,0.004010519030126439,0.34438177646170937,1.0585876518438173,-1.4112702283706737,-1.2605602316895528,0.0,1.0,1.0,0.0,0.0,0.0,0.0,3.76
STU-10790,-1.2143012883318594,1.4204442740605765,1.5048481821057689,0.009199387382091261,1.0585876518438173,0.36735628480887556,1.0086768190410897,1.0,0.0,0.0,0.0,1.0,0.0,0.0,4.72
STU-11849,-0.6937487657322955,-0.7175800857373859,-0.9419121659872847,-0.22822147154930458,-0.9646286094884657,0.8120129131037629,0.9537020318093918,0.0,1.0,0.0,0.0,0.0,1.0,0.0,4.16
STU-12070,-0.1731962431327315,1.1876507907587925,1.4238819397556362,1.7968387958067198,1.0585876518438173,-0.1267066355187774,-0.11219800951630686,0.0,1.0,0.0,0.0,0.0,1.0,0.0,6.45
STU-14782,-0.9540250270320775,-1.383287766056522,-0.3238040231679737,-1.024279645613396,0.4616558473051811,-0.6948789938955774,-0.7505163723732441,1.0,0.0,0.0,1.0,0.0,0.0,0.0,3.67
STU-13614,0.34735627946683245,0.867049239194055,-0.21617816443426094,0.10696091753031352,1.0585876518438173,-1.5265515764471256,-0.8207619338359692,1.0,0.0,0.0,0.0,0.0,0.0,1.0,4.76
STU-11176,-0.6937487657322955,0.6097511787026098,1.126676586738683,0.9030190915944062,1.0585876518438173,-0.09376910749693386,-1.379672270691565,1.0,0.0,0.0,0.0,0.0,0.0,1.0,4.68
STU-10932,-1.4745775496316413,1.216239464146731,0.2913419400531602,-0.22822147154930458,1.0585876518438173,0.9108254971692927,1.1094639289658692,1.0,0.0,1.0,0.0,0.0,0.0,0.0,4.63
STU-12499,2.4295663698650882,0.41167251308617986,-0.4699382166779708,-0.06063027700949553,0.1729342973469531,-1.4853796664198213,-0.3840177908285913,1.0,0.0,1.0,0.0,0.0,0.0,0.0,4.46
STU-12876,-1.4745775496316413,-1.248512591513384,1.5048481821057689,-0.9823818469784447,-2.546822703259555,-0.5301913537863597,0.04967219733258158,1.0,0.0,1.0,0.0,0.0,0.0,0.0,3.08
STU-13111,-1.2143012883318594,2.595387699102364,0.0657225939921197,0.24662024631348708,0.3201822878256488,-0.5384257357918212,-0.3992885650596184,1.0,0.0,0.0,0.0,1.0,0.0,0.0,4.94
STU-10339,-0.4334725044325135,-1.9244305123282126,-1.6024782163804454,-1.5829169607460927,-2.140447121693349,1.2566695413986495,-0.8268702435283801,0.0,1.0,1.0,0.0,0.0,0.0,0.0,2.91
STU-13548,1.3884613246659603,0.9671095960518397,0.5855851134719379,1.0845762190125323,0.1729342973469531,0.07091853261228379,-0.8757367210676671,0.0,1.0,1.0,0.0,0.0,0.0,0.0,5.91
STU-14328,0.08708001816705048,1.8982835292589748,0.3308376680288356,-0.3120170688192085,1.0585876518438173,0.8037785310983022,1.5798037752815073,0.0,1.0,0.0,1.0,0.0,0.0,0.0,5.58
STU-10822,-0.9540250270320775,0.4096304649870411,1.5048481821057689,0.6655982326630103,0.7879111987579784,-0.2913942756279943,-0.4725882813685491,1.0,0.0,0.0,0.0,0.0,0.0,1.0,4.65
STU-11127,-0.1731962431327315,0.4953964851508562,-0.24777474681480008,-1.3734279675713312,1.0585876518438173,-1.1477700041959253,-1.028444463377939,1.0,0.0,1.0,0.0,0.0,0.0,0.0,3.44
STU-14694,0.08708001816705048,-0.023283732030311134,-0.17668243645858558,0.35834770934002647,0.17509970897163987,-0.9419104540594035,-0.21909342913349744,1.0,0.0,0.0,0.0,1.0,0.0,0.0,4.29
STU-14247,0.08708001816705048,1.2223656084441465,0.857118243304702,1.0845762190125323,1.0585876518438173,-0.3243318036498379,-0.9673613664538304,0.0,1.0,0.0,0.0,1.0,0.0,0.0,4.75
STU-14642,-0.9540250270320775,-0.04370421302169561,-0.24974953321358342,-0.4796082633590175,0.6652045400257314,0.4249969588471012,-0.2740682163651953,1.0,0.0,0.0,1.0,0.0,0.0,0.0,3.96
STU-12207,-1.2143012883318594,-1.6916370290264287,-0.7069125845320201,-0.40977859896743074,-1.2324178470747218,1.8577794277972937,-1.123123263610308,1.0,0.0,1.0,0.0,0.0,0.0,0.0,3.0
STU-12214,-0.4334725044325135,-0.3663478126855715,-0.282333508793515,-1.0661774442483485,-0.5207192264276896,-0.6454727018628125,-0.9643072116076249,1.0,0.0,0.0,0.0,1.0,0.0,0.0,2.3
STU-10197,-1.4745775496316413,-1.019803204409877,-0.7345595941149926,-1.0801433771266657,0.1729342973469531,-1.3042232622996823,2.095955944290227,0.0,1.0,1.0,0.0,0.0,0.0,0.0,3.85
STU-12613,1.3884613246659603,-0.1723532432674184,-1.0554623839173503,1.0287124874992626,-0.013291102376103864,0.02151224057951886,-1.5201633936170151,1.0,0.0,0.0,1.0,0.0,0.0,0.0,4.01
STU-11536,-0.4334725044325135,-0.3398011873967718,0.015859237422829325,-0.9125521825868579,0.1902575903444464,0.4249969588471012,1.7141865885145466,1.0,0.0,0.0,0.0,0.0,0.0,1.0,4.06
STU-11392,1.3884613246659603,0.35857926250857974,1.3646383477921231,1.6292476012669108,1.0585876518438173,-0.4643162977426727,-0.25879744213416817,0.0,1.0,0.0,0.0,1.0,0.0,0.0,5.28
STU-12358,0.6076325407666144,0.5076487737456871,1.5048481821057689,0.4561092394882487,1.0585876518438173,-0.18434730955700304,-1.1200691087641024,1.0,0.0,0.0,0.0,0.0,1.0,0.0,5.29
STU-10930,-1.4745775496316413,-1.150494282754738,0.2281487752920805,-0.2980511359408914,-0.6917867447779401,0.2850124647542664,2.04708946675094,1.0,0.0,0.0,0.0,0.0,0.0,1.0,3.05
STU-14461,1.1281850633661783,-0.04778830921997243,-0.4294550955029045,-0.14442587427939943,-0.6058920836653675,0.268543700743345,-0.1580103322093886,1.0,0.0,0.0,1.0,0.0,0.0,0.0,4.06
STU-14432,-0.4334725044325135,0.1339539716033498,1.5048481821057689,0.4980070381232013,-0.3518171197021271,0.10385606063412732,-0.1977143452100593,1.0,0.0,0.0,0.0,0.0,0.0,1.0,4.57
STU-14920,-1.2143012883318594,0.7138956317586709,-0.5667027502183745,0.023165320260409614,0.7749187290098577,-1.3783327003488302,1.7966487693620934,1.0,0.0,0.0,0.0,0.0,0.0,1.0,5.25
STU-13444,-1.2143012883318594,-0.885028029866739,-0.6081732645928332,0.9449168902293574,-1.4922672420371275,1.8989513378245988,-0.0663856868232254,1.0,0.0,0.0,0.0,0.0,1.0,0.0,4.57
STU-13339,0.8679088020663964,0.1359960197024882,0.7001227246013944,0.07902905177367806,0.3533852660708456,1.3307789794477973,-0.19160603551764827,0.0,1.0,0.0,0.0,0.0,1.0,0.0,4.79
STU-12474,-1.2143012883318594,-0.023283732030311134,0.0657225939921197,0.0929949846519964,-0.053712119370255954,-0.5384257357918212,1.4759625105105225,1.0,0.0,0.0,0.0,1.0,0.0,0.0,4.22
STU-14599,1.3884613246659603,0.34224287771547207,1.1592605623186145,0.4700751723665658,0.27326503595743734,-0.4643162977426727,-0.49091321044578157,1.0,0.0,0.0,0.0,0.0,1.0,0.0,5.03
STU-13366,0.8679088020663964,-0.6828652680520321,-0.565715357018982,0.8471553600811365,-1.8611090221087638,-0.8348634879884123,-1.4438095224618792,0.0,1.0,0.0,1.0,0.0,0.0,0.0,3.82
STU-14986,1.1281850633661783,1.334678253896761,1.5048481821057689,1.0706102861342153,1.0585876518438173,-0.1431753995296988,0.21765071387388077,1.0,0.0,0.0,0.0,0.0,0.0,1.0,5.96
STU-12257,-0.4334725044325135,0.4606816674655025,0.7287571273837592,-0.5494379277506043,-0.2659224585895534,-0.5548944998027425,1.259117516429936,1.0,0.0,0.0,0.0,0.0,0.0,1.0,4.59
STU-14566,0.08708001816705048,0.3626633587068569,-1.0268279811349854,0.6935300984196445,1.0585876518438173,1.9071857198300595,-0.2526891324417571,0.0,1.0,0.0,0.0,0.0,0.0,1.0,4.84
STU-14554,-1.4745775496316413,0.27485529044390344,0.24789663927991817,-1.094109310004984,0.2848138979557662,-1.6171297785071956,-0.6069710946015883,1.0,0.0,0.0,0.0,0.0,1.0,0.0,3.9
STU-10969,2.4295663698650882,0.8527549025000858,1.5048481821057689,-0.004766545496225848,-0.5748545170448575,0.10385606063412732,-1.373563960999154,1.0,0.0,0.0,0.0,0.0,0.0,1.0,4.68
STU-11429,1.1281850633661783,-0.7073698452416934,1.3053947558286116,1.1125080847691666,0.16788167022268358,-0.08553472549147244,-0.22214758397970283,1.0,0.0,0.0,0.0,0.0,1.0,0.0,5.62
STU-14042,0.8679088020663964,-2.0775841197635967,-1.1709873882461979,-0.9684159141001275,-2.5475445071344507,0.40029381283071913,-0.6680541915256972,0.0,1.0,0.0,0.0,1.0,0.0,0.0,3.19
STU-14688,0.34735627946683245,-0.11517589649154145,-1.240104912203629,0.8331894272028181,0.3865882443160414,0.47440325087986684,2.5620963276923314,0.0,1.0,0.0,0.0,0.0,0.0,1.0,4.38
STU-12048,-1.2143012883318594,0.9364788745647624,-0.22111513043122,-0.13045994140108233,1.0455951820956966,2.5577018982614677,-1.346076567383305,1.0,0.0,0.0,1.0,0.0,0.0,0.0,5.01
STU-10551,-1.2143012883318594,-0.18256348376311046,0.3377494204245794,0.5957685682714223,0.256663546834839,0.5814502169508582,-0.3840177908285913,1.0,0.0,0.0,0.0,1.0,0.0,0.0,4.24
STU-11468,-0.9540250270320775,0.1645846930904267,-0.540043133834793,0.38627957509666194,-0.16342630835438335,1.1331538113167374,0.5627702114950955,1.0,0.0,0.0,0.0,0.0,1.0,0.0,3.64
STU-12832,-0.4334725044325135,-1.248512591513384,0.5638624630853168,-0.13045994140108233,-0.3467644925778576,0.7790753850819193,-0.1580103322093886,0.0,1.0,0.0,0.0,1.0,0.0,0.0,3.93
STU-12407,0.34735627946683245,0.18296312598267275,0.9884415388238206,-0.8427225181952698,0.7280014771416463,1.3143102154368758,-1.3124808640750454,0.0,1.0,0.0,1.0,0.0,0.0,0.0,5.35
STU-13587,0.8679088020663964,0.16866878928870352,0.0657225939921197,-0.8985862497085395,0.40824236056290825,-1.5347859584525871,-0.9734696761462412,1.0,0.0,0.0,0.0,0.0,0.0,1.0,4.03
STU-10888,-1.4745775496316413,1.05900176051307,1.5048481821057689,-0.5634038606289227,1.0585876518438173,-0.2584567476061508,-0.7688413014504768,1.0,0.0,1.0,0.0,0.0,0.0,0.0,5.56
STU-11277,0.34735627946683245,-0.8115142982977546,1.1168026547447634,-0.07459620988781264,0.043731403740645595,-0.052597197469628904,0.6482865471888477,0.0,1.0,0.0,0.0,1.0,0.0,0.0,5.1
STU-11635,-0.4334725044325135,1.077380193405316,1.3083569354267872,1.7968387958067198,1.0585876518438173,1.3143102154368758,0.8559690767308176,1.0,0.0,0.0,0.0,1.0,0.0,0.0,6.39
STU-12751,-0.6937487657322955,0.05022999953867312,1.3853736049793532,0.4980070381232013,-0.2038473253485344,-1.6418329245235783,-1.028444463377939,0.0,1.0,0.0,0.0,1.0,0.0,0.0,5.12
STU-13197,1.1281850633661783,1.638943420668391,1.0852060723642243,0.5957685682714223,1.0585876518438173,0.8861223511529106,0.2940045850290168,0.0,1.0,0.0,0.0,0.0,1.0,0.0,5.97
STU-12679,1.9090138472655243,2.595387699102364,1.3310669790127994,0.023165320260409614,1.0585876518438173,-1.4195046103761344,-1.144502347533746,1.0,0.0,0.0,0.0,0.0,0.0,1.0,5.45
STU-12341,0.08708001816705048,-0.29896022541400247,-0.028573456549805098,1.238201480674023,-1.6640565642622729,0.8284816771146842,2.5620963276923314,1.0,0.0,0.0,0.0,1.0,0.0,0.0,3.95
STU-13510,-1.4745775496316413,0.007346989456765759,-0.10657751930176203,0.8052575614461839,-0.6665236091565956,0.9602317892020584,0.7735068958832708,1.0,0.0,0.0,0.0,0.0,1.0,0.0,4.78
STU-14780,1.6487375859657423,1.2917952438148539,-0.10559012610237106,0.3024839778267568,1.0585876518438173,0.5896845989563189,0.27262550110557865,0.0,1.0,0.0,0.0,1.0,0.0,0.0,5.3
STU-12827,0.08708001816705048,1.3979817449700536,0.2913419400531602,-0.40977859896743074,1.0585876518438173,-0.06906596148055104,-0.4878590555995762,1.0,0.0,0.0,0.0,0.0,1.0,0.0,5.01
STU-11867,0.6076325407666144,2.523150247595342,0.8176225153290281,1.5035542053620543,1.0585876518438173,0.8037785310983022,2.5620963276923314,1.0,0.0,0.0,0.0,0.0,0.0,1.0,6.43
STU-11926,1.1281850633661783,-0.4439456404528329,0.1639682173316098,0.023165320260409614,-0.9768992753616905,-0.17611292755154234,2.1020642539826375,0.0,1.0,0.0,0.0,0.0,1.0,0.0,4.47
STU-11291,-0.1731962431327315,0.41167251308617986,1.0466977375879412,-0.36788080033247816,1.0585876518438173,0.4579344868689447,0.6238533084192042,1.0,0.0,1.0,0.0,0.0,0.0,0.0,4.52
STU-11177,-1.2143012883318594,2.595387699102364,0.7623284961630832,0.3723136422183448,-1.187666006831197,2.022467067906512,0.22070486872008616,0.0,1.0,0.0,0.0,0.0,0.0,1.0,4.86
STU-11912,-0.4334725044325135,1.8819471444658669,0.39205604639113195,1.5175201382403714,1.0585876518438173,-1.9629738227365523,-0.1580103322093886,0.0,1.0,0.0,0.0,0.0,0.0,1.0,5.8
STU-14344,0.8679088020663964,1.2427860894355307,0.38514429399538813,-0.2002896057926691,1.051369613094862,-1.4689109024089,-0.5214547589078359,0.0,1.0,0.0,0.0,1.0,0.0,0.0,3.42
STU-13954,1.9090138472655243,-1.3322365635780606,0.03461970821127463,-1.4013598333279667,-0.43482456531511704,-1.6088953965017347,0.6207991535729988,1.0,0.0,1.0,0.0,0.0,0.0,0.0,3.58
STU-14734,-1.4745775496316413,-0.7073698452416934,-0.2724595767995968,0.3723136422183448,-0.05587753099494274,-1.7982861826273346,-0.1580103322093886,1.0,0.0,0.0,0.0,0.0,0.0,1.0,3.82
STU-14835,0.8679088020663964,1.114137059189808,0.9114248692712547,-0.01873247837454296,0.7020165376454058,0.15326235266689298,-0.10303554497769046,1.0,0.0,0.0,0.0,0.0,1.0,0.0,4.39
STU-13104,0.8679088020663964,0.18500517408181116,1.5048481821057689,0.7214619641762801,1.0585876518438173,-0.027894051453246804,-1.007065379454501,0.0,1.0,1.0,0.0,0.0,0.0,0.0,5.62
STU-11605,2.559704500514979,-2.2695366410826114,-1.7525619826880092,-1.680678490894315,-3.1643259182327137,0.5073407789017104,-1.2911017801516071,1.0,0.0,0.0,0.0,0.0,0.0,1.0,1.12
STU-10916,-0.6937487657322955,-0.023283732030311134,1.06743299477517,0.009199387382091261,1.0585876518438173,-0.39844124169898637,-0.7382997529884223,1.0,0.0,0.0,0.0,0.0,1.0,0.0,5.14
STU-10233,2.1692901085653062,-0.3357170911984946,0.4848710071339675,0.9588828231076758,1.0347681239722635,-0.8430978699938729,-0.8513034822980237,0.0,1.0,0.0,1.0,0.0,0.0,0.0,4.62
STU-14411,1.6487375859657423,0.6199614191983022,1.5048481821057689,0.38627957509666194,1.0585876518438173,-0.5466601177972819,2.0196020731350908,1.0,0.0,0.0,0.0,0.0,0.0,1.0,4.72
STU-14653,0.6076325407666144,0.7690309304354095,1.431781085350771,1.7968387958067198,1.0585876518438173,-0.5466601177972819,-0.6711083463719025,0.0,1.0,0.0,0.0,1.0,0.0,0.0,5.75
STU-13052,-1.2143012883318594,1.2101133198493152,-0.38798458112844575,0.009199387382091261,0.1729342973469531,-0.3243318036498379,-0.09081892559286896,1.0,0.0,0.0,0.0,0.0,1.0,0.0,5.15
STU-12450,0.6076325407666144,0.8752174315906086,0.0657225939921197,-0.7868587866820002,0.02496450299336143,-2.716419776236223,-0.7444080626808331,1.0,0.0,0.0,0.0,0.0,0.0,1.0,4.14
STU-12570,1.6487375859657423,1.195818983155346,0.4848710071339675,0.6376663669063749,1.0585876518438173,-0.5137225897754384,-0.16106448705559395,1.0,0.0,0.0,0.0,0.0,0.0,1.0,5.23
STU-10657,0.8679088020663964,-0.2622033596295103,-1.6242008667670664,-1.0382455784917144,-2.4320558871511593,0.8037785310983022,-0.22214758397970283,1.0,0.0,0.0,1.0,0.0,0.0,0.0,2.16
STU-10762,0.08708001816705048,-0.597099247888217,0.25678317807444534,0.07902905177367806,-0.19951650209916183,0.26030931873788427,0.6513407020350531,0.0,1.0,0.0,0.0,1.0,0.0,0.0,4.5
STU-14652,0.08708001816705048,0.20338360697405722,-1.6478983035524721,1.154405883404119,-0.50772675667957,1.7342636977153802,2.4135880482955927,1.0,0.0,0.0,0.0,0.0,0.0,1.0,4.46
STU-10502,0.6076325407666144,0.34428492581461084,-0.20926641203851712,1.7968387958067198,-0.9898917451098103,-0.34080056766076,1.3782295554319481,1.0,0.0,0.0,0.0,1.0,0.0,0.0,4.22
STU-12195,0.8679088020663964,-0.023283732030311134,-0.5884254006049955,0.5818026353931052,0.1729342973469531,1.8001387537590674,-0.39623441021341305,1.0,0.0,0.0,0.0,1.0,0.0,0.0,5.0
STU-12386,0.34735627946683245,0.6893910545690096,1.5048481821057689,-0.6471994578988266,1.019610242599456,0.33441875678703203,0.2848421204904004,1.0,0.0,0.0,1.0,0.0,0.0,0.0,4.85
STU-14283,1.9090138472655243,-0.11517589649154145,1.083231285965441,0.051097186017043834,0.1729342973469531,-1.4689109024089,0.2451381074897297,1.0,0.0,0.0,0.0,0.0,1.0,0.0,4.54
STU-10445,0.8679088020663964,-0.7380005667287702,1.2668864210523285,0.12092685040863062,-0.08186247049118323,-0.3572693316716814,0.37952092072276894,1.0,0.0,0.0,0.0,0.0,0.0,1.0,3.89
STU-10056,0.8679088020663964,0.7465684013448862,-1.2460292713999805,-0.43771046472406494,1.0585876518438173,0.49087201489078824,-0.680270810910519,0.0,1.0,0.0,0.0,0.0,0.0,1.0,4.16
STU-11043,-0.4334725044325135,-0.6277299693752939,0.04153146060701845,1.4337245409704675,-1.0209293117303202,1.34724774345872,-0.9123865792221324,1.0,0.0,0.0,0.0,1.0,0.0,0.0,4.03
STU-13264,-0.1731962431327315,0.5423635914310407,0.6477908850336251,1.4197586080921505,0.1729342973469531,-0.2749255116170729,-1.03455277307035,1.0,0.0,0.0,0.0,0.0,0.0,1.0,7.82423796163143
STU-10330,0.34735627946683245,0.4035043206896259,0.34663595921910517,-0.6890972565337792,0.9033998187412693,-0.6043007918355082,-0.9979029149158848,1.0,0.0,0.0,0.0,0.0,0.0,1.0,3.43
STU-12168,-1.4745775496316413,-0.8196824906943085,-0.38403500833087767,0.07902905177367806,-0.321501356956513,-1.650067306529039,2.5620963276923314,1.0,0.0,0.0,0.0,0.0,0.0,1.0,4.35
STU-11825,0.08708001816705048,-0.1049656559958494,0.41180391037896963,1.0985421518908494,1.0585876518438173,2.4012486401577116,-0.7505163723732441,1.0,0.0,1.0,0.0,0.0,0.0,0.0,4.8
STU-12660,-0.1731962431327315,-0.5256275644183712,-0.003888626565008351,-1.359462034693014,0.0993103021076042,-0.3655037136771428,0.9842435802714461,1.0,0.0,0.0,0.0,0.0,1.0,0.0,4.18
STU-14923,0.8679088020663964,0.7179797279569481,-0.49264826026398423,1.2521674135523413,0.8817457024944024,-0.4890194437590555,-1.0925817151482533,0.0,1.0,0.0,0.0,1.0,0.0,0.0,4.28
STU-11723,0.6076325407666144,-1.7243097986126439,-1.4277096200880848,-1.0661774442483485,-1.4908236342873358,-0.6537070838682731,0.11380944910289582,0.0,1.0,0.0,0.0,0.0,0.0,1.0,2.47
STU-14833,-0.9540250270320775,-0.14989071417689517,0.8758787140931473,1.7549409971717673,0.2992499754536779,-0.06906596148055104,0.34592521741450927,1.0,0.0,0.0,0.0,1.0,0.0,0.0,5.27
STU-13094,-1.2143012883318594,1.5205046309183603,0.5362154535023443,1.573383869753641,0.3887536559407282,-0.6125351738409689,0.678828095650902,0.0,1.0,1.0,0.0,0.0,0.0,0.0,5.16
STU-10292,-0.6937487657322955,0.6853069583707327,-2.0181707533244233,-1.59688289362441,0.5886933292868007,0.7543722390655365,-0.1763352612866211,1.0,0.0,0.0,1.0,0.0,0.0,0.0,3.78
STU-14066,-0.6937487657322955,-0.14784866607775676,1.5048481821057689,1.7968387958067198,0.7972946491316206,0.19443426269419722,1.5187206783573983,0.0,1.0,0.0,0.0,0.0,0.0,1.0,6.11
STU-11913,1.1281850633661783,-2.0959625526558425,-2.728106463687177,-2.2812136046619633,-0.7711851710164525,0.8037785310983022,1.4209877232788246,0.0,1.0,0.0,1.0,0.0,0.0,0.0,2.48
STU-13458,0.8679088020663964,-0.33367504309935614,0.513505409916331,1.5035542053620543,0.5930241525361744,-0.5713632638136648,-0.9612530567614195,1.0,0.0,0.0,0.0,0.0,1.0,0.0,4.85
STU-14788,-0.6937487657322955,-1.6977631733238439,0.08991372737721956,0.6376663669063749,0.1729342973469531,-0.8678010160102557,-0.3168263842120714,1.0,0.0,0.0,1.0,0.0,0.0,0.0,3.8
STU-12851,0.6076325407666144,-0.7073698452416934,0.18174129492066274,-0.5075401291156529,0.051671246364496826,-0.43961315172629056,-0.9429281276841869,1.0,0.0,1.0,0.0,0.0,0.0,0.0,4.38
STU-10123,-1.4745775496316413,0.7792411709311015,1.5048481821057689,1.1823377491607534,1.0585876518438173,-1.4195046103761344,-1.1078524893792807,1.0,0.0,0.0,0.0,0.0,0.0,1.0,5.01
STU-14959,0.08708001816705048,-0.5358378049140632,-0.7335722009156003,-0.5773697935072397,-1.332748585685206,1.149622575327659,0.43754986280067243,1.0,0.0,0.0,0.0,0.0,1.0,0.0,3.1
STU-12975,-0.4334725044325135,1.0487915200173776,1.2974956102334767,1.7968387958067198,1.0585876518438173,-0.044362815464168204,0.33065444318348214,1.0,0.0,0.0,1.0,0.0,0.0,0.0,5.3
STU-14110,-0.1731962431327315,-0.006947347237203482,-0.9271012679964061,-1.3035983031797445,-0.3467644925778576,0.7708410030764586,-0.991794605223474,1.0,0.0,0.0,0.0,0.0,0.0,1.0,3.07
STU-14561,-0.6937487657322955,0.18092107788353434,-2.1988637088131346,-0.1025280756444481,0.15272378884987706,-0.9172073080430214,0.5139037339558085,1.0,0.0,0.0,0.0,1.0,0.0,0.0,3.48
STU-11010,-0.4334725044325135,-0.6849073161511705,0.0657225939921197,-0.3259830016975256,-0.7841776407645732,1.0014036992293633,0.025238958562938032,1.0,0.0,1.0,0.0,0.0,0.0,0.0,3.56
STU-14747,-1.2143012883318594,-0.4684502176424942,0.6339673802421404,-0.186323672914352,0.2234605685896432,0.005043476568596729,-1.0834192506096372,1.0,0.0,0.0,0.0,0.0,0.0,1.0,4.79
STU-11906,0.8679088020663964,-1.3771616217591065,-2.2087376408070534,-2.183452074513741,-0.1410503882326205,0.02151224057951886,-0.5275630686002469,1.0,0.0,0.0,0.0,0.0,0.0,1.0,3.24
STU-13914,-0.6937487657322955,0.9711936922501165,1.071382567572738,0.9449168902293574,1.0585876518438173,1.8989513378245988,-0.1580103322093886,0.0,1.0,0.0,0.0,0.0,0.0,1.0,5.98
STU-10644,1.3884613246659603,0.3524531182111645,0.21235048410181093,0.8052575614461839,0.6933548911466586,-2.4076304510314395,-0.6863791206029297,0.0,1.0,0.0,0.0,0.0,1.0,0.0,5.28
STU-11200,-0.6937487657322955,-1.1668306675478457,0.4809214343363994,-1.163938974396571,-0.486794444307598,0.8614192051365286,-0.6680541915256972,1.0,0.0,0.0,0.0,0.0,0.0,1.0,3.95
STU-12099,0.34735627946683245,-1.6998052214229826,-1.8809230986089533,-1.1220411757616182,-1.1818915758320327,0.02151224057951886,-0.6650000366794918,1.0,0.0,0.0,0.0,1.0,0.0,0.0,2.2
STU-14621,0.08708001816705048,-1.064728262590923,0.033632315011882255,-0.22822147154930458,-0.08619329374055681,0.6637940370054666,0.26346303656696224,1.0,0.0,0.0,0.0,0.0,1.0,0.0,4.29
STU-14416,0.8679088020663964,-0.9891724829228002,0.0657225939921197,1.7968387958067198,-1.7838760074949378,-0.21728483757884656,-0.9337656631455705,1.0,0.0,0.0,0.0,0.0,1.0,0.0,3.49
STU-12530,0.8679088020663964,-0.6011833440864939,-0.183594188854328,0.13489278328694773,-0.32294496470630385,1.2237320133768066,0.7521278119598327,1.0,0.0,0.0,0.0,0.0,0.0,1.0,4.59
STU-10006,1.6487375859657423,0.40146227259048745,-0.11645145129568157,0.4840411052448829,-0.5286590690515409,0.49087201489078824,0.947593722116981,1.0,0.0,0.0,0.0,0.0,0.0,1.0,5.49
STU-11470,0.34735627946683245,-0.7237062300348011,-0.46598864388040273,0.1767905819219003,-1.5521769636534597,0.8202472951092236,0.678828095650902,1.0,0.0,1.0,0.0,0.0,0.0,0.0,3.09
STU-10726,0.34735627946683245,-0.6971596047460014,0.4315517743668059,-1.163938974396571,-2.3050184051695393,-0.2502223656006901,-0.9398739728379814,1.0,0.0,0.0,0.0,0.0,1.0,0.0,2.46
STU-13160,0.6076325407666144,-1.0606441663926462,-1.3141594021580192,-0.5773697935072397,-0.3640877855753509,0.23560617272150144,0.4925246500323703,1.0,0.0,0.0,0.0,0.0,0.0,1.0,3.47
STU-13554,0.08708001816705048,0.7771991228319631,0.24197228008356675,0.8331894272028181,1.0585876518438173,-0.23375360158976868,-1.2391811477661145,1.0,0.0,0.0,0.0,0.0,0.0,1.0,5.21
STU-12678,-0.9540250270320775,-0.023283732030311134,1.5048481821057689,0.6097345011497406,0.1974756290934017,1.0755131372785112,-0.19160603551764827,0.0,1.0,0.0,0.0,0.0,1.0,0.0,4.95
STU-14511,0.34735627946683245,-2.2695366410826114,-0.43537945469925593,0.7214619641762801,-1.6149739007693742,-0.4807850617535948,2.383046499833538,1.0,0.0,0.0,0.0,1.0,0.0,0.0,2.6
STU-12326,0.34735627946683245,-0.1641850508708644,0.6922235790062596,-2.0577586786088844,1.0585876518438173,0.19443426269419722,-0.029735828668760088,1.0,0.0,0.0,1.0,0.0,0.0,0.0,3.29
STU-14560,-1.2143012883318594,0.1645846930904267,-0.20432944604155803,0.1907565148002174,1.0585876518438173,-0.8348634879884123,-0.3504220875203313,1.0,0.0,0.0,0.0,0.0,0.0,1.0,4.63
STU-13377,0.8679088020663964,-0.023283732030311134,0.5648498562847092,1.2661333464306586,1.0585876518438173,-0.9172073080430214,-0.5214547589078359,1.0,0.0,0.0,0.0,0.0,1.0,0.0,5.18
STU-12976,1.3884613246659603,0.1380380678016266,0.9055005100749045,1.4476904738487846,-0.6152755340390096,0.43323134085256265,0.47419972095513774,1.0,0.0,0.0,0.0,1.0,0.0,0.0,4.83
STU-14316,0.34735627946683245,-1.4731378824186139,-0.024623883752237,-1.7924059539208543,-0.80583175701144,-0.3655037136771428,-0.35958455205894774,1.0,0.0,1.0,0.0,0.0,0.0,0.0,2.9
STU-12348,0.08708001816705048,1.369393071582115,-0.16878329086345079,0.6237004340280577,1.0585876518438173,-0.6619414658737338,0.7948859798067089,0.0,1.0,0.0,0.0,0.0,1.0,0.0,5.36
STU-10597,0.08708001816705048,0.24830866515510336,0.17384214932552794,-0.39581266608911364,0.5331144309198422,-0.20081607356792516,-1.3705098061529486,1.0,0.0,0.0,0.0,0.0,0.0,1.0,3.74
STU-12505,0.8679088020663964,-0.27649769632347954,0.6843244334111248,-0.06063027700949553,0.35194165832105373,-0.24198798359522938,2.5620963276923314,1.0,0.0,0.0,0.0,1.0,0.0,0.0,4.66
STU-11144,0.08708001816705048,0.08086072102575001,1.4209197601574606,1.4616564067271016,-1.352959094182282,0.6802628010163888,-0.8177077789897638,1.0,0.0,0.0,0.0,0.0,0.0,1.0,5.43
STU-13058,-1.4745775496316413,0.3544951663103029,-1.0505254179203898,-1.2756664374231101,0.6753097942742694,0.013277858574057428,-0.3534762423665367,1.0,0.0,0.0,0.0,1.0,0.0,0.0,3.55
STU-11734,-0.4334725044325135,-0.11109180029326463,-0.5805262550098607,-1.8203378196774886,-0.16920073935354776,0.9190598791747534,-0.6008627849091775,0.0,1.0,0.0,0.0,0.0,1.0,0.0,2.73
STU-10488,-1.4745775496316413,-1.9775237629058124,-2.450648974658062,-1.6527466251376797,-1.1284780890897599,0.02974662258497956,-0.9184948889145432,1.0,0.0,0.0,0.0,0.0,1.0,0.0,1.65
STU-13005,-0.9540250270320775,-0.27649769632347954,-0.41464419751202586,0.4700751723665658,-0.40883962581887656,0.03798100459044026,-0.22825589367211357,0.0,1.0,0.0,0.0,0.0,0.0,1.0,4.47
STU-10295,-0.1731962431327315,-0.45823997714680215,-0.7671435696949241,-1.163938974396571,-0.8650196747528773,0.02151224057951886,0.25124641718214047,0.0,1.0,0.0,0.0,0.0,1.0,0.0,4.12
STU-11870,1.6487375859657423,-0.021241683931172723,-0.42550552270533637,-0.38184673321079526,-0.4138922529431461,-0.678410229884656,1.4118252587402078,0.0,1.0,0.0,0.0,0.0,1.0,0.0,4.07
STU-10446,0.6076325407666144,-0.023283732030311134,0.6053329774597755,-0.28408520306257423,0.37143036294323484,0.6802628010163888,2.157039041214336,0.0,1.0,0.0,0.0,0.0,1.0,0.0,4.45
STU-13513,-0.4334725044325135,-0.023283732030311134,-2.12777139845692,0.9030190915944062,-0.8931700258738047,0.22737179071604074,-1.3094267092288399,1.0,0.0,0.0,0.0,0.0,0.0,1.0,3.41
STU-11704,-0.6937487657322955,0.5974988901077789,0.19260262011397325,-0.4796082633590175,0.0632201083628257,-1.6335985425181176,-0.1580103322093886,1.0,0.0,0.0,0.0,0.0,1.0,0.0,3.66
STU-14615,-0.9540250270320775,0.5974988901077789,-0.3563879987479052,0.10696091753031352,1.0585876518438173,0.41676257684164053,-1.110906644225486,1.0,0.0,0.0,0.0,0.0,0.0,1.0,4.51
STU-13676,1.3884613246659603,1.018160798530301,0.0770776157851257,0.009199387382091261,1.0585876518438173,0.7873097670873801,0.22070486872008616,0.0,1.0,0.0,0.0,0.0,0.0,1.0,4.96
STU-14776,-0.4334725044325135,-1.5752402873755367,0.6754378946165976,1.0007806217426272,-0.6795160789047153,-1.4606765204034386,-1.636221277772822,1.0,0.0,0.0,0.0,0.0,1.0,0.0,2.67
STU-14592,0.08708001816705048,1.1488518768751617,-0.3958837267235806,0.26058617919180543,0.9799110294801999,0.7790753850819193,-0.5825378558319447,1.0,0.0,0.0,0.0,0.0,0.0,1.0,4.43
STU-12037,-0.1731962431327315,-0.023283732030311134,0.2755436488628906,-2.686225658133168,-0.9126587304959848,1.4048884174969465,2.28836769960117,1.0,0.0,0.0,0.0,0.0,1.0,0.0,2.2
STU-10399,-0.4334725044325135,-0.578720814995971,0.0657225939921197,0.051097186017043834,-0.6881777254034624,0.5238095429126318,-0.04500660289978724,1.0,0.0,0.0,0.0,1.0,0.0,0.0,3.53
STU-13897,-0.9540250270320775,-0.023283732030311134,-2.1534436216411086,0.38627957509666194,-0.7112754494001202,-0.11847225351331596,-1.1017441796868697,0.0,1.0,0.0,1.0,0.0,0.0,0.0,3.87
STU-11185,-0.1731962431327315,0.5260272066379331,0.6152069094536936,0.5399048367581526,1.0585876518438173,-0.6866446118901167,-0.9673613664538304,1.0,0.0,0.0,0.0,0.0,0.0,1.0,4.94
STU-13345,-0.1731962431327315,0.1441642120990422,-0.6387824537739799,-0.8287565853169527,0.1729342973469531,0.7461378570600758,-0.10914385467010149,0.0,1.0,0.0,0.0,0.0,0.0,1.0,4.35
STU-11606,0.08708001816705048,0.33815878151719525,0.3565098912130247,-2.6984458494016956,0.3295657381992919,-0.5384257357918212,-0.6436209527560537,1.0,0.0,0.0,0.0,0.0,0.0,1.0,3.33
STU-10352,-1.4745775496316413,-1.275059216802184,0.49573233232727804,-0.5075401291156529,-0.5705236937954838,-0.09376910749693386,-0.1580103322093886,0.0,1.0,0.0,0.0,0.0,1.0,0.0,3.45
STU-10808,0.34735627946683245,-0.23157263814243342,-0.34651406675398705,1.0147465546209455,-1.5868235496484469,-0.09376910749693386,0.6299616181116154,1.0,0.0,0.0,0.0,1.0,0.0,0.0,3.14
STU-12178,-0.1731962431327315,-0.656318642763232,-0.3139300911740555,-0.27011927018425713,0.12601704547874062,0.4579344868689447,0.30011289472142755,1.0,0.0,0.0,0.0,0.0,0.0,1.0,3.79
STU-13330,0.34735627946683245,1.2387019932372538,-0.07991790291818193,-1.4432576319629191,-0.24138112684310478,-0.027894051453246804,-1.471296916077728,1.0,0.0,0.0,0.0,1.0,0.0,0.0,3.88
STU-14945,-0.6937487657322955,1.175398502163962,0.26270753727079676,1.2521674135523413,0.7734751212600669,-0.4643162977426727,-0.5458879976774794,0.0,1.0,0.0,0.0,0.0,1.0,0.0,4.55
STU-13438,-0.9540250270320775,0.15029035639645744,1.5048481821057689,1.2521674135523413,0.7330541042659148,-1.263051352272378,0.2023799396428536,1.0,0.0,0.0,0.0,0.0,0.0,1.0,5.07
STU-14182,0.34735627946683245,1.2877111476165772,0.8037990105375419,-0.04666434413117842,-0.5070049528046741,0.6473252729945452,-1.1994771347654438,1.0,0.0,0.0,0.0,0.0,0.0,1.0,4.85
STU-14929,-1.4745775496316413,1.3081316286079612,0.0657225939921197,1.7968387958067198,1.0585876518438173,-0.036128433458707504,-0.1580103322093886,1.0,0.0,0.0,0.0,0.0,0.0,1.0,5.18
STU-13079,-0.4334725044325135,-1.8978838870394126,-1.5659446680029458,-2.2812136046619633,-0.9877263334851234,-0.16787854554608161,-0.1580103322093886,0.0,1.0,1.0,0.0,0.0,0.0,0.0,2.61
STU-11598,1.3884613246659603,-0.5685105745002785,0.30220326524647073,-0.5354719948722872,-0.4175012723176237,-1.3865670823542908,0.5169578888020139,0.0,1.0,0.0,0.0,0.0,0.0,1.0,4.23
STU-12486,0.8679088020663964,-0.6828652680520321,1.1296387663368586,-0.605301659263874,0.33967099244782994,0.17796549868327508,1.0605974514265821,1.0,0.0,0.0,0.0,1.0,0.0,0.0,3.95
STU-10544,-0.9540250270320775,-0.27445564822434115,1.5048481821057689,0.6097345011497406,0.49197161005079515,-0.2584567476061508,1.7508364466690123,0.0,1.0,0.0,0.0,0.0,0.0,1.0,5.31
STU-13261,0.6076325407666144,0.15437445259473426,-1.3220585477531541,0.9588828231076758,0.015581052619718323,0.4085281948361798,-0.1457937128245668,0.0,1.0,0.0,0.0,0.0,1.0,0.0,3.79
STU-11251,0.8679088020663964,0.8119139405173168,0.0657225939921197,-0.004766545496225848,0.5396106657939026,-0.9995511280976299,-0.27712237121140065,1.0,0.0,0.0,0.0,1.0,0.0,0.0,4.24
STU-12488,1.1281850633661783,0.15641650069387303,0.8136729425314599,1.0287124874992626,1.0585876518438173,0.32618437478157136,-0.8635201016828453,1.0,0.0,1.0,0.0,0.0,0.0,0.0,4.21
STU-13303,-0.4334725044325135,-1.2628069282073533,0.12743466895411018,-0.6611653907771436,-0.36480958945024683,-0.3737380956826035,0.41922493372343994,1.0,0.0,1.0,0.0,0.0,0.0,0.0,3.0
STU-11620,-1.4745775496316413,-1.3506149964703067,-0.8303367344560039,-1.4991213634761889,-0.9855609218604366,0.2850124647542664,-1.0253903085317337,1.0,0.0,0.0,0.0,0.0,1.0,0.0,2.61
STU-13526,-0.9540250270320775,-0.5725946706985553,0.0657225939921197,-0.07459620988781264,0.24150566546203245,0.34265313879249276,-0.7047040496801625,1.0,0.0,0.0,0.0,1.0,0.0,0.0,4.21
STU-12442,0.8679088020663964,-0.06616674211221886,0.6892613994080838,1.4337245409704675,0.11230277185572496,-0.9254416900484821,0.281787965644195,1.0,0.0,0.0,0.0,0.0,1.0,0.0,4.14
STU-14048,2.4295663698650882,1.451074995547653,1.5048481821057689,0.7633597628112313,1.0585876518438173,0.20266864469965792,0.022184803716732385,1.0,0.0,0.0,1.0,0.0,0.0,0.0,5.56
STU-13456,-1.2143012883318594,0.7200217760560865,0.0657225939921197,1.2661333464306586,1.0585876518438173,-0.8925041620266386,-0.3229346939044824,0.0,1.0,0.0,0.0,0.0,1.0,0.0,4.9
STU-12778,0.08708001816705048,-0.21932034954760296,-0.05227089333520947,0.5259389038798356,-1.6099212736451052,0.06268415060682309,0.02829311340914341,0.0,1.0,1.0,0.0,0.0,0.0,0.0,3.84
STU-12166,-0.4334725044325135,1.8247697976899906,-0.8125636568669495,0.5259389038798356,1.0585876518438173,0.9519974071965978,0.1962716299504426,1.0,0.0,0.0,0.0,0.0,0.0,1.0,5.35
STU-12490,-0.4334725044325135,-0.023283732030311134,0.21037569770302758,0.3024839778267568,-0.28685477096152534,0.23560617272150144,-1.3766181158453592,1.0,0.0,0.0,0.0,1.0,0.0,0.0,4.04
STU-10891,-0.6937487657322955,0.5199010623405178,-0.050296106936426124,0.023165320260409614,0.13323508422769695,2.6729832463379206,-0.576429546139534,0.0,1.0,0.0,0.0,0.0,0.0,1.0,4.47
STU-10893,1.1281850633661783,0.7669888823362707,1.256025095859018,1.7549409971717673,1.0585876518438173,-0.7442852859283431,-0.8757367210676671,0.0,1.0,1.0,0.0,0.0,0.0,0.0,5.65
STU-10049,0.8679088020663964,1.2080712717501774,0.0657225939921197,-0.5494379277506043,0.895459976117418,-2.716419776236223,0.5719326760337117,0.0,1.0,0.0,0.0,0.0,0.0,1.0,4.19
STU-12582,-0.4334725044325135,-0.597099247888217,-0.8096014772687739,0.3723136422183448,-0.8960572413733864,-0.678410229884656,0.11380944910289582,1.0,0.0,0.0,0.0,1.0,0.0,0.0,3.36
STU-13034,-0.9540250270320775,-0.6338561136727091,-1.9036331421949655,-0.13045994140108233,-0.22983226484477487,0.48263763288532757,-0.8818450307600779,1.0,0.0,0.0,1.0,0.0,0.0,0.0,3.27
STU-11976,-0.6937487657322955,-0.578720814995971,-1.283550212976871,-1.862235618312441,-0.9422526893667028,0.6884971830218495,-0.8024370047587366,1.0,0.0,1.0,0.0,0.0,0.0,0.0,3.23
STU-12011,2.1692901085653062,-0.4766184100390482,-0.9310508407939742,-0.9125521825868579,-2.2422214680536245,1.0178724632402847,0.4803080306475485,1.0,0.0,0.0,0.0,1.0,0.0,0.0,3.03
STU-12083,0.8679088020663964,-1.9305566566256278,-1.4918901780485556,-0.8566884510735882,-2.1065223395732575,0.6555596550000059,0.3489793722607146,1.0,0.0,0.0,0.0,0.0,1.0,0.0,2.44
STU-12302,1.6487375859657423,-0.8319347792891394,-1.3437811981397751,-0.22822147154930458,-0.8043881492616493,1.0343412272512063,-1.0376069279165556,0.0,1.0,1.0,0.0,0.0,0.0,0.0,3.2
STU-13936,0.6076325407666144,0.4137145611853183,0.1333590281504616,0.98681468886431,-0.10568199836273691,0.7543722390655365,0.17183839118079905,1.0,0.0,0.0,0.0,0.0,1.0,0.0,4.64
STU-14288,-1.2143012883318594,-0.6665288832589245,1.2007310766930732,-0.27011927018425713,-1.5536205714032507,0.836716059120145,-0.8360327080669964,1.0,0.0,1.0,0.0,0.0,0.0,0.0,4.32
STU-11237,-0.1731962431327315,-0.4704922657416326,-2.532602610207587,-2.155520208757107,-0.07392262786733199,0.33441875678703203,-0.0663856868232254,0.0,1.0,0.0,0.0,0.0,0.0,1.0,3.27
STU-14836,1.6487375859657423,0.10740734631455008,-0.7947905792778966,0.651632299784692,0.09714489048291844,1.470763473540632,1.9004900341330784,0.0,1.0,0.0,1.0,0.0,0.0,0.0,4.04
STU-11955,1.6487375859657423,0.673054669775902,-0.08189268931696528,1.7968387958067198,0.27615225145701905,-1.0901293301576997,0.29095043018281114,0.0,1.0,0.0,0.0,0.0,1.0,0.0,4.88
STU-11765,-1.4745775496316413,-0.08046107880618773,-1.2578779897926833,0.051097186017043834,0.5367234502943198,-1.3536295543324472,-0.6711083463719025,0.0,1.0,0.0,0.0,0.0,1.0,0.0,4.41
STU-14095,-0.4334725044325135,0.8997220087802703,-0.6763033953508719,-1.345496101814697,0.5735354479139942,-0.7607540499392644,-0.5642129267547122,1.0,0.0,1.0,0.0,0.0,0.0,0.0,4.09
STU-13647,-0.9540250270320775,-0.5337957568149249,-1.0051053307483644,-1.0801433771266657,-0.8505835972549658,-0.1349410175242381,-0.45426335229131626,0.0,1.0,0.0,1.0,0.0,0.0,0.0,2.9
STU-12707,-0.4334725044325135,0.1380380678016266,0.6872866130093005,0.1907565148002174,0.3642123241942785,-0.727816521917421,-0.8207619338359692,1.0,0.0,0.0,0.0,0.0,0.0,1.0,3.5
STU-11787,-1.4745775496316413,-0.08046107880618773,-1.466217954864368,-0.4796082633590175,-0.1865240323510411,0.02151224057951886,0.614690843880588,0.0,1.0,0.0,0.0,1.0,0.0,0.0,3.37
STU-12867,2.1692901085653062,0.13191192350421138,1.334029158610975,0.23265431343516998,1.0585876518438173,1.380185271480563,-0.832978553220791,1.0,0.0,0.0,0.0,1.0,0.0,0.0,4.36
STU-10780,0.8679088020663964,-1.2689330725047685,-0.381072828732702,-0.5634038606289227,-0.8087189725110228,-1.1477700041959253,-0.8360327080669964,0.0,1.0,0.0,0.0,1.0,0.0,0.0,3.28
STU-14426,1.3884613246659603,-0.38881034177609436,-0.37811064913452624,1.74097506429345,-1.228808827700244,-0.4890194437590555,-0.18855188067144288,0.0,1.0,0.0,0.0,0.0,0.0,1.0,3.54
STU-11806,0.08708001816705048,0.7874093633276555,-0.10262794650419534,-0.04666434413117842,0.4594904356804943,-0.027894051453246804,-0.08165646105425256,1.0,0.0,0.0,0.0,0.0,0.0,1.0,4.43
STU-10188,0.8679088020663964,2.595387699102364,1.0170759416061854,1.4756223396054189,1.0585876518438173,0.20266864469965792,-0.3046097648272496,0.0,1.0,1.0,0.0,0.0,0.0,0.0,5.55
STU-12489,-0.9540250270320775,-0.7359585186296319,-0.9231516951988394,0.1907565148002174,0.13106967260301014,-1.156004386201387,0.8406983024997907,1.0,0.0,0.0,1.0,0.0,0.0,0.0,3.17
STU-13446,-0.4334725044325135,-0.17439529136655682,-0.12533799009020874,0.553870769636471,1.0585876518438173,-0.34080056766076,0.8040484443453251,1.0,0.0,1.0,0.0,0.0,0.0,0.0,5.23
STU-12453,-1.2143012883318594,-1.5793243835738136,-0.7770175016888423,-1.0382455784917144,-1.7947030656183713,0.41676257684164053,2.157039041214336,1.0,0.0,1.0,0.0,0.0,0.0,0.0,2.89
STU-14789,1.6487375859657423,-1.3934980065522142,0.0657225939921197,-1.191870840153205,-0.7618017206428104,-0.5384257357918212,0.758236121652244,0.0,1.0,1.0,0.0,0.0,0.0,0.0,3.39
STU-11253,-0.6937487657322955,-0.5072491315261247,-0.6417446333721557,-1.4432576319629191,-0.2038473253485344,0.6802628010163888,-0.18855188067144288,1.0,0.0,1.0,0.0,0.0,0.0,0.0,3.68
STU-13545,0.34735627946683245,0.4157566092844567,0.555963317490182,0.6376663669063749,0.9445426396103174,-0.7195821399119602,1.576749620435302,0.0,1.0,0.0,0.0,0.0,1.0,0.0,3.68
STU-14824,0.08708001816705048,-0.1070077040949878,-0.5479422794299291,-0.14442587427939943,0.5872497215370099,-0.9830823640867085,-0.2954473002886335,1.0,0.0,0.0,0.0,0.0,0.0,1.0,3.56
STU-13072,0.34735627946683245,0.10536529821541167,-0.13323713568534354,1.7968387958067198,1.0585876518438173,0.3591219028034149,2.251717841446704,1.0,0.0,0.0,0.0,1.0,0.0,0.0,5.27
STU-14289,-1.2143012883318594,0.5464476876293175,0.0657225939921197,-0.5634038606289227,0.3360619730733513,1.306075833431415,2.5620963276923314,1.0,0.0,0.0,0.0,0.0,0.0,1.0,5.21
STU-13961,0.34735627946683245,-0.5460480454097556,0.020796203419788394,0.009199387382091261,-0.9364782583675384,-2.012380114769318,-0.30766391967345524,1.0,0.0,0.0,0.0,1.0,0.0,0.0,3.81
STU-13237,0.6076325407666144,-0.7870097211080932,0.39304343959052296,-0.8566884510735882,-1.7405677750012034,0.3179499927761099,-0.4603716619837273,1.0,0.0,0.0,0.0,1.0,0.0,0.0,3.59
STU-12631,0.34735627946683245,1.0896324820001466,-0.1302749560871678,0.34438177646170937,0.8586479784977447,-1.1724731502123082,0.6024742244957659,1.0,0.0,1.0,0.0,0.0,0.0,0.0,4.66
STU-13187,0.34735627946683245,-0.019199635832034313,0.7159210157916653,0.5399048367581526,1.0585876518438173,1.4625290915351714,0.47725387580134315,1.0,0.0,1.0,0.0,0.0,0.0,0.0,5.3
STU-12813,-0.4334725044325135,0.7077694874612557,1.5048481821057689,1.2102696149173888,0.1729342973469531,-0.6866446118901167,-0.7169206690649842,0.0,1.0,0.0,0.0,1.0,0.0,0.0,4.75
STU-13764,-0.9540250270320775,0.4463873307715336,-0.6871647205441824,-0.3259830016975256,1.0585876518438173,-1.0407230381249342,-0.1580103322093886,1.0,0.0,0.0,0.0,0.0,1.0,0.0,4.24
STU-11204,0.08708001816705048,-0.027367828228587958,-0.9527734911805952,-1.6667125580159978,-0.09774215573888569,1.7260293157099196,-0.20076850005626465,0.0,1.0,1.0,0.0,0.0,0.0,0.0,3.88
STU-13588,-1.4745775496316413,0.6587603330819327,-0.025611276951629375,0.8052575614461839,0.9943471069781115,-0.727816521917421,-0.5581046170623012,1.0,0.0,0.0,0.0,0.0,1.0,0.0,5.12
STU-14105,1.3884613246659603,0.8956379125819934,1.1553109895210463,0.16282464904358318,1.0585876518438173,1.536638529584319,-0.7199748239111896,1.0,0.0,0.0,0.0,1.0,0.0,0.0,5.38
STU-14697,-0.1731962431327315,0.45659757126722567,1.1671597079137492,0.42817737373161324,1.0585876518438173,1.1990288673604246,1.1338971677355127,1.0,0.0,0.0,0.0,0.0,1.0,0.0,4.61
STU-12293,0.6076325407666144,0.0788186729266116,0.4246400219710635,0.23265431343516998,1.0585876518438173,-0.21728483757884656,-0.04806075774599261,1.0,0.0,0.0,0.0,0.0,1.0,0.0,4.36
STU-10707,1.3884613246659603,0.017557229952457815,-0.8639081032353264,-0.8706543839519053,0.2739868398323323,-0.29962865763345575,-0.9337656631455705,1.0,0.0,0.0,0.0,1.0,0.0,0.0,4.13
STU-11612,0.34735627946683245,-0.5848469592933861,-0.8925425060176913,0.023165320260409614,-1.0981623263441458,0.8449504411256057,0.2268131784124969,1.0,0.0,0.0,0.0,0.0,0.0,1.0,3.73
STU-12773,2.4295663698650882,-1.9959021957980585,0.0657225939921197,-0.5354719948722872,-2.6890180666139827,-0.23375360158976868,0.4039541594924125,1.0,0.0,0.0,0.0,1.0,0.0,0.0,2.69
STU-14757,1.1281850633661783,1.0875904339010085,1.5048481821057689,1.4197586080921505,-0.14754662310667985,-0.45608191573721196,0.35203352710692004,1.0,0.0,0.0,0.0,0.0,1.0,0.0,5.43
STU-12286,-1.4745775496316413,-0.5092911796252635,-2.279829951163268,-1.2896323703014272,-2.1960260200603083,0.27677808274880566,0.428387398262056,1.0,0.0,0.0,0.0,0.0,0.0,1.0,2.03
STU-11458,-0.9540250270320775,1.9615870203322665,-0.04140956814189896,1.3499289437005624,1.0585876518438173,-0.15964416354062091,-0.603916939755383,0.0,1.0,0.0,0.0,0.0,0.0,1.0,5.63
STU-11400,0.8679088020663964,-0.4929547948321559,-0.07300615052243951,-0.07459620988781264,-0.18363681685145836,-0.003190905436863971,0.26957134625937323,1.0,0.0,1.0,0.0,0.0,0.0,0.0,4.13
STU-14510,1.6487375859657423,-0.656318642763232,-0.9744961415672162,-0.9265181154651749,-1.2981019996902194,0.6802628010163888,0.38562923041518,1.0,0.0,1.0,0.0,0.0,0.0,0.0,2.99
STU-11891,0.8679088020663964,-2.2695366410826114,-1.0860715730984971,-0.7868587866820002,-2.6413790108708746,0.4579344868689447,-0.7077582045263678,1.0,0.0,0.0,0.0,1.0,0.0,0.0,2.16
STU-10717,0.6076325407666144,-1.4935583634099985,-1.475104493658895,0.023165320260409614,-0.8289294810080988,2.080107741944737,1.3721212457395375,1.0,0.0,0.0,0.0,0.0,0.0,1.0,3.99
STU-12273,-1.2143012883318594,-0.023283732030311134,0.25184621207748625,-0.4516763976023833,0.1729342973469531,1.5284041475788583,2.0531977764433504,0.0,1.0,1.0,0.0,0.0,0.0,0.0,4.3
STU-14151,-1.2143012883318594,-2.2695366410826114,0.06720368379120617,1.2940652121872926,0.1729342973469531,0.606153362967241,0.17489254602700444,1.0,0.0,0.0,0.0,1.0,0.0,0.0,4.64
STU-11292,2.559704500514979,0.8956379125819934,-0.2467873536154077,1.0706102861342153,0.16788167022268358,-2.349989776993213,-0.17022695159421036,0.0,1.0,1.0,0.0,0.0,0.0,0.0,4.82
STU-13829,-0.4334725044325135,0.3299905891206416,1.5048481821057689,0.0929949846519964,0.6507684625278197,-0.052597197469628904,1.2469008970451143,1.0,0.0,0.0,0.0,0.0,1.0,0.0,4.79
STU-10723,2.4295663698650882,-1.2648489763064916,-0.8253997684590434,0.3164499107050751,-2.1260110441954376,0.6308565089836231,-1.0131736891469119,1.0,0.0,0.0,1.0,0.0,0.0,0.0,2.92
STU-14951,0.6076325407666144,-0.9830463386253849,-0.11348927169750585,-1.359462034693014,1.0585876518438173,1.7260293157099196,-0.9490364373765977,1.0,0.0,0.0,0.0,1.0,0.0,0.0,4.29
STU-14779,-0.4334725044325135,0.7812832190302399,0.9519079904463223,-0.5913357263855569,-0.12300529136023125,-0.4725506797481341,0.9384312575783649,1.0,0.0,0.0,0.0,1.0,0.0,0.0,3.81
STU-14407,-1.4745775496316413,0.20338360697405722,0.7643032825618665,0.6097345011497406,1.0585876518438173,0.7873097670873801,-0.18549772582523752,1.0,0.0,0.0,0.0,1.0,0.0,0.0,5.42
STU-10457,-1.4745775496316413,-0.529711660616648,0.4404383131613331,-1.3734279675713312,0.5821970944127415,0.2932468467597278,0.23292148810490793,0.0,1.0,0.0,0.0,0.0,0.0,1.0,4.25
STU-12079,-0.9540250270320775,-0.023283732030311134,1.5048481821057689,0.14885871616526608,1.0585876518438173,-0.7854571959556473,-0.8635201016828453,0.0,1.0,0.0,0.0,0.0,1.0,0.0,4.93
STU-10915,0.34735627946683245,-0.1601009546725876,-2.6945350949078537,-0.7030631894120962,-0.13094513398408247,-1.2383482062559954,0.30622120441383854,1.0,0.0,0.0,1.0,0.0,0.0,0.0,3.11
STU-10038,-0.1731962431327315,1.0079505580346086,1.5048481821057689,1.321997077943928,1.0585876518438173,1.2072632493658852,0.15351346210356653,0.0,1.0,0.0,0.0,0.0,0.0,1.0,6.48
STU-14240,-0.9540250270320775,-0.27445564822434115,1.4337558717495544,-0.5913357263855569,0.8160615498789058,-1.2795201162832994,0.0008057197932944839,1.0,0.0,0.0,1.0,0.0,0.0,0.0,4.47
STU-13336,-1.4745775496316413,-0.04574626112083402,1.350814843000637,0.8890531587160878,0.8831893102441932,1.149622575327659,0.6696656311122858,0.0,1.0,0.0,0.0,0.0,1.0,0.0,5.7
STU-10566,0.6076325407666144,0.2626030018490726,0.42957698796802257,-0.8985862497085395,0.7778059445094405,1.281372687415033,2.212013828446034,1.0,0.0,0.0,0.0,0.0,1.0,0.0,4.55
STU-10432,0.34735627946683245,-0.4296513037588637,0.5214045555114671,-1.191870840153205,0.44938518143195627,-0.6043007918355082,0.3825750755689746,1.0,0.0,0.0,0.0,1.0,0.0,0.0,3.95
STU-11161,-1.4745775496316413,0.10536529821541167,-0.6456942061697237,-1.3035983031797445,0.1852049632201779,-0.8678010160102557,1.472908355664317,1.0,0.0,0.0,0.0,0.0,0.0,1.0,3.68
STU-11482,-1.4745775496316413,0.027767470448150235,-1.7525619826880092,0.20472244767853576,0.13323508422769695,0.17796549868327508,0.7002071795743402,0.0,1.0,1.0,0.0,0.0,0.0,0.0,4.07
STU-11931,-0.1731962431327315,1.3612248791855615,-0.10855230570054678,1.74097506429345,1.0585876518438173,0.17796549868327508,-0.4603716619837273,1.0,0.0,0.0,1.0,0.0,0.0,0.0,4.64
STU-12590,0.8679088020663964,-0.7277903262330778,-0.12533799009020874,-1.345496101814697,-0.0306143953735982,1.0672787552730505,2.5620963276923314,0.0,1.0,0.0,0.0,0.0,0.0,1.0,3.86
STU-11404,-0.6937487657322955,-0.26832950392692556,0.10768680496627249,0.023165320260409614,-0.061651961994107184,-1.7818174186164133,-0.319880539058277,1.0,0.0,0.0,0.0,0.0,0.0,1.0,3.7
STU-12301,0.6076325407666144,-1.4915163153108602,-0.7483830989064775,-1.4991213634761889,0.3779265978172942,-0.34080056766076,2.239501222061883,1.0,0.0,0.0,0.0,0.0,1.0,0.0,2.8
STU-12604,-0.1731962431327315,0.4729339560603333,0.29035454685376927,1.7549409971717673,0.7366631236403934,1.2649039234041102,-1.0834192506096372,0.0,1.0,0.0,0.0,1.0,0.0,0.0,5.72
STU-13692,0.34735627946683245,-0.4745763619399098,-1.5689068476011214,-0.9265181154651749,-0.9646286094884657,-1.2136450602396125,-0.8177077789897638,1.0,0.0,0.0,1.0,0.0,0.0,0.0,2.53
STU-13040,-1.4745775496316413,1.2836270514182997,1.480163352120972,1.727009131415133,1.0585876518438173,0.07915291461774449,-0.4878590555995762,1.0,0.0,0.0,0.0,0.0,0.0,1.0,6.15
STU-12015,0.8679088020663964,0.9936562213406394,-2.0102716077292873,0.6655982326630103,-0.12228348748533531,1.1249194293112754,-0.1580103322093886,0.0,1.0,0.0,0.0,0.0,0.0,1.0,4.08
STU-12153,2.4295663698650882,0.4708919079611949,1.1809832127052355,1.2940652121872926,0.9741365984810354,-0.6866446118901167,-0.16106448705559395,1.0,0.0,0.0,0.0,0.0,1.0,0.0,4.35
STU-10456,2.559704500514979,0.1441642120990422,0.7998494377399737,0.7633597628112313,1.0585876518438173,0.6967315650273102,0.30011289472142755,1.0,0.0,0.0,0.0,0.0,1.0,0.0,6.25
STU-13251,-0.1731962431327315,0.42596684978014876,1.2027058630918566,-0.1025280756444481,1.0585876518438173,1.1660913393385803,-1.581246490541124,0.0,1.0,0.0,0.0,0.0,1.0,0.0,4.94
STU-12329,2.559704500514979,-0.6604027389615088,-2.837830532969599,-2.6443278594982162,-0.09124592086482633,0.8284816771146842,1.1583304065051563,1.0,0.0,0.0,0.0,0.0,1.0,0.0,2.36
STU-14799,1.1281850633661783,0.029809518547288645,0.7139462293928807,0.40024550797497904,0.4544378085562248,-1.4853796664198213,2.1326058024446923,1.0,0.0,0.0,0.0,1.0,0.0,0.0,4.98
STU-12703,-1.4745775496316413,-0.6318140655735707,-0.3860097947296624,-0.6192675921421923,0.1729342973469531,0.26030931873788427,-0.7718954562966821,1.0,0.0,0.0,0.0,1.0,0.0,0.0,3.79
STU-10789,-0.1731962431327315,0.2728132423447647,0.6991353314020035,1.7968387958067198,0.1180772028548894,0.12855920665051015,-0.038898293207376214,1.0,0.0,0.0,0.0,0.0,1.0,0.0,4.74
STU-10493,-1.4745775496316413,-0.17643733946569523,-0.1302749560871678,-1.8762015511907584,-0.3236667685811998,0.13679358865597085,1.2652258261223472,1.0,0.0,0.0,0.0,0.0,0.0,1.0,3.27
STU-12206,0.34735627946683245,-0.6318140655735707,-1.2559032033938986,0.023165320260409614,-0.9018316723725508,-1.337160790321526,0.2970587398752222,0.0,1.0,0.0,0.0,0.0,1.0,0.0,3.44
STU-13883,-0.4334725044325135,-0.017157587732895902,-0.15199760647378882,-2.0717246114872014,0.9192795039889717,-1.5677234864744307,-0.25574328728796253,0.0,1.0,0.0,0.0,0.0,1.0,0.0,3.26
STU-12564,1.1281850633661783,-0.4868286505347403,-0.7128369437283701,0.6376663669063749,-1.5341318667810706,-0.9172073080430214,0.27873381079798965,0.0,1.0,0.0,0.0,0.0,1.0,0.0,3.44
STU-11407,0.8679088020663964,-0.5440059973106173,-1.39907521730572,-0.24218740442762168,-0.9595759823641962,0.8696535871419893,-0.6405667979098483,1.0,0.0,1.0,0.0,0.0,0.0,0.0,3.77
STU-12727,0.34735627946683245,0.45251347506894884,1.0269498736001035,0.023165320260409614,-0.5207192264276896,-0.4643162977426727,-0.1763352612866211,1.0,0.0,0.0,1.0,0.0,0.0,0.0,4.15
STU-12330,-0.4334725044325135,-0.023283732030311134,0.8314460201205143,-1.0522115113700314,-1.095275110844564,-0.8101603419720301,0.26346303656696224,0.0,1.0,0.0,1.0,0.0,0.0,0.0,3.95
STU-14266,-0.6937487657322955,0.5954568420086405,-0.6921016865411416,-0.15839180715771778,0.18303955159549112,-1.4359733743870564,1.0941931547348422,0.0,1.0,0.0,0.0,1.0,0.0,0.0,4.72
STU-13443,0.08708001816705048,-0.008989395336341894,0.6833370402117338,0.16282464904358318,0.1729342973469531,-0.9995511280976299,0.4589289467241106,1.0,0.0,0.0,0.0,0.0,0.0,1.0,4.11
STU-12637,-1.4745775496316413,-0.023283732030311134,-0.3080057319777041,0.40024550797497904,0.5338362347947381,0.02151224057951886,-0.7932745402201201,1.0,0.0,1.0,0.0,0.0,0.0,0.0,5.57
STU-10466,2.559704500514979,0.5301113028362102,0.3031906584458631,0.651632299784692,0.4161822031867595,-0.6207695558464297,0.32760028833727645,1.0,0.0,0.0,1.0,0.0,0.0,0.0,4.24
STU-13170,-0.4334725044325135,-0.09475541550015698,0.38909386679295627,-0.35391486745416106,0.11158096798082902,-2.4735055070751266,-0.3320971584430985,1.0,0.0,1.0,0.0,0.0,0.0,0.0,3.73
STU-12109,1.6487375859657423,0.05227204763781153,0.6527278510305856,-0.4516763976023833,1.0585876518438173,0.18619988068873652,-0.2649057518265789,1.0,0.0,0.0,0.0,0.0,0.0,1.0,5.14
STU-12055,-1.4745775496316413,0.3769576954008262,0.5016566915236295,1.7968387958067198,1.0585876518438173,-0.7525196679338038,2.040981157058529,1.0,0.0,0.0,0.0,0.0,0.0,1.0,4.67
STU-10845,1.1281850633661783,0.7138956317586709,-0.402795479119323,-0.2561533373059388,1.0585876518438173,-1.2712857342778388,-0.1580103322093886,0.0,1.0,0.0,0.0,0.0,1.0,0.0,4.83
STU-14399,0.34735627946683245,-0.6113935845821863,-1.0218910151380265,-0.28408520306257423,-1.5168085737835773,-0.5219569717808991,1.1308430128893074,1.0,0.0,0.0,1.0,0.0,0.0,0.0,3.53
STU-11258,0.8679088020663964,-0.6583606908623705,0.12348509615654348,-1.8901674840690754,0.9929034992283207,-0.2749255116170729,1.8730026405172293,1.0,0.0,0.0,0.0,0.0,1.0,0.0,2.82
STU-10681,-1.4745775496316413,0.09719710581885767,-0.243825174017232,-0.2561533373059388,0.28770111345534793,-0.45608191573721196,0.9414854124245703,0.0,1.0,1.0,0.0,0.0,0.0,0.0,3.91
STU-14870,-0.9540250270320775,0.9977403175389162,1.3991971097708396,1.0287124874992626,0.5894151331616967,-0.5384257357918212,0.7704527410370654,0.0,1.0,0.0,0.0,0.0,1.0,0.0,5.87
STU-12231,1.3884613246659603,-0.11925999268981864,0.3308376680288356,-0.5634038606289227,0.14334033847623392,0.5485126889290146,-0.3565303972127421,1.0,0.0,0.0,0.0,0.0,0.0,1.0,3.7
STU-13946,0.6076325407666144,-2.13884556273775,-2.837830532969599,-1.5410191621111402,-3.1643259182327137,-1.8641612386710216,0.7124237989591622,0.0,1.0,0.0,0.0,1.0,0.0,0.0,1.0
STU-11293,0.08708001816705048,-0.24586697483640266,-0.65951771096121,-1.3175642360580628,-0.8491399895051749,0.7790753850819193,-0.5214547589078359,1.0,0.0,0.0,0.0,0.0,0.0,1.0,3.13
STU-14211,-1.4745775496316413,0.5729943129181176,0.9400592720536195,0.26058617919180543,0.44361075043279186,0.49087201489078824,0.7399111925750111,0.0,1.0,0.0,0.0,0.0,1.0,0.0,4.69
STU-11766,0.6076325407666144,-0.7073698452416934,-0.1905059412500718,-0.5773697935072397,0.5056858836738108,0.9025911151638321,-0.13357709343974503,0.0,1.0,0.0,0.0,0.0,1.0,0.0,3.67
STU-13457,0.8679088020663964,-1.8223281073712898,0.025733169416747463,-2.4767366649584073,-1.3406884283090572,-0.027894051453246804,1.036164212656939,1.0,0.0,0.0,0.0,0.0,0.0,1.0,1.46
STU-13840,-1.4745775496316413,1.7104151041382365,-1.3131720089586283,1.7968387958067198,1.0585876518438173,1.4131227995024072,-0.7169206690649842,1.0,0.0,0.0,0.0,0.0,0.0,1.0,5.68
STU-10275,-0.1731962431327315,-0.27037155202606433,1.3419283042061099,0.23265431343516998,0.13684410360217458,-0.8925041620266386,-0.9123865792221324,1.0,0.0,1.0,0.0,0.0,0.0,0.0,4.37
STU-13523,0.6076325407666144,1.1570200692717159,0.21037569770302758,0.6655982326630103,0.8153397460040098,1.2072632493658852,-0.9734696761462412,1.0,0.0,0.0,0.0,0.0,0.0,1.0,3.69
STU-12095,1.1281850633661783,-0.0988395116984338,0.23012356169086526,-1.345496101814697,-0.21395257959707242,-0.7113477579064995,0.06188881671740308,0.0,1.0,0.0,0.0,0.0,0.0,1.0,3.97
STU-11007,-0.1731962431327315,-0.7910938173063701,-0.8392232732505296,-0.5354719948722872,-1.5456807287793994,-0.10200348950239456,0.7368570377288057,1.0,0.0,0.0,0.0,1.0,0.0,0.0,3.55
STU-11011,0.6076325407666144,-1.2873115053970148,-0.7819544676858013,0.16282464904358318,-1.4287485010463168,-1.0571918021358562,-0.5855920106781501,0.0,1.0,0.0,0.0,0.0,1.0,0.0,3.08
STU-12381,-1.4745775496316413,-0.8196824906943085,1.152348809922872,1.238201480674023,-0.2038473253485344,1.5942792036225455,0.2420839526435243,1.0,0.0,0.0,0.0,1.0,0.0,0.0,4.39
STU-14588,-0.6937487657322955,-0.1641850508708644,-1.5610077020059867,-0.9963477798567617,0.12312982997915892,-0.16787854554608161,0.0679971264098141,1.0,0.0,0.0,1.0,0.0,0.0,0.0,2.64
STU-13793,0.34735627946683245,1.136599588280331,1.5048481821057689,0.8331894272028181,1.0585876518438173,0.5402783069235539,-0.6985957399877515,1.0,0.0,0.0,0.0,0.0,1.0,0.0,4.87
STU-10499,0.08708001816705048,0.8507128544009477,0.09583808657357101,-0.28408520306257423,-0.2991254368347502,-0.5219569717808991,0.4955788048785759,1.0,0.0,0.0,1.0,0.0,0.0,0.0,3.55
STU-14357,-1.2143012883318594,-1.5874925759703675,-1.1808613202401175,-0.8985862497085395,-0.6679672169063864,-2.193536518889457,-0.7627329917580659,1.0,0.0,0.0,0.0,0.0,0.0,1.0,2.62
STU-13439,-0.6937487657322955,0.015515181853319404,-0.30208137278135266,0.13489278328694773,0.1729342973469531,-0.42314438771536844,-0.07860230620804719,0.0,1.0,0.0,0.0,1.0,0.0,0.0,3.65
STU-12030,-0.6937487657322955,-0.10292360789671098,-0.7246856621210731,-0.5215060619939701,-0.5575312240473641,-0.31609742164437715,-1.055931856993788,0.0,1.0,1.0,0.0,0.0,0.0,0.0,4.16
STU-14004,-0.6937487657322955,1.7287935370304826,1.0585464559806441,-0.17235774003603488,1.0585876518438173,0.02151224057951886,-0.8635201016828453,1.0,0.0,0.0,0.0,0.0,0.0,1.0,5.03
STU-13788,-1.2143012883318594,-1.391455958453076,-1.011029689944716,1.3638948765788808,-1.823575220614194,-1.0736605661467777,-0.22825589367211357,0.0,1.0,0.0,0.0,1.0,0.0,0.0,3.69
STU-14438,0.6076325407666144,2.2188850808237124,1.4791759589215798,1.7968387958067198,1.0585876518438173,-1.3206920263106037,-0.1457937128245668,1.0,0.0,0.0,0.0,0.0,0.0,1.0,5.64
STU-12061,1.1281850633661783,-0.8829859817676006,-0.31195530477527217,-0.1025280756444481,-0.2659224585895534,0.7626066210709972,0.33676275287589286,1.0,0.0,0.0,1.0,0.0,0.0,0.0,3.94
STU-10497,-0.1731962431327315,-0.5807628630951094,0.2133378773012033,0.23265431343516998,0.9835200488546775,-0.11023787150785526,1.3171464585078396,1.0,0.0,0.0,0.0,0.0,0.0,1.0,4.42
STU-12973,1.9090138472655243,-0.4071887746683408,-0.6101480509916165,1.2521674135523413,-0.6766288634051336,0.8696535871419893,-0.1763352612866211,1.0,0.0,0.0,0.0,0.0,0.0,1.0,4.45
STU-13098,-0.4334725044325135,-0.578720814995971,0.35157292521606426,-0.9684159141001275,-0.3799674708230544,0.6802628010163888,-0.22520173882590822,1.0,0.0,0.0,0.0,0.0,0.0,1.0,3.81
STU-11809,0.8679088020663964,0.8711333353923318,1.1592605623186145,0.9169850244727232,-0.09918576348867757,-0.5301913537863597,0.24819226233593508,0.0,1.0,0.0,0.0,0.0,0.0,1.0,4.65
STU-12439,-1.2143012883318594,-1.4853901710134447,-1.328970300148898,0.1907565148002174,-1.0996059340939377,0.7049659470327716,-0.1580103322093886,1.0,0.0,0.0,0.0,0.0,0.0,1.0,3.78
STU-10797,-1.4745775496316413,0.6669285254784867,0.0657225939921197,0.023165320260409614,1.0585876518438173,1.7754356077426852,-1.0803650957634316,1.0,0.0,0.0,0.0,1.0,0.0,0.0,5.96
STU-11936,-0.6937487657322955,-0.02940987632772637,0.22913616849147286,-1.1220411757616182,1.0585876518438173,0.06268415060682309,1.5950745495125342,1.0,0.0,0.0,0.0,0.0,1.0,0.0,3.31
STU-11034,0.34735627946683245,-1.2791433130004608,0.12249770295715111,1.6990772656584976,-2.384416831408052,-0.26669112961161223,0.06494297156360873,0.0,1.0,0.0,0.0,1.0,0.0,0.0,4.14
STU-11104,-0.9540250270320775,-0.18664757996138764,-1.0910085390954576,0.38627957509666194,0.15705461209925062,-0.7360509039228816,-0.7474622175270386,1.0,0.0,0.0,0.0,1.0,0.0,0.0,3.9
STU-12868,-1.4745775496316413,-2.2695366410826114,-2.0152085737262477,-0.2980511359408914,-0.9768992753616905,-1.3700983183433695,-0.27101406151898993,1.0,0.0,1.0,0.0,0.0,0.0,0.0,2.45
STU-12087,-0.9540250270320775,-0.4561979290476634,1.4732515997252298,-0.24218740442762168,-0.4297719381908485,0.03798100459044026,-1.4254845933846463,1.0,0.0,0.0,0.0,1.0,0.0,0.0,4.03
STU-12686,-0.1731962431327315,0.09107096152144244,1.2017184698924654,-0.8706543839519053,1.0585876518438173,0.15326235266689298,-1.4132679739998248,1.0,0.0,0.0,1.0,0.0,0.0,0.0,4.76
STU-11184,-0.4334725044325135,0.05839819193522713,-1.892771817001655,1.4895882724837373,-0.3164487298322435,0.09562167862866662,0.8193192185763526,0.0,1.0,1.0,0.0,0.0,0.0,0.0,4.73
STU-12937,0.8679088020663964,-0.5092911796252635,-2.3558592275164423,1.7968387958067198,-1.595485196147194,0.26030931873788427,0.5841492954185338,0.0,1.0,0.0,0.0,1.0,0.0,0.0,3.46
STU-13928,2.1692901085653062,0.031851566646427056,0.7771393941539604,0.972848755985993,1.0585876518438173,1.4625290915351714,2.386100654679744,1.0,0.0,0.0,0.0,1.0,0.0,0.0,5.31
STU-11823,-0.4334725044325135,-0.5828049111942478,-2.5533378673948164,-1.0522115113700314,-0.37635845144857566,0.7790753850819193,-0.39623441021341305,1.0,0.0,0.0,1.0,0.0,0.0,0.0,2.92
STU-13543,0.08708001816705048,1.0099926061337468,0.5006692983242371,-1.0522115113700314,1.0585876518438173,-0.20081607356792516,0.4436581724930832,1.0,0.0,0.0,0.0,0.0,0.0,1.0,4.47
STU-11821,-1.4745775496316413,-0.6440663541684012,0.3683586096057262,-1.2198027059098404,-0.3243885724560947,-1.1230668581795433,0.4314415531082617,1.0,0.0,0.0,0.0,1.0,0.0,0.0,3.42
STU-12053,1.3884613246659603,0.3504110701120261,0.37823254159964576,-0.8566884510735882,-0.4369899769398038,1.1331538113167374,0.1474051524111555,1.0,0.0,0.0,0.0,0.0,1.0,0.0,4.51
STU-13979,1.1281850633661783,0.017557229952457815,-1.0870589662978896,0.4421433066099316,-0.5719673015452758,0.836716059120145,-0.11830631920871788,1.0,0.0,0.0,0.0,1.0,0.0,0.0,4.42
STU-12697,-0.6937487657322955,-0.3193807064053869,-0.9182147292018803,-0.9544499812218091,-0.36841860882472444,0.672028419010928,2.5620963276923314,0.0,1.0,1.0,0.0,0.0,0.0,0.0,3.67
STU-10239,0.34735627946683245,-0.021241683931172723,-1.5600203088065958,-0.8566884510735882,0.23934025383734567,-1.156004386201387,0.5200120436482192,1.0,0.0,0.0,0.0,0.0,1.0,0.0,4.04
STU-12529,-1.2143012883318594,0.45251347506894884,-1.5373102652205823,-0.7449609880470488,-1.032478173728649,0.7049659470327716,-0.2343642033645246,0.0,1.0,0.0,0.0,0.0,0.0,1.0,3.06
STU-14007,1.1281850633661783,1.5123364385218068,1.5048481821057689,1.7968387958067198,1.0585876518438173,-0.06906596148055104,1.5798037752815073,0.0,1.0,0.0,0.0,0.0,0.0,1.0,5.09
STU-14647,0.08708001816705048,-1.9775237629058124,0.3999551919862668,-0.9125521825868579,-2.3569882841620204,1.1578569573331197,-0.9704155213000357,0.0,1.0,1.0,0.0,0.0,0.0,0.0,3.6
STU-11462,0.08708001816705048,1.718583296534791,1.5048481821057689,-0.3259830016975256,1.0585876518438173,0.9519974071965978,1.2743882906609634,1.0,0.0,0.0,0.0,1.0,0.0,0.0,5.16
STU-12971,-0.6937487657322955,2.595387699102364,1.5048481821057689,1.7968387958067198,1.0585876518438173,0.02151224057951886,0.11380944910289582,0.0,1.0,0.0,0.0,1.0,0.0,0.0,6.5
STU-11839,1.9090138472655243,1.7451299218235907,1.5048481821057689,1.7968387958067198,1.0585876518438173,-0.18434730955700304,0.5230661984944246,1.0,0.0,0.0,0.0,0.0,1.0,0.0,6.58
STU-14150,-1.4745775496316413,-0.7420846629270471,0.0657225939921197,0.34438177646170937,0.06394191223772164,0.21913740871057932,0.83458999280738,1.0,0.0,0.0,0.0,0.0,0.0,1.0,4.6
STU-12379,1.9090138472655243,-0.3990205822717868,0.14422035334377212,1.3638948765788808,-0.8152152073850821,1.009638081234824,-0.1580103322093886,1.0,0.0,0.0,0.0,0.0,0.0,1.0,4.11
STU-10998,0.08708001816705048,-1.1280317536642153,-0.25666128560932727,-2.253281738905329,-1.1450795782123582,-0.9666136000757863,1.8943817244406675,1.0,0.0,0.0,0.0,0.0,1.0,0.0,3.06
STU-14245,-0.4334725044325135,0.8119139405173168,1.218504154282126,0.5119729710015184,1.0585876518438173,0.19443426269419722,-0.4725882813685491,0.0,1.0,0.0,0.0,0.0,1.0,0.0,6.26
STU-10939,0.8679088020663964,0.16866878928870352,1.4614028813325268,-1.024279645613396,0.6377759927797001,-1.3700983183433695,-0.8390868629132019,1.0,0.0,0.0,0.0,0.0,1.0,0.0,4.14
STU-12077,1.1281850633661783,0.6812228621724556,1.501886002507593,1.7968387958067198,1.0585876518438173,-1.131301240185004,0.6452323923426423,1.0,0.0,0.0,0.0,1.0,0.0,0.0,4.57
STU-13600,-0.4334725044325135,-1.0340975411038462,1.0022650436153069,-0.40977859896743074,-0.19446387497489231,-0.678410229884656,-0.8513034822980237,1.0,0.0,0.0,0.0,0.0,1.0,0.0,3.76
STU-13597,-0.1731962431327315,1.6144388434787293,-0.42550552270533637,0.7633597628112313,-0.5928996139172467,1.174325721344041,-0.7169206690649842,0.0,1.0,0.0,0.0,0.0,1.0,0.0,5.76
STU-10206,0.08708001816705048,0.1992995107757804,0.5144928031157233,0.20472244767853576,1.0037305573517536,1.536638529584319,-0.4053968747520292,1.0,0.0,0.0,0.0,0.0,0.0,1.0,4.24
STU-10886,-1.2143012883318594,0.5015226294482718,1.5048481821057689,-0.40977859896743074,1.0030087534768586,-0.31609742164437715,0.2665171914131679,1.0,0.0,0.0,1.0,0.0,0.0,0.0,3.9
STU-14772,-0.4334725044325135,-0.3214227545045257,-0.6170598033873589,-0.40977859896743074,-0.06093015811921227,1.7095605516989982,-0.680270810910519,0.0,1.0,0.0,0.0,1.0,0.0,0.0,3.65
STU-10826,0.6076325407666144,0.632213707793133,0.1333590281504616,-1.2337686387881577,0.8117307266295322,-0.23375360158976868,-0.20076850005626465,1.0,0.0,0.0,0.0,0.0,1.0,0.0,4.43
STU-12443,1.3884613246659603,1.3632669272846993,0.0657225939921197,0.023165320260409614,1.0585876518438173,1.149622575327659,-0.9948487600696793,1.0,0.0,0.0,1.0,0.0,0.0,0.0,5.28
STU-11747,0.8679088020663964,-0.5154173239226787,-1.8779609190107778,-1.2058367730315234,-0.46802754356031384,0.7955441490928408,-1.2727768510743744,0.0,1.0,1.0,0.0,0.0,0.0,0.0,3.51
STU-14268,-0.4334725044325135,-1.0177611563107385,-0.6012615121970893,0.20472244767853576,0.14261853460133903,-0.21728483757884656,-0.5794837009857394,1.0,0.0,0.0,0.0,1.0,0.0,0.0,4.0
STU-12602,1.9090138472655243,-0.03553602062514197,-0.1974176936458142,0.06506311889536094,-0.6123883185394279,-0.052597197469628904,0.4497664821854942,1.0,0.0,0.0,0.0,0.0,1.0,0.0,3.42
STU-14084,1.1281850633661783,-1.0075509158150464,-0.17668243645858558,-0.15839180715771778,-0.5322680884260196,-0.15964416354062091,1.3873920199705643,0.0,1.0,0.0,0.0,0.0,0.0,1.0,3.95
STU-13753,-0.1731962431327315,0.632213707793133,0.4819088275357918,1.1125080847691666,0.1729342973469531,1.4789978555460943,1.396554484509181,0.0,1.0,0.0,0.0,0.0,1.0,0.0,4.88
STU-12002,0.08708001816705048,0.323864444823226,1.191844537898546,-0.5354719948722872,1.0585876518438173,1.3554821254641807,-0.48480490075337057,1.0,0.0,0.0,0.0,1.0,0.0,0.0,5.23
STU-10651,-1.4745775496316413,2.1065724353710973,1.2708359938498952,1.3499289437005624,1.0585876518438173,1.6683886416716933,1.2010885743520328,0.0,1.0,0.0,1.0,0.0,0.0,0.0,6.24
STU-10945,0.34735627946683245,1.154978021172577,1.5048481821057689,1.7968387958067198,1.0585876518438173,-1.9959113507583959,0.3489793722607146,1.0,0.0,0.0,0.0,0.0,1.0,0.0,5.68
STU-11919,-0.1731962431327315,-0.15397481037517236,-2.0152085737262477,-0.35391486745416106,-1.1595156557102697,-0.9007385440320993,0.807102599191531,1.0,0.0,0.0,0.0,0.0,0.0,1.0,3.1
STU-11079,1.1281850633661783,1.1978610312544848,0.555963317490182,0.4700751723665658,0.1729342973469531,-0.003190905436863971,-0.6375126430636426,1.0,0.0,0.0,0.0,0.0,1.0,0.0,5.62
STU-10885,1.9090138472655243,-1.4608855938237832,-0.47290039627614655,-0.9823818469784447,-1.4446281862940202,0.6308565089836231,0.7032613344205455,1.0,0.0,0.0,0.0,0.0,0.0,1.0,2.23
STU-12649,-1.4745775496316413,-0.4296513037588637,0.6349547734415313,-0.04666434413117842,0.6709789710248958,-1.0654261841413168,-0.4115051844444402,0.0,1.0,0.0,0.0,1.0,0.0,0.0,4.32
STU-14586,0.34735627946683245,-0.2867079368191716,0.1452077465431645,1.1823377491607534,1.0585876518438173,-0.3737380956826035,2.5620963276923314,0.0,1.0,0.0,0.0,0.0,0.0,1.0,5.01
STU-13856,0.8679088020663964,-0.34796937979332543,0.036594494610057975,1.7968387958067198,-1.0822826410964432,0.8284816771146842,1.5645330010504799,1.0,0.0,1.0,0.0,0.0,0.0,0.0,4.4
STU-12338,-1.4745775496316413,-0.8727757412719083,-2.463485086250156,-0.4935741962373346,-0.9364782583675384,0.41676257684164053,-0.5122922943692197,1.0,0.0,0.0,0.0,1.0,0.0,0.0,3.33
STU-10656,-0.4334725044325135,-1.0116350120133233,0.6181690890518694,0.7773256956895485,0.0011449751218067172,0.9025911151638321,-0.14884786767077218,1.0,0.0,0.0,0.0,1.0,0.0,0.0,4.52
STU-10873,0.8679088020663964,-0.5011229872287095,-1.9510280157657756,-0.39581266608911364,-1.7528384408744284,-0.2913942756279943,-0.2160392742872918,0.0,1.0,1.0,0.0,0.0,0.0,0.0,3.85
STU-13932,0.08708001816705048,-1.275059216802184,0.40390476478383347,0.023165320260409614,-1.4496808134182886,1.1084506653003539,-0.5581046170623012,0.0,1.0,0.0,0.0,0.0,0.0,1.0,4.51
STU-14622,-1.2143012883318594,0.4770180522586101,1.5048481821057689,-0.3120170688192085,0.49124980617589925,-0.8925041620266386,-0.1580103322093886,1.0,0.0,1.0,0.0,0.0,0.0,0.0,4.42
STU-12128,-1.4745775496316413,0.9017640568794091,-0.6417446333721557,1.7968387958067198,0.927219346612824,-0.027894051453246804,-0.5336713782926576,0.0,1.0,0.0,0.0,0.0,1.0,0.0,5.11
STU-14677,0.6076325407666144,-0.023283732030311134,0.2646823236695801,-2.155520208757107,-0.15404285798074022,1.4954666195570157,-0.1580103322093886,1.0,0.0,0.0,0.0,0.0,0.0,1.0,2.67
STU-13657,2.559704500514979,-1.9611873781127047,0.0657225939921197,-1.4711894977195534,-1.166733694459225,-2.3005834849604483,-0.9154407340683379,0.0,1.0,0.0,0.0,1.0,0.0,0.0,2.43
STU-14340,-1.4745775496316413,0.1645846930904267,0.01388445102404598,0.10696091753031352,0.19964104071808847,0.02151224057951886,1.5462080719732476,1.0,0.0,0.0,0.0,0.0,0.0,1.0,3.92
STU-12869,-0.4334725044325135,0.3871679358965182,0.9578323496426724,1.6711453999018633,-0.35614794295149965,0.3179499927761099,-1.6026255744645619,1.0,0.0,0.0,0.0,0.0,1.0,0.0,5.08
STU-10240,-0.9540250270320775,0.05022999953867312,-1.5975412503834863,-1.359462034693014,-0.26375704696486657,0.20266864469965792,-0.1580103322093886,1.0,0.0,0.0,0.0,1.0,0.0,0.0,2.52
STU-14820,-0.9540250270320775,0.2626030018490726,1.049659917186117,1.6432135341452279,1.0585876518438173,-0.17611292755154234,-0.1580103322093886,0.0,1.0,0.0,0.0,0.0,1.0,0.0,5.83
STU-14096,1.3884613246659603,1.5164205347200836,1.5048481821057689,0.7493938299329143,1.0585876518438173,1.1166850473058145,0.3337085980296875,0.0,1.0,1.0,0.0,0.0,0.0,0.0,5.92
STU-12820,0.6076325407666144,0.750652497543163,-0.2023546596427747,0.8052575614461839,0.9221667194885544,-0.3325661856552993,1.2163593485830602,1.0,0.0,0.0,0.0,0.0,0.0,1.0,4.27
STU-10699,-0.9540250270320775,-0.938121280444339,-0.9902944327574859,-2.2812136046619633,-1.7802669881204596,1.8166075177699903,1.680590885206287,1.0,0.0,0.0,0.0,0.0,0.0,1.0,3.03
STU-14198,0.08708001816705048,1.487831861332145,1.5048481821057689,1.6432135341452279,1.0585876518438173,-0.6619414658737338,0.41006246918482353,0.0,1.0,0.0,0.0,1.0,0.0,0.0,5.39
STU-14162,0.08708001816705048,-0.29487612921572565,-0.31195530477527217,-0.2980511359408914,-2.05238704895609,1.5037010015624763,0.9903518899638574,1.0,0.0,0.0,0.0,0.0,0.0,1.0,3.7
STU-13612,1.1281850633661783,-0.6277299693752939,-1.7881081378661166,-1.010313712735079,0.018468268119301055,0.7214347110436929,0.7643444313446547,1.0,0.0,0.0,0.0,0.0,0.0,1.0,3.71
STU-14029,-1.4745775496316413,-0.4766184100390482,-1.8740113462132095,1.1823377491607534,0.6406632082792817,-0.9995511280976299,2.04708946675094,1.0,0.0,0.0,1.0,0.0,0.0,0.0,4.23
STU-10214,-0.1731962431327315,-0.023283732030311134,1.5048481821057689,0.023165320260409614,-0.27169688958871885,0.9767005532129798,0.5047412694171921,1.0,0.0,0.0,0.0,0.0,1.0,0.0,5.56
STU-12596,-0.9540250270320775,1.2101133198493152,0.5816355406743712,0.3304158435833922,0.21624252984068687,0.013277858574057428,0.18405501056562082,0.0,1.0,0.0,0.0,0.0,0.0,1.0,4.58
STU-13166,-0.1731962431327315,1.6879525750477138,1.5048481821057689,1.7968387958067198,1.0585876518438173,-1.0489574201303948,-0.8940616501448997,1.0,0.0,0.0,0.0,0.0,0.0,1.0,4.88
STU-13054,0.8679088020663964,-0.4602820252459406,0.1827286881200551,0.1767905819219003,0.1729342973469531,0.48263763288532757,1.6866991948986978,0.0,1.0,0.0,0.0,1.0,0.0,0.0,4.19
STU-12371,1.3884613246659603,-2.1858126690179347,-1.1166807622796453,-2.6984458494016956,-2.0964170853247195,0.17796549868327508,0.6696656311122858,1.0,0.0,0.0,0.0,0.0,0.0,1.0,2.3
STU-10235,0.08708001816705048,1.9472926836382973,1.5048481821057689,0.42817737373161324,1.0585876518438173,1.2896070694204937,0.04661804248637593,1.0,0.0,0.0,0.0,1.0,0.0,0.0,5.68
STU-13551,1.6487375859657423,-0.06004059781480326,1.1197648343429392,0.8471553600811365,-1.7232444820037096,0.6884971830218495,1.8607860211324079,1.0,0.0,0.0,0.0,0.0,0.0,1.0,4.1
STU-13740,0.08708001816705048,0.981403932745809,-0.12435059689081636,1.2661333464306586,1.0585876518438173,0.21913740871057932,-0.8665742565290508,0.0,1.0,0.0,1.0,0.0,0.0,0.0,4.99
STU-10455,-1.4745775496316413,2.1392452049573123,1.1118656887478042,0.3164499107050751,1.0585876518438173,-0.41491000570990777,-0.41761349413685095,1.0,0.0,1.0,0.0,0.0,0.0,0.0,5.51
STU-13332,-1.2143012883318594,-0.023283732030311134,-0.6368076673751966,-0.004766545496225848,-0.33449382670463274,0.18619988068873652,1.9615731310571876,0.0,1.0,0.0,0.0,1.0,0.0,0.0,4.23
STU-11819,2.559704500514979,-0.9013644146598466,-0.01869952455588696,0.6097345011497406,-2.0199058745857887,-0.4890194437590555,0.2268131784124969,1.0,0.0,0.0,0.0,0.0,0.0,1.0,3.41
STU-14249,-0.6937487657322955,-0.2622033596295103,-0.1875437616518961,-0.04666434413117842,0.3021371909532595,0.8284816771146842,1.7202948982069575,0.0,1.0,0.0,0.0,0.0,0.0,1.0,4.85
STU-14854,0.6076325407666144,-0.48478660243560184,0.2093883045036352,-1.2198027059098404,0.6276707385311621,-0.011425287442324671,-0.4817507459071652,1.0,0.0,0.0,0.0,0.0,0.0,1.0,3.8
STU-12817,2.559704500514979,0.5464476876293175,0.6823496470123415,1.2661333464306586,1.0585876518438173,0.17796549868327508,-1.028444463377939,0.0,1.0,0.0,0.0,1.0,0.0,0.0,5.82
STU-12313,-1.4745775496316413,-0.7747574325132625,1.5048481821057689,-0.186323672914352,0.27543044758212415,1.1578569573331197,-0.7352455981422168,1.0,0.0,0.0,0.0,0.0,0.0,1.0,4.28
STU-13114,2.559704500514979,-2.1368035146386117,-0.46203907108283604,-0.8287565853169527,-2.3172890710427643,0.5649814529399367,-1.5781923356949183,1.0,0.0,0.0,0.0,0.0,0.0,1.0,2.9
STU-13694,0.08708001816705048,1.1570200692717159,0.3476233524184975,1.2521674135523413,1.0585876518438173,0.8778879691474499,-0.1977143452100593,1.0,0.0,0.0,0.0,0.0,0.0,1.0,5.11
STU-11224,-0.6937487657322955,0.5607420243232868,-1.1453151650620101,-1.5410191621111402,1.0585876518438173,1.1002162832948932,0.8620773864232288,1.0,0.0,0.0,0.0,0.0,0.0,1.0,2.87
STU-14388,1.3884613246659603,0.5934147939095021,1.295520823834692,-0.3259830016975256,0.6154000726579372,-1.650067306529039,0.43754986280067243,1.0,0.0,0.0,0.0,0.0,0.0,1.0,4.99
STU-10756,-0.1731962431327315,0.3524531182111645,-2.060628660898273,-0.15839180715771778,0.1729342973469531,0.6308565089836231,-0.1580103322093886,0.0,1.0,0.0,0.0,0.0,1.0,0.0,4.78
STU-11965,0.34735627946683245,-0.480702506237325,0.23999749368478338,0.051097186017043834,-0.631877023161608,0.5320439249180933,-0.8115994692973528,1.0,0.0,0.0,0.0,1.0,0.0,0.0,3.72
STU-11042,1.1281850633661783,1.469453428439899,1.5048481821057689,-0.43771046472406494,1.0585876518438173,-0.6701758478791946,0.36730430133794717,1.0,0.0,0.0,0.0,0.0,0.0,1.0,5.01
STU-13156,-1.4745775496316413,-2.263410496785196,-1.7920577106636846,-1.9041334169473938,-0.5553658124226774,-0.8678010160102557,1.3507421618160993,0.0,1.0,0.0,0.0,0.0,1.0,0.0,2.56
STU-12812,-1.4745775496316413,-0.15805890657344918,-1.4405457316801786,0.5818026353931052,0.44433255430768676,-0.42314438771536844,-0.9520905922228031,1.0,0.0,0.0,1.0,0.0,0.0,0.0,4.09
STU-12780,-0.9540250270320775,0.43005094597842597,0.0657225939921197,1.74097506429345,1.0585876518438173,0.5402783069235539,-0.22825589367211357,0.0,1.0,1.0,0.0,0.0,0.0,0.0,5.17
STU-13239,0.08708001816705048,-1.1811250042418149,-1.299348504167142,0.16282464904358318,-2.061770499329732,0.02151224057951886,-1.0009570697620902,0.0,1.0,0.0,0.0,0.0,0.0,1.0,3.37
STU-11343,1.3884613246659603,-0.021241683931172723,-0.6772907885502629,1.7968387958067198,-1.1891096145809879,0.07091853261228379,-1.1292315733027187,0.0,1.0,0.0,0.0,1.0,0.0,0.0,4.73
STU-11816,-0.6937487657322955,0.7833252671293783,-0.758257030900397,0.009199387382091261,-0.682403294404298,-0.6619414658737338,1.0300559029645278,0.0,1.0,0.0,0.0,1.0,0.0,0.0,4.04
STU-13865,-0.9540250270320775,-0.6216038250778783,0.6892613994080838,-0.5634038606289227,-0.2031255214736395,-0.6290039378518903,0.9384312575783649,1.0,0.0,0.0,1.0,0.0,0.0,0.0,3.7
STU-13036,-0.1731962431327315,0.6975592469655633,0.8146603357308524,-0.8566884510735882,1.0585876518438173,-0.3078630396389165,2.5021585388355505,1.0,0.0,0.0,0.0,0.0,1.0,0.0,4.64
STU-12574,-0.6937487657322955,-0.7870097211080932,1.1128530819471967,1.4756223396054189,-1.1624028712098515,1.2072632493658852,-1.3979971997687974,0.0,1.0,0.0,0.0,1.0,0.0,0.0,4.17
STU-14207,-0.1731962431327315,0.08086072102575001,1.1345757323338177,-0.39581266608911364,-0.21756159897155108,-0.727816521917421,-0.6650000366794918,0.0,1.0,0.0,1.0,0.0,0.0,0.0,4.46
STU-14514,-0.1731962431327315,1.1876507907587925,0.8709417480961883,0.6795641655413275,1.0585876518438173,0.11209044263958802,-0.6497292624484644,1.0,0.0,0.0,0.0,0.0,1.0,0.0,5.06
STU-13697,1.9090138472655243,-1.8795054541471665,-0.7157991233265459,0.051097186017043834,-1.281500510567621,0.33441875678703203,-0.03278998351496546,1.0,0.0,1.0,0.0,0.0,0.0,0.0,3.65
STU-11698,0.6076325407666144,-0.20094191665535655,0.0657225939921197,0.4700751723665658,-0.3265539840807815,1.3719508894751022,0.1657300814883883,1.0,0.0,0.0,0.0,0.0,1.0,0.0,4.31
STU-10616,-1.2143012883318594,0.7302320165517786,-1.5116380420363933,1.5454520039970068,1.0585876518438173,0.9684661712075191,0.055780507024992335,1.0,0.0,1.0,0.0,0.0,0.0,0.0,5.05
STU-13580,-0.6937487657322955,-1.1076112726728304,-0.6723538225533039,-0.8706543839519053,-1.281500510567621,-1.9300362947147087,-1.159773121764773,0.0,1.0,0.0,0.0,1.0,0.0,0.0,3.28
STU-10156,0.34735627946683245,0.981403932745809,1.0871808587630076,1.4895882724837373,1.0585876518438173,0.8037785310983022,-0.7963286950663256,0.0,1.0,1.0,0.0,0.0,0.0,0.0,5.82
STU-11183,1.1281850633661783,-0.08454517500446491,0.0657225939921197,1.4476904738487846,-0.7704633671415575,-0.29962865763345575,-0.07249399651563616,1.0,0.0,0.0,0.0,0.0,1.0,0.0,4.76
STU-11041,0.34735627946683245,0.5811625053146716,1.0447229511891578,0.41421144085329614,1.0585876518438173,0.9190598791747534,0.5719326760337117,1.0,0.0,0.0,1.0,0.0,0.0,0.0,5.99
STU-13437,-0.1731962431327315,0.22176203986630327,1.0131263688086174,1.3778608094571978,1.0585876518438173,-0.3737380956826035,0.3123295141062493,1.0,0.0,0.0,0.0,0.0,1.0,0.0,5.12
STU-10366,0.08708001816705048,-1.0177611563107385,-2.2393468299882016,-0.7868587866820002,-0.6058920836653675,0.4249969588471012,-0.48480490075337057,0.0,1.0,1.0,0.0,0.0,0.0,0.0,1.65
STU-13744,0.34735627946683245,-1.105569224573692,-2.49211948903252,0.34438177646170937,-1.9239059592246783,-2.6793650572116485,0.5322286630330413,1.0,0.0,1.0,0.0,0.0,0.0,0.0,2.62
STU-13256,-0.1731962431327315,-0.3602216683881562,-1.7367636914977396,-0.3259830016975256,-0.7820122291398864,-0.4972538257645162,-0.2679599066727843,1.0,0.0,0.0,0.0,0.0,1.0,0.0,3.38
STU-14746,0.08708001816705048,-0.023283732030311134,-0.09472880090906055,0.16282464904358318,0.1729342973469531,0.02151224057951886,-0.4817507459071652,1.0,0.0,0.0,0.0,0.0,1.0,0.0,5.2
STU-14123,1.1281850633661783,-0.7482108072244626,1.2797225326444224,0.1907565148002174,0.0632201083628257,0.5073407789017104,-0.09692723528527972,1.0,0.0,0.0,0.0,0.0,1.0,0.0,3.79
STU-12676,-1.2143012883318594,0.1645846930904267,1.5048481821057689,1.559417936875324,1.0585876518438173,-0.5713632638136648,-0.8818450307600779,1.0,0.0,0.0,0.0,1.0,0.0,0.0,4.61
STU-12047,0.34735627946683245,0.4075884168879027,0.7267823409849758,-0.7170291222904134,0.9503170706094818,0.02974662258497956,1.9798980601344203,0.0,1.0,0.0,1.0,0.0,0.0,0.0,4.41
STU-11573,-0.4334725044325135,0.37899974349996457,-0.401808085919932,-1.0522115113700314,1.021053850349248,-1.452442138397978,-1.2544519219971417,1.0,0.0,0.0,0.0,1.0,0.0,0.0,3.83
STU-12663,-0.6937487657322955,1.9472926836382973,1.5048481821057689,1.7968387958067198,1.0585876518438173,0.6473252729945452,-0.7932745402201201,1.0,0.0,0.0,0.0,0.0,0.0,1.0,6.15
STU-13790,1.6487375859657423,0.3177383005258108,0.02178359661918077,0.3304158435833922,1.0571440440940265,-1.3289264083160652,1.106409774119664,0.0,1.0,0.0,0.0,0.0,1.0,0.0,4.22
STU-11496,-1.4745775496316413,0.2095097512714728,0.15310689213829928,0.7633597628112313,1.0585876518438173,-1.2136450602396125,-0.020573364130143688,1.0,0.0,0.0,0.0,0.0,0.0,1.0,5.73
STU-11961,1.6487375859657423,-0.06208264591394167,-1.5521211632114595,-1.094109310004984,1.0585876518438173,-0.8678010160102557,-0.1580103322093886,1.0,0.0,1.0,0.0,0.0,0.0,0.0,3.49
STU-11035,-0.6937487657322955,-2.2695366410826114,-1.6419739443561208,-0.9823818469784447,-1.4713349296651557,0.07091853261228379,0.8681856961156397,1.0,0.0,0.0,0.0,0.0,1.0,0.0,3.26
STU-14314,-0.4334725044325135,-1.0463498296986768,0.39699301238809104,-1.3035983031797445,0.72078343839269,-1.5677234864744307,-0.1580103322093886,1.0,0.0,0.0,0.0,0.0,0.0,1.0,2.7
STU-13033,0.08708001816705048,-0.24790902293554107,1.3843862117799608,0.7912916285678668,0.5338362347947381,-0.45608191573721196,-1.3399682576908942,0.0,1.0,0.0,0.0,0.0,0.0,1.0,5.04
STU-10894,0.8679088020663964,0.5872886496120868,-0.29813179998378597,-0.27011927018425713,1.0585876518438173,1.009638081234824,-0.13052293859353967,1.0,0.0,0.0,0.0,0.0,0.0,1.0,5.09
STU-11756,-0.4334725044325135,-0.5317537087157864,1.311319115024963,-0.11649400852276522,-0.2680878702142402,0.33441875678703203,-0.7963286950663256,1.0,0.0,0.0,0.0,0.0,1.0,0.0,4.19
STU-14979,0.34735627946683245,-1.0136770601124616,-0.6960512593387096,1.308031145065611,-0.5813507519189178,0.9272942611802156,2.5620963276923314,1.0,0.0,1.0,0.0,0.0,0.0,0.0,3.84
STU-10670,-1.4745775496316413,-0.49499684293129426,1.059533849180035,-0.9125521825868579,-0.50772675667957,-1.2959888802942217,0.5200120436482192,1.0,0.0,0.0,0.0,0.0,0.0,1.0,3.16
STU-10465,-0.6937487657322955,1.3101736767071,0.0657225939921197,-1.7086103566509492,1.0585876518438173,-0.7442852859283431,1.1430596322741293,1.0,0.0,0.0,0.0,0.0,1.0,0.0,3.93
STU-12277,1.1281850633661783,-1.3199842749832298,-1.2420796986024123,-2.6984458494016956,-1.5124777505342035,-2.4817398890805875,-0.7352455981422168,0.0,1.0,0.0,0.0,0.0,0.0,1.0,1.76
STU-12900,1.1281850633661783,-0.8503132121813852,0.5322658807047776,-0.6332335250205094,0.5504377239173355,0.23560617272150144,-1.7247917683127798,1.0,0.0,1.0,0.0,0.0,0.0,0.0,3.78
STU-14964,0.08708001816705048,1.743087873724452,1.2194915474815184,1.7968387958067198,1.0585876518438173,0.8120129131037629,-0.2160392742872918,0.0,1.0,1.0,0.0,0.0,0.0,0.0,5.74
STU-12441,0.8679088020663964,-0.08862927120274175,0.0657225939921197,-0.5773697935072397,0.245836488711405,-1.0901293301576997,-0.9826321406848575,1.0,0.0,0.0,0.0,1.0,0.0,0.0,4.26
STU-13820,-1.4745775496316413,-0.3500114278924638,-0.3336779551618932,1.140439950525802,-1.507425123409934,1.4131227995024072,-0.1580103322093886,0.0,1.0,1.0,0.0,0.0,0.0,0.0,4.47
STU-14814,1.1281850633661783,1.890115336862421,1.5048481821057689,0.5259389038798356,1.0585876518438173,0.6884971830218495,-0.8726825662214617,1.0,0.0,0.0,0.0,0.0,0.0,1.0,5.99
STU-11091,-0.4334725044325135,0.14824830829731903,1.5048481821057689,1.5314860711186886,1.0585876518438173,-0.42314438771536844,0.7887776701142982,0.0,1.0,1.0,0.0,0.0,0.0,0.0,4.67
STU-10653,-1.4745775496316413,1.5409251119097451,0.758378923365515,1.0147465546209455,1.0585876518438173,-1.2548169702669167,0.281787965644195,1.0,0.0,0.0,0.0,0.0,1.0,0.0,5.49
STU-12008,1.1281850633661783,-0.7584210477201547,1.5048481821057689,0.12092685040863062,-0.5055613450548831,1.1578569573331197,0.2420839526435243,1.0,0.0,0.0,0.0,1.0,0.0,0.0,3.87
STU-13750,-1.4745775496316413,-0.9136167032546775,0.9045131168755122,0.023165320260409614,1.041264358846324,0.21913740871057932,-1.1261774184565132,0.0,1.0,0.0,0.0,0.0,0.0,1.0,3.89
STU-11640,1.1281850633661783,-1.3179422268840915,0.8186099085284191,-0.1025280756444481,-0.06742639299327162,0.18619988068873652,-0.9887404503772684,0.0,1.0,0.0,0.0,0.0,1.0,0.0,4.16
STU-13454,2.4295663698650882,0.9528152593578705,-0.05622046613277756,0.3164499107050751,0.8867983296186719,0.5979189809617803,-0.7505163723732441,1.0,0.0,0.0,0.0,0.0,0.0,1.0,5.0
STU-12225,-0.1731962431327315,-1.038181637302123,0.2656697168689725,0.567836702514788,-0.9162677498704623,-0.3902068596935249,0.4894704951861649,0.0,1.0,0.0,0.0,1.0,0.0,0.0,4.25
STU-11772,-1.2143012883318594,1.3326362057976229,0.868966961697405,-0.9823818469784447,1.0585876518438173,0.18619988068873652,1.0941931547348422,1.0,0.0,0.0,0.0,1.0,0.0,0.0,4.26
STU-10043,-0.4334725044325135,-1.9959021957980585,-0.6437194197709404,-1.345496101814697,-3.1643259182327137,0.6473252729945452,-1.1842063605344166,1.0,0.0,1.0,0.0,0.0,0.0,0.0,1.78
STU-10958,-0.9540250270320775,-1.495600411509137,-1.1650630290498478,0.023165320260409614,-1.5471243365291907,0.3014812287651885,2.5113210033741664,1.0,0.0,1.0,0.0,0.0,0.0,0.0,3.41
STU-11143,-0.1731962431327315,0.9385209226639012,-0.34750145995337944,-0.22822147154930458,1.0585876518438173,0.013277858574057428,-0.5184006040616305,1.0,0.0,0.0,0.0,0.0,0.0,1.0,4.31
STU-14953,0.8679088020663964,1.365308975383838,0.7159210157916653,0.6097345011497406,1.0585876518438173,-0.3078630396389165,0.6330157729578209,1.0,0.0,0.0,0.0,0.0,0.0,1.0,5.19
STU-12862,-1.4745775496316413,-0.9115746551555388,-1.1384034126662663,-0.7868587866820002,-1.7629436951229664,0.02151224057951886,0.013022339178116259,1.0,0.0,0.0,0.0,0.0,0.0,1.0,3.4
STU-10626,-0.1731962431327315,-0.25403516723295666,0.0657225939921197,-1.9460312155823452,-0.7264333307729278,1.3143102154368758,-0.30155560998104425,1.0,0.0,0.0,0.0,0.0,0.0,1.0,3.45
STU-11805,-0.6937487657322955,-1.5650300468798444,-0.44525338669317405,-1.359462034693014,-1.0209293117303202,-0.15964416354062091,-0.5886461655243558,1.0,0.0,0.0,1.0,0.0,0.0,0.0,2.88
STU-12836,1.1281850633661783,-0.18256348376311046,-0.1875437616518961,-0.24218740442762168,-0.610944710789636,0.6226221269781624,1.5156665235111928,0.0,1.0,0.0,0.0,1.0,0.0,0.0,3.73
STU-13929,0.6076325407666144,0.3279485410215032,-0.10559012610237106,1.6152816683885936,-0.42327570331678815,-0.11847225351331596,-1.504892619385988,1.0,0.0,0.0,0.0,0.0,1.0,0.0,3.78
STU-11262,-0.9540250270320775,0.5096908218448254,0.9272231604615255,0.3024839778267568,-0.3041780639590187,0.8202472951092236,-1.0834192506096372,1.0,0.0,0.0,0.0,0.0,1.0,0.0,4.46
STU-14082,-0.4334725044325135,0.3606213106077185,-0.29516962038561023,-0.11649400852276522,0.7005729298956149,0.3179499927761099,-0.04500660289978724,1.0,0.0,0.0,0.0,0.0,0.0,1.0,4.59
STU-13933,-0.4334725044325135,0.440261186474118,0.017834023821612675,0.12092685040863062,1.0585876518438173,-1.106598094168621,-0.06333153197701977,1.0,0.0,0.0,0.0,0.0,0.0,1.0,4.67
STU-14348,0.6076325407666144,-0.7073698452416934,1.0121389756092263,0.023165320260409614,-0.662192785907222,-0.9583792180703257,1.2071968840444434,0.0,1.0,0.0,0.0,0.0,0.0,1.0,4.0
STU-14693,-0.9540250270320775,-1.0116350120133233,-2.3045147811480646,-0.22822147154930458,-2.2386124486791465,-1.1889419142232305,-1.233072838073704,1.0,0.0,0.0,0.0,0.0,0.0,1.0,2.59
STU-13656,1.9090138472655243,0.40146227259048745,1.5048481821057689,0.6097345011497406,1.0585876518438173,-0.41491000570990777,-0.7841120756815039,1.0,0.0,0.0,0.0,0.0,0.0,1.0,5.02
STU-14094,0.08708001816705048,1.4367806588536838,1.5048481821057689,1.3638948765788808,1.0585876518438173,0.02974662258497956,-1.1964229799192385,0.0,1.0,0.0,1.0,0.0,0.0,0.0,4.91
STU-14398,0.34735627946683245,1.4245283702588531,-0.5064717650554704,0.5119729710015184,1.0585876518438173,-1.2054106782341518,2.5620963276923314,0.0,1.0,0.0,0.0,0.0,0.0,1.0,5.32
STU-10280,-0.9540250270320775,-0.24995107103467948,-1.704179715917808,-1.5829169607460927,-1.8733796879819882,-1.5677234864744307,0.614690843880588,1.0,0.0,0.0,0.0,1.0,0.0,0.0,2.47
STU-13451,1.1281850633661783,-0.8339768273882778,1.5048481821057689,-1.261700504544793,0.8896855451182536,0.02974662258497956,0.44671232733928884,1.0,0.0,0.0,0.0,0.0,0.0,1.0,3.67
STU-11269,-0.1731962431327315,1.1835666945605157,0.43352656076559065,0.3024839778267568,1.0585876518438173,1.3637165074696416,-0.2526891324417571,1.0,0.0,1.0,0.0,0.0,0.0,0.0,5.05
STU-11956,0.6076325407666144,-0.8870700779658776,-0.7730679288912742,-1.0661774442483485,0.1729342973469531,1.0755131372785112,0.27262550110557865,1.0,0.0,0.0,1.0,0.0,0.0,0.0,3.05
STU-11683,-1.2143012883318594,-1.136199946060769,-0.6753160021514796,-1.6946444237726321,-0.36480958945024683,-0.07730034348601174,-1.4621344515391117,1.0,0.0,0.0,0.0,0.0,1.0,0.0,3.02
STU-12914,0.6076325407666144,-0.03553602062514197,-1.1393908058656588,0.023165320260409614,-0.5885687906678732,0.3179499927761099,0.27873381079798965,1.0,0.0,0.0,0.0,0.0,0.0,1.0,3.96
STU-11030,-0.1731962431327315,1.3612248791855615,0.6754378946165976,1.7968387958067198,1.0585876518438173,0.5567470709344753,0.30011289472142755,0.0,1.0,0.0,0.0,0.0,1.0,0.0,5.59
STU-11072,0.08708001816705048,-0.6297720174744323,0.36144685720998376,0.1767905819219003,-0.7018919990264781,-0.3325661856552993,-0.6497292624484644,1.0,0.0,0.0,0.0,0.0,1.0,0.0,3.66
STU-10168,0.34735627946683245,-1.2689330725047685,-0.2665352176032454,-1.1499730415182536,-1.3305831740605192,-0.5960664098300468,-0.7321914432960114,1.0,0.0,0.0,0.0,0.0,0.0,1.0,3.32
STU-14698,-0.9540250270320775,-0.09067131930188016,0.513505409916331,0.023165320260409614,0.031460737867420784,0.48263763288532757,0.565824366341301,1.0,0.0,1.0,0.0,0.0,0.0,0.0,4.82
STU-13633,0.6076325407666144,0.5321533509353487,0.0657225939921197,1.2661333464306586,-0.4651403280607311,-1.131301240185004,0.15962177179597728,1.0,0.0,0.0,1.0,0.0,0.0,0.0,3.41
STU-11711,-0.1731962431327315,-0.7032857490434166,-1.5975412503834863,-1.7225762895292664,-1.4085379925492416,0.24384055472696214,-1.336914102844689,0.0,1.0,0.0,1.0,0.0,0.0,0.0,2.3
STU-14839,-0.1731962431327315,1.134557540181193,0.8077485833351086,1.7968387958067198,-0.6751852556553417,-1.584192250485352,-1.3644014964605378,1.0,0.0,0.0,0.0,0.0,0.0,1.0,5.09
STU-10324,-1.2143012883318594,0.46272371556464126,0.8166351221296357,0.7912916285678668,1.0585876518438173,-1.1889419142232305,-0.7993828499125311,0.0,1.0,0.0,0.0,0.0,1.0,0.0,5.39
STU-11180,0.8679088020663964,1.038581279521685,0.688274006208693,-0.8985862497085395,0.9394900124860478,0.03798100459044026,-0.42677595867546736,0.0,1.0,0.0,0.0,0.0,1.0,0.0,4.32
STU-10660,0.6076325407666144,0.4341350421767028,0.2656697168689725,-0.14442587427939943,0.49485882555037686,0.5238095429126318,-1.2544519219971417,1.0,0.0,0.0,1.0,0.0,0.0,0.0,3.3
STU-11336,-0.4334725044325135,-0.413314918965756,1.2619494550553696,1.0706102861342153,0.855038959123267,-1.2877544982887603,-1.0742567860710208,0.0,1.0,0.0,0.0,0.0,0.0,1.0,4.33
STU-10005,-1.4745775496316413,-1.88767364654372,0.11064898456444822,-0.5075401291156529,-1.9433946638468589,0.12855920665051015,2.3402883319866623,1.0,0.0,1.0,0.0,0.0,0.0,0.0,3.8
STU-12993,-0.1731962431327315,0.10740734631455008,-0.9873322531593101,1.0706102861342153,0.08848324398417128,0.04621538659590096,0.2878962753366058,1.0,0.0,0.0,0.0,1.0,0.0,0.0,5.29
STU-11523,0.08708001816705048,0.3565372144094413,0.7386310593776774,-0.2561533373059388,1.0585876518438173,0.19443426269419722,-0.6008627849091775,1.0,0.0,0.0,0.0,0.0,0.0,1.0,4.76
STU-13995,-0.1731962431327315,0.056356143836088717,0.025733169416747463,-0.43771046472406494,-0.91987676924494,2.187154708015729,2.5620963276923314,1.0,0.0,0.0,0.0,0.0,0.0,1.0,4.34
STU-10903,2.4295663698650882,1.2101133198493152,-1.4128987220972062,-1.3873939004496496,0.21335531434110516,-0.6948789938955774,-0.7749496111428876,0.0,1.0,0.0,1.0,0.0,0.0,0.0,3.8
STU-12788,0.34735627946683245,0.1992995107757804,-0.4482155662913498,0.7354278970545971,-0.15981728897990466,0.5814502169508582,-0.5550504622160959,0.0,1.0,1.0,0.0,0.0,0.0,0.0,4.34
STU-11317,0.08708001816705048,0.08902891342230403,-0.9024164380116093,0.34438177646170937,0.6875804601474942,0.2850124647542664,-0.6863791206029297,1.0,0.0,0.0,1.0,0.0,0.0,0.0,3.91
STU-13426,-0.1731962431327315,-0.0008212029397882488,0.5855851134719379,0.6655982326630103,-0.003185848127565842,1.5448729115897812,2.099010099136432,1.0,0.0,0.0,0.0,1.0,0.0,0.0,4.0
STU-11370,-1.4745775496316413,-0.8952382703624312,-0.16582111126527507,-1.1499730415182536,-0.6492003161591012,-0.5466601177972819,1.680590885206287,1.0,0.0,0.0,0.0,1.0,0.0,0.0,3.27
STU-11946,1.6487375859657423,-0.6236458731770167,0.0657225939921197,-0.186323672914352,0.1729342973469531,0.23560617272150144,0.013022339178116259,1.0,0.0,0.0,0.0,0.0,0.0,1.0,3.85
STU-13142,-0.4334725044325135,-1.3649093331642759,-2.12777139845692,-0.8706543839519053,-0.7437566237704211,-0.5219569717808991,1.0300559029645278,1.0,0.0,0.0,1.0,0.0,0.0,0.0,2.21
STU-12991,2.559704500514979,1.859484615375344,0.34663595921910517,0.23265431343516998,1.0585876518438173,0.35088752079795343,-0.2954473002886335,1.0,0.0,0.0,0.0,0.0,1.0,0.0,5.12
STU-11691,1.3884613246659603,0.3769576954008262,0.027707955815532214,0.6935300984196445,1.0585876518438173,0.02151224057951886,0.9139980188087213,1.0,0.0,0.0,0.0,1.0,0.0,0.0,4.36
STU-12347,-0.4334725044325135,-0.5950571997890786,-0.6644546769581691,-0.14442587427939943,0.1729342973469531,0.09562167862866662,-0.3107180745196606,1.0,0.0,0.0,0.0,1.0,0.0,0.0,3.66
STU-12600,-0.6937487657322955,0.7833252671293783,1.5048481821057689,0.35834770934002647,1.0585876518438173,-0.6043007918355082,-0.4053968747520292,0.0,1.0,0.0,0.0,1.0,0.0,0.0,4.74
STU-13292,-0.4334725044325135,0.2523927613533802,-0.05918264573095329,-0.4796082633590175,0.3584378931951141,-1.4853796664198213,1.4637458911257004,0.0,1.0,1.0,0.0,0.0,0.0,0.0,4.69
STU-12130,-0.1731962431327315,-1.409834391345322,-0.5509044590281035,0.023165320260409614,-1.6763272301354977,-0.8266291059829515,1.0239475932721172,0.0,1.0,0.0,0.0,0.0,0.0,1.0,2.97
STU-13175,-1.4745775496316413,1.4224863221597144,1.1474118439259116,1.573383869753641,0.8860765257437759,0.268543700743345,-0.1580103322093886,1.0,0.0,0.0,0.0,0.0,0.0,1.0,6.11
STU-10255,0.8679088020663964,-1.8652111174531971,-0.7345595941149926,-0.8008247195603185,-3.1643259182327137,-1.0324886561194735,-0.49702152013819234,1.0,0.0,0.0,0.0,0.0,1.0,0.0,1.62
STU-11773,1.3884613246659603,0.6689705735776251,-0.3652745375424324,0.3304158435833922,0.699851126020719,-0.6866446118901167,-0.5061839846768087,0.0,1.0,0.0,1.0,0.0,0.0,0.0,4.78
STU-12586,-0.4334725044325135,-1.207671629530615,-1.8473517298296296,-0.01873247837454296,-2.4580408266474,-2.2264740469113007,-0.3565303972127421,1.0,0.0,1.0,0.0,0.0,0.0,0.0,2.83
STU-11522,-1.4745775496316413,0.8956379125819934,0.2607327508720134,0.26058617919180543,1.0585876518438173,-0.1349410175242381,-1.4499178321542898,1.0,0.0,0.0,0.0,0.0,0.0,1.0,4.67
STU-11775,-0.1731962431327315,1.0038664618363318,0.32392591563309314,-0.13045994140108233,0.8723622521207604,-1.263051352272378,-0.8513034822980237,1.0,0.0,1.0,0.0,0.0,0.0,0.0,4.7
STU-11748,-0.1731962431327315,-0.33367504309935614,-0.50153479905851,-2.1974180073920593,0.9943471069781115,-1.6830048345508826,-0.3351513132893042,1.0,0.0,0.0,1.0,0.0,0.0,0.0,3.63
STU-12683,-0.1731962431327315,-0.570552622599417,0.7011101178007868,1.1125080847691666,-0.36480958945024683,-1.5924266324908127,-0.61918771398641,1.0,0.0,0.0,0.0,1.0,0.0,0.0,3.79
STU-14481,-0.6937487657322955,-0.8053881540003393,-0.3346653483612842,-1.5829169607460927,-1.2988238035651143,-0.42314438771536844,1.6928075045911084,1.0,0.0,0.0,0.0,0.0,1.0,0.0,3.39
STU-12728,0.08708001816705048,-0.8829859817676006,0.24789663927991817,0.2885180449484397,-0.8202678345093517,0.07091853261228379,-0.42677595867546736,0.0,1.0,0.0,0.0,0.0,1.0,0.0,3.66
STU-14412,-1.4745775496316413,1.1978610312544848,1.5048481821057689,1.4895882724837373,0.9127832691149124,-1.403035846365213,0.11380944910289582,0.0,1.0,1.0,0.0,0.0,0.0,0.0,6.84
STU-12471,-0.4334725044325135,0.32182239672408763,-1.1492647378595768,-1.094109310004984,1.0585876518438173,0.8120129131037629,0.5047412694171921,0.0,1.0,0.0,0.0,0.0,1.0,0.0,4.14
STU-11958,1.6487375859657423,0.42596684978014876,-0.8135510500663419,-0.06063027700949553,-0.5871251829180822,1.174325721344041,-0.390126100521002,1.0,0.0,0.0,0.0,1.0,0.0,0.0,3.58
STU-14313,0.6076325407666144,0.8159980367155937,0.12842206215350255,-0.24218740442762168,1.0585876518438173,-0.678410229884656,0.11075529425669019,1.0,0.0,0.0,0.0,0.0,1.0,0.0,4.75
STU-13751,0.08708001816705048,0.8609230948966394,0.5421398126986958,1.238201480674023,1.0585876518438173,1.174325721344041,0.3917375401075907,0.0,1.0,0.0,0.0,0.0,1.0,0.0,5.61
STU-14508,-0.1731962431327315,-0.30508636971141806,-0.021661704154061278,0.40024550797497904,0.2682124088331678,-0.45608191573721196,0.11991775879530658,1.0,0.0,0.0,0.0,0.0,1.0,0.0,4.44
STU-12308,0.08708001816705048,-0.20502601285363373,-0.05819525253156091,1.7968387958067198,0.017746464244405114,-2.12766146284577,-0.5306172234464522,1.0,0.0,0.0,0.0,1.0,0.0,0.0,4.24
STU-10879,1.3884613246659603,-0.20094191665535655,-0.5676901434177655,0.051097186017043834,0.6327233656554305,0.22737179071604074,0.38868338526138535,1.0,0.0,0.0,0.0,0.0,1.0,0.0,3.8
STU-14354,0.6076325407666144,1.702246911741683,1.5048481821057689,0.9449168902293574,1.0585876518438173,0.07915291461774449,1.2224676582754708,0.0,1.0,0.0,0.0,1.0,0.0,0.0,5.54
STU-11828,-0.4334725044325135,0.1380380678016266,1.5048481821057689,0.16282464904358318,1.0585876518438173,-0.18434730955700304,-1.6942502198507254,1.0,0.0,0.0,0.0,0.0,1.0,0.0,4.36
STU-12569,1.1281850633661783,0.26872914614648785,-1.914494467388276,0.4421433066099316,0.1729342973469531,0.3920594308252584,0.7735068958832708,0.0,1.0,1.0,0.0,0.0,0.0,0.0,4.96
STU-10175,-0.6937487657322955,-0.6297720174744323,0.6517404578311933,0.07902905177367806,-0.6484785122842064,-0.21728483757884656,0.30927535926004396,0.0,1.0,0.0,0.0,0.0,1.0,0.0,4.24
STU-11022,-1.4745775496316413,0.6362978039914098,-0.38995936752722915,0.023165320260409614,0.043731403740645595,-0.4807850617535948,0.03440142310155416,1.0,0.0,0.0,0.0,1.0,0.0,0.0,4.36
STU-13666,1.6487375859657423,0.7731150266336863,1.5048481821057689,1.5314860711186886,0.8853547218688801,-1.8147549466382566,-0.1580103322093886,1.0,0.0,0.0,1.0,0.0,0.0,0.0,5.71
STU-10872,-0.9540250270320775,-1.76923485679369,1.5048481821057689,-1.4572235648412364,-2.059605087705046,-0.22551921958430726,-0.9215490437607488,1.0,0.0,0.0,0.0,1.0,0.0,0.0,2.86
STU-14361,-1.2143012883318594,-0.5256275644183712,0.0657225939921197,-2.6984458494016956,0.1729342973469531,0.8614192051365286,-1.2025312896116493,1.0,0.0,0.0,0.0,0.0,1.0,0.0,2.29
STU-10910,-0.6937487657322955,2.1739600226426665,1.0032524368146991,1.0147465546209455,1.0585876518438173,0.20266864469965792,-0.44815504259890554,1.0,0.0,1.0,0.0,0.0,0.0,0.0,6.11
STU-11153,0.6076325407666144,-1.0524759739960923,-1.9697884865542208,-1.862235618312441,-2.804506686597274,0.4579344868689447,-0.07860230620804719,1.0,0.0,0.0,0.0,0.0,0.0,1.0,2.08
STU-12950,-0.1731962431327315,-0.5235855163192324,0.14619513974255546,-0.3120170688192085,-0.4579222893117758,0.9355286431856763,-0.1580103322093886,0.0,1.0,0.0,0.0,0.0,0.0,1.0,4.07
STU-14218,-0.4334725044325135,1.7696344990132524,1.5048481821057689,1.154405883404119,1.0585876518438173,-1.7571142726000304,0.6330157729578209,1.0,0.0,0.0,0.0,0.0,0.0,1.0,5.88
STU-11376,0.6076325407666144,0.15437445259473426,0.4996819051248447,-0.2002896057926691,1.0585876518438173,1.9648263938682857,-0.5275630686002469,1.0,0.0,0.0,0.0,1.0,0.0,0.0,4.31
STU-12393,0.08708001816705048,-0.4868286505347403,0.9015509372773365,-1.3175642360580628,0.2335658228381802,0.5073407789017104,1.0117309738872955,0.0,1.0,0.0,0.0,0.0,1.0,0.0,4.3
STU-11335,0.34735627946683245,-1.0790225992848923,-1.5827303523926077,-1.7505081552859019,-0.014734710125895742,-1.1395356221904647,-0.20687680974867567,1.0,0.0,0.0,0.0,1.0,0.0,0.0,2.92
STU-10482,1.6487375859657423,-0.529711660616648,-1.037689306328296,-0.8008247195603185,0.7330541042659148,-0.5384257357918212,1.7477822918228063,1.0,0.0,0.0,0.0,0.0,1.0,0.0,4.11
STU-12853,0.08708001816705048,0.8752174315906086,0.6132321230549103,1.6711453999018633,1.0585876518438173,-1.9794425867474743,-0.319880539058277,1.0,0.0,0.0,1.0,0.0,0.0,0.0,4.49
STU-10942,0.34735627946683245,-2.0469533982765196,0.0657225939921197,-1.764474088164219,0.19458841359381998,-0.8513322519993344,-1.2116937541502657,1.0,0.0,0.0,0.0,0.0,0.0,1.0,2.36
STU-14793,-1.4745775496316413,0.2993598676335647,1.1029791499532786,0.8052575614461839,0.15922002372393743,2.0883421239501976,-0.09692723528527972,1.0,0.0,0.0,0.0,0.0,1.0,0.0,4.63
STU-10992,1.3884613246659603,-0.4990809391295711,-1.4435079112783544,-1.359462034693014,-0.43554636919001294,-0.39844124169898637,1.9493565116723655,1.0,0.0,0.0,0.0,1.0,0.0,0.0,2.4
STU-14480,-1.4745775496316413,0.13191192350421138,-1.256890596593291,0.023165320260409614,-0.6123883185394279,1.3225445974423364,-0.27101406151898993,1.0,0.0,0.0,0.0,1.0,0.0,0.0,4.28
STU-14791,0.34735627946683245,-1.787613289685936,-2.0102716077292873,-0.8846203168302224,-1.967935995593308,0.5814502169508582,-0.16106448705559395,0.0,1.0,0.0,1.0,0.0,0.0,0.0,2.47
STU-11070,-0.1731962431327315,-0.2907920330174488,-2.3677079459091446,-1.5270532292328232,0.2516109197105694,0.7708410030764586,-0.4420467329064945,1.0,0.0,0.0,0.0,1.0,0.0,0.0,2.21
STU-11477,1.1281850633661783,0.7118535836595324,0.2320983480896486,-1.3035983031797445,1.0585876518438173,-0.16787854554608161,0.3153836689524547,1.0,0.0,0.0,0.0,0.0,0.0,1.0,4.66
STU-10973,-0.4334725044325135,0.6975592469655633,0.16001864453404172,1.5454520039970068,1.0585876518438173,2.697686392354303,-0.5550504622160959,1.0,0.0,0.0,0.0,0.0,1.0,0.0,5.36
STU-10970,-1.2143012883318594,-0.20298396475449532,-1.1314916602705238,-0.28408520306257423,0.05600206961387041,0.02151224057951886,-0.5978086300629719,0.0,1.0,0.0,0.0,0.0,0.0,1.0,4.2
STU-12917,0.08708001816705048,-2.102088696953258,-1.6103773619755801,-2.5605322622283118,-0.744478427645317,1.1249194293112754,-1.0101195343007066,1.0,0.0,0.0,0.0,0.0,1.0,0.0,2.04
STU-12669,-0.1731962431327315,0.4872282927543025,0.6250808414476132,-0.40977859896743074,1.0585876518438173,0.7708410030764586,1.280496600353374,0.0,1.0,0.0,0.0,0.0,0.0,1.0,4.36
STU-10755,-0.4334725044325135,-0.664486835159786,-1.5076884692388266,0.34438177646170937,-0.8354257158821582,-2.6958338212225703,-0.1946601903638539,1.0,0.0,1.0,0.0,0.0,0.0,0.0,3.2
STU-13269,-0.4334725044325135,-0.24382492673726425,-1.0919959322948485,-0.27011927018425713,-0.5950650255419335,-0.43961315172629056,-0.2740682163651953,0.0,1.0,0.0,0.0,0.0,0.0,1.0,3.93
STU-11901,-0.1731962431327315,0.789451411426794,1.5048481821057689,1.7968387958067198,1.0585876518438173,1.0261068452457456,1.0483808320417607,1.0,0.0,0.0,0.0,0.0,1.0,0.0,6.37
STU-11294,-0.4334725044325135,0.2626030018490726,-1.1384034126662663,-0.6611653907771436,-0.9393654738671211,1.487232237551555,0.9598103415018031,1.0,0.0,0.0,0.0,0.0,1.0,0.0,3.63
STU-14874,-0.6937487657322955,-0.023283732030311134,0.0395566742082337,0.6795641655413275,0.9322719737370925,-0.052597197469628904,-0.9246031986069542,0.0,1.0,1.0,0.0,0.0,0.0,0.0,4.68
STU-12281,-0.1731962431327315,1.1304734439829154,0.5401650262999125,0.023165320260409614,1.0585876518438173,-0.4972538257645162,0.24819226233593508,1.0,0.0,0.0,0.0,0.0,1.0,0.0,4.62
STU-12785,-0.1731962431327315,-0.03553602062514197,-0.5025221922579023,-0.7449609880470488,0.5634301936654562,0.3591219028034149,-0.8818450307600779,1.0,0.0,0.0,0.0,0.0,1.0,0.0,4.19
STU-11286,-0.6937487657322955,0.8241662291121473,-1.3141594021580192,-0.7309950551687304,0.772753317385172,0.5485126889290146,-1.6117880390031785,1.0,0.0,0.0,1.0,0.0,0.0,0.0,3.29
STU-14008,2.1692901085653062,0.4831441965560257,-0.1944555140476385,0.40024550797497904,1.0585876518438173,-0.9666136000757863,1.6928075045911084,0.0,1.0,0.0,0.0,0.0,0.0,1.0,3.75
STU-11689,2.1692901085653062,-0.5399219011123401,0.24295967328295912,-0.3399489345758439,0.1729342973469531,-0.7195821399119602,-1.608733884156973,1.0,0.0,0.0,0.0,1.0,0.0,0.0,3.52
STU-12086,-0.6937487657322955,0.36878950300427216,1.5048481821057689,0.3304158435833922,0.6774752058989562,1.2072632493658852,0.205434094489059,1.0,0.0,0.0,0.0,0.0,0.0,1.0,5.19
STU-14667,-0.6937487657322955,-0.023283732030311134,0.3229385224337008,0.553870769636471,0.6154000726579372,-0.1267066355187774,-0.3504220875203313,1.0,0.0,0.0,0.0,0.0,1.0,0.0,3.61
STU-11020,-1.2143012883318594,-0.8646075488753545,-0.7009882253356687,-0.40977859896743074,-0.7567490935185418,0.7461378570600758,2.4196963579880038,1.0,0.0,0.0,0.0,1.0,0.0,0.0,3.55
STU-10182,-0.6937487657322955,1.0447074238191008,0.6161943026530861,1.0147465546209455,1.0585876518438173,-1.4771452844143607,-0.1580103322093886,0.0,1.0,0.0,0.0,1.0,0.0,0.0,4.95
STU-12989,-1.4745775496316413,1.5286728233149147,0.18371608131944747,0.567836702514788,1.0585876518438173,-1.8723956206764825,0.5627702114950955,1.0,0.0,0.0,0.0,0.0,0.0,1.0,4.89
STU-10820,-0.9540250270320775,-0.521543468220094,-0.5341187746384429,0.24662024631348708,-1.803364712117118,-1.180707532217769,0.17183839118079905,1.0,0.0,0.0,0.0,0.0,1.0,0.0,3.41
STU-14141,0.08708001816705048,-0.9891724829228002,0.09880026617174673,0.41421144085329614,-0.4896816598071807,0.02151224057951886,0.14129684271874476,1.0,0.0,0.0,0.0,0.0,0.0,1.0,3.13
STU-11179,0.34735627946683245,0.027767470448150235,0.560900283487141,-0.2980511359408914,-0.09629854798909483,0.2932468467597278,0.1687842363345937,0.0,1.0,0.0,1.0,0.0,0.0,0.0,3.51
STU-13664,-0.1731962431327315,-0.3786001012804023,0.9331475196578757,-1.261700504544793,0.1729342973469531,0.6473252729945452,-0.6436209527560537,0.0,1.0,0.0,0.0,0.0,1.0,0.0,4.45
STU-10470,-0.4334725044325135,1.4408647550519613,0.12940945535289353,-1.862235618312441,1.0585876518438173,1.808373135764528,1.5339914525884257,1.0,0.0,0.0,0.0,1.0,0.0,0.0,4.39
STU-10896,-0.4334725044325135,-0.4071887746683408,0.6468034918342342,-0.4656423304807004,-1.125590873590178,-1.5265515764471256,-1.4621344515391117,1.0,0.0,0.0,0.0,1.0,0.0,0.0,3.91
STU-12339,0.6076325407666144,0.92626863406907,0.21037569770302758,0.6097345011497406,1.0585876518438173,-2.5723180911406573,-0.9734696761462412,0.0,1.0,0.0,0.0,0.0,1.0,0.0,3.61
STU-12927,0.34735627946683245,-0.570552622599417,0.9084626896730789,-1.359462034693014,0.6052948184093991,0.6226221269781624,-0.45426335229131626,1.0,0.0,0.0,0.0,0.0,0.0,1.0,4.48
STU-11478,1.3884613246659603,-1.9693555705092582,-0.39292154712540484,-0.004766545496225848,-0.8116061880106045,-0.9336760720539429,-0.15190202251697757,0.0,1.0,0.0,0.0,1.0,0.0,0.0,3.27
STU-13202,-1.4745775496316413,-0.1355963774829263,0.4582113907503874,0.26058617919180543,0.1859267670950728,0.3755906668143363,-0.3259888487506878,0.0,1.0,0.0,0.0,0.0,0.0,1.0,4.59
STU-10181,-0.1731962431327315,0.28098143474131865,-0.27048479040081347,0.34438177646170937,0.1729342973469531,-0.974847982081247,-0.9001699598373106,0.0,1.0,0.0,0.0,0.0,1.0,0.0,4.38
STU-13901,-0.6937487657322955,0.7179797279569481,1.0230003008025368,0.553870769636471,1.0585876518438173,1.0755131372785112,0.1382426878725391,1.0,0.0,0.0,0.0,0.0,0.0,1.0,5.17
STU-10679,0.08708001816705048,-0.5685105745002785,1.5048481821057689,-0.7170291222904134,0.3865882443160414,0.08738729662320592,-1.2544519219971417,1.0,0.0,1.0,0.0,0.0,0.0,0.0,4.3
STU-12552,0.8679088020663964,-0.5358378049140632,-0.303068765980745,0.4840411052448829,-0.9285384157436872,-0.41491000570990777,0.42533324341585066,1.0,0.0,0.0,0.0,1.0,0.0,0.0,4.02
STU-14306,0.8679088020663964,0.21155179937061122,1.2915712510371253,0.5259389038798356,0.9445426396103174,0.5979189809617803,0.040509732793965185,0.0,1.0,0.0,0.0,1.0,0.0,0.0,5.33
STU-11259,0.8679088020663964,0.15437445259473426,1.5048481821057689,0.07902905177367806,1.0585876518438173,1.0672787552730505,0.18100085571941546,1.0,0.0,0.0,1.0,0.0,0.0,0.0,4.61
STU-13796,0.34735627946683245,0.8568389986983626,-0.9952313987544449,0.3024839778267568,0.7236706538922727,0.08738729662320592,-1.019281998839323,1.0,0.0,0.0,0.0,0.0,1.0,0.0,4.04
STU-10557,-0.4334725044325135,-0.42148311136230965,0.3802073279984291,-0.5215060619939701,-0.37635845144857566,1.9648263938682857,-0.09081892559286896,1.0,0.0,0.0,0.0,1.0,0.0,0.0,4.33
STU-14362,-1.2143012883318594,0.04818795143953471,-0.8648954964347187,-0.04666434413117842,-1.063515740349159,-0.9995511280976299,-0.1793894161328265,1.0,0.0,1.0,0.0,0.0,0.0,0.0,3.09
STU-14180,1.1281850633661783,-1.1954193409357843,1.3685879205896914,0.7493938299329143,-0.40378699869460805,-0.4478475337317513,-0.1580103322093886,0.0,1.0,1.0,0.0,0.0,0.0,0.0,4.4
STU-10739,-0.1731962431327315,0.15437445259473426,-0.5321439882396581,-0.24218740442762168,-0.1316669378589774,0.02151224057951886,-0.7627329917580659,1.0,0.0,0.0,0.0,0.0,0.0,1.0,4.62
STU-11319,0.6076325407666144,0.4035043206896259,-0.1490354268756131,-0.36788080033247816,0.11013736023103816,0.2850124647542664,-0.04806075774599261,1.0,0.0,0.0,0.0,0.0,0.0,1.0,3.95
STU-13321,-0.9540250270320775,0.31161215622839555,0.7267823409849758,-0.8427225181952698,0.1354004958523827,-1.2383482062559954,0.9598103415018031,0.0,1.0,1.0,0.0,0.0,0.0,0.0,3.6
STU-11211,-0.6937487657322955,-0.023283732030311134,-0.8046645112718147,-0.6471994578988266,-0.3467644925778576,-1.0901293301576997,0.41922493372343994,1.0,0.0,0.0,0.0,0.0,1.0,0.0,4.24
STU-14842,-0.1731962431327315,-0.0416621649225572,1.1553109895210463,0.27455211207012253,0.37431757844281655,0.44970010486348405,2.1356599572908976,1.0,0.0,0.0,0.0,0.0,1.0,0.0,4.23
STU-11188,2.1692901085653062,0.31161215622839555,0.7248075545861912,-0.6751313236554608,0.14189673072644307,0.43323134085256265,-1.019281998839323,0.0,1.0,1.0,0.0,0.0,0.0,0.0,4.18
STU-10678,0.6076325407666144,1.3816453601769454,0.0657225939921197,0.21868838055685288,1.0585876518438173,-0.3737380956826035,-0.5428338428312741,0.0,1.0,0.0,0.0,0.0,1.0,0.0,5.03
STU-14299,-0.6937487657322955,-0.41535696706489444,-0.24283778081784102,1.1963036820390716,0.48691898292652563,0.32618437478157136,1.3171464585078396,0.0,1.0,0.0,0.0,1.0,0.0,0.0,5.18
STU-12861,-0.1731962431327315,-1.8611270212549205,-1.9026457489955744,0.13489278328694773,-1.106102168967997,-0.793691577961108,0.8193192185763526,0.0,1.0,0.0,1.0,0.0,0.0,0.0,3.07
STU-12274,-1.4745775496316413,-0.6318140655735707,-0.5923749734025622,-1.2896323703014272,-0.8975008491231772,0.14502797066143155,-1.3827264255377703,1.0,0.0,0.0,0.0,1.0,0.0,0.0,2.74
STU-11725,-1.2143012883318594,1.5531774005045758,0.4058795511826182,1.0147465546209455,1.0585876518438173,-0.793691577961108,-1.4132679739998248,1.0,0.0,0.0,0.0,0.0,1.0,0.0,5.29
STU-13418,1.9090138472655243,-1.0790225992848923,-0.5696649298165501,0.07902905177367806,-0.6181627495385923,-0.7031133759010381,-0.7535705272194495,0.0,1.0,0.0,0.0,0.0,1.0,0.0,3.59
STU-13343,1.6487375859657423,-1.064728262590923,0.3486107456178899,0.07902905177367806,-0.48751624818249395,1.1578569573331197,0.08937621033325228,0.0,1.0,1.0,0.0,0.0,0.0,0.0,4.19
STU-11639,0.6076325407666144,-0.42556720756058686,1.5048481821057689,-0.42374453184574784,0.6666481477755223,1.6930917876880769,-0.7108123593725733,1.0,0.0,0.0,0.0,1.0,0.0,0.0,4.15
STU-12771,1.3884613246659603,0.5117328699439638,1.5048481821057689,-0.5913357263855569,0.4255656535604026,0.7873097670873801,-0.7474622175270386,1.0,0.0,0.0,0.0,0.0,0.0,1.0,4.02
STU-10949,-0.9540250270320775,1.4204442740605765,-0.25962346520750296,0.35834770934002647,1.0585876518438173,-0.7113477579064995,0.8987272445776939,1.0,0.0,1.0,0.0,0.0,0.0,0.0,4.31
STU-14521,2.559704500514979,-1.9713976186083968,-0.6437194197709404,-0.8706543839519053,-3.1643259182327137,1.9236544838409808,-0.32904300359689315,1.0,0.0,0.0,0.0,0.0,0.0,1.0,2.97
STU-10296,0.34735627946683245,-1.7569825681988591,-0.2991191931831769,0.27455211207012253,-1.8351240826125232,0.8037785310983022,-0.7596788369118603,1.0,0.0,0.0,0.0,0.0,0.0,1.0,3.07
STU-13849,-1.4745775496316413,-1.2648489763064916,-0.2922074407874345,-1.3175642360580628,-0.034945218622971785,0.9931693172239027,2.5620963276923314,1.0,0.0,0.0,0.0,0.0,1.0,0.0,3.26
STU-13015,0.6076325407666144,0.3973781763922106,-0.5163456970493886,0.4421433066099316,0.07549077423605051,-1.9794425867474743,-0.20382265490247004,1.0,0.0,0.0,0.0,0.0,0.0,1.0,4.17
STU-12380,0.6076325407666144,-0.3786001012804023,0.0657225939921197,0.009199387382091261,0.493415217800586,-2.242942810922222,1.6683742658214649,0.0,1.0,0.0,0.0,1.0,0.0,0.0,3.57
STU-13335,1.1281850633661783,1.4980421018278374,0.6527278510305856,0.7633597628112313,-0.80583175701144,-0.3243318036498379,2.5620963276923314,1.0,0.0,0.0,0.0,1.0,0.0,0.0,4.26
STU-14884,0.08708001816705048,0.7649468342371323,0.7445554185740288,1.0147465546209455,1.0585876518438173,-0.40667562370444704,0.8498607670384069,0.0,1.0,0.0,0.0,0.0,1.0,0.0,4.92
STU-10952,0.08708001816705048,1.7471719699227295,-0.03548520894554751,1.7968387958067198,1.0585876518438173,-0.16787854554608161,-0.7474622175270386,0.0,1.0,1.0,0.0,0.0,0.0,0.0,5.46
STU-10413,1.9090138472655243,1.0671699529096237,0.6152069094536936,-0.9125521825868579,0.5959113680357571,0.9931693172239027,2.5620963276923314,1.0,0.0,0.0,0.0,1.0,0.0,0.0,4.32
STU-11790,-0.1731962431327315,1.9023676254572517,0.7050596905983548,1.6571794670235462,1.0585876518438173,0.02974662258497956,0.4436581724930832,1.0,0.0,0.0,0.0,0.0,0.0,1.0,5.11
STU-12169,-0.1731962431327315,1.1263893477846387,-0.2714721836002045,-0.01873247837454296,-0.13744136885814184,-0.2502223656006901,2.1112267185212543,1.0,0.0,0.0,0.0,0.0,0.0,1.0,3.96
STU-13974,-0.9540250270320775,-0.023283732030311134,-0.6970386525381006,-1.5689510278677756,-1.9715450149677856,1.511935383567937,0.5016871145709867,1.0,0.0,0.0,0.0,0.0,1.0,0.0,2.43
STU-13398,0.34735627946683245,-0.4868286505347403,-1.2499788441975486,-0.35391486745416106,-0.7769596020156179,1.5284041475788583,2.236447067215677,0.0,1.0,0.0,0.0,0.0,1.0,0.0,3.65
STU-13678,0.6076325407666144,0.28098143474131865,0.7554167437673394,0.7074960312979617,0.4515505930566431,0.9519974071965978,1.5187206783573983,0.0,1.0,1.0,0.0,0.0,0.0,0.0,4.84
STU-14349,-0.6937487657322955,-0.15397481037517236,-0.3336779551618932,1.559417936875324,-0.006073063627148573,-0.3243318036498379,-0.1580103322093886,0.0,1.0,0.0,0.0,0.0,1.0,0.0,4.82
STU-13659,0.6076325407666144,-2.067373879267904,-2.3983171350902928,0.0929949846519964,-1.5038161040354565,0.2850124647542664,2.5620963276923314,1.0,0.0,1.0,0.0,0.0,0.0,0.0,2.39
STU-11908,0.08708001816705048,0.924226585969932,0.8028116173381494,1.6292476012669108,0.7951292375069338,-0.19258169156246446,0.8651315412694343,0.0,1.0,0.0,1.0,0.0,0.0,0.0,5.08
STU-13342,0.6076325407666144,1.4919159575304226,-0.21124119843730046,0.4421433066099316,0.8904073489931495,0.6390908909890846,-0.18855188067144288,1.0,0.0,0.0,0.0,0.0,1.0,0.0,4.65
STU-12310,-0.9540250270320775,-0.4909127467330171,-0.7740553220906665,0.38627957509666194,-0.39873437157033853,0.20266864469965792,2.5620963276923314,1.0,0.0,0.0,0.0,1.0,0.0,0.0,3.07
STU-14768,-1.2143012883318594,0.7261479203535017,0.6369295598403146,1.74097506429345,1.0585876518438173,-0.40667562370444704,0.41006246918482353,1.0,0.0,0.0,0.0,0.0,0.0,1.0,5.84
STU-10134,0.08708001816705048,0.6853069583707327,-1.223319227813967,-0.4656423304807004,1.0585876518438173,0.32618437478157136,-0.38707194567479664,0.0,1.0,0.0,0.0,1.0,0.0,0.0,4.6
STU-10353,1.1281850633661783,-0.008989395336341894,1.1158152615453725,1.4616564067271016,0.4652648666796588,-0.06083157947509033,-1.2727768510743744,0.0,1.0,0.0,0.0,0.0,0.0,1.0,4.6
STU-10585,0.6076325407666144,-1.0524759739960923,0.8837778596882822,-0.38184673321079526,0.979189225605305,0.3179499927761099,0.0985386748718684,1.0,0.0,0.0,0.0,0.0,1.0,0.0,4.12
STU-14083,0.34735627946683245,-0.6093515364830475,-0.4689508234785784,-0.4516763976023833,0.9734147946061396,0.16973111667781438,0.052726352178786955,0.0,1.0,0.0,0.0,0.0,1.0,0.0,3.96
STU-14744,0.34735627946683245,-0.5603423821037249,1.3863609981787441,0.819223494324501,0.7662570825111116,0.06268415060682309,0.43449570795446707,0.0,1.0,1.0,0.0,0.0,0.0,0.0,4.64
STU-12063,-0.9540250270320775,-1.1198635612676613,-0.8244123752596524,-2.6984458494016956,-1.9498908987209187,-0.3737380956826035,-0.6650000366794918,1.0,0.0,0.0,0.0,0.0,1.0,0.0,1.4
STU-13409,1.1281850633661783,-0.18052143566397205,-1.9095575013913169,-0.7170291222904134,0.6825278330232257,-0.15964416354062091,-0.8268702435283801,1.0,0.0,1.0,0.0,0.0,0.0,0.0,3.9
STU-10347,0.08708001816705048,0.43209299407756435,0.07115325658877426,-1.0382455784917144,-0.5654710666712154,2.4753580782068596,1.5400997622808363,1.0,0.0,0.0,0.0,0.0,1.0,0.0,4.02
STU-14581,-0.6937487657322955,0.2074677031723344,0.5214045555114671,0.9030190915944062,-0.331606611205051,1.1084506653003539,-0.5550504622160959,1.0,0.0,0.0,0.0,1.0,0.0,0.0,3.64
STU-13233,1.3884613246659603,-0.7849676730089549,-0.06411961172791235,0.42817737373161324,0.33750558082314314,0.07091853261228379,-0.313772229365866,1.0,0.0,0.0,0.0,0.0,1.0,0.0,4.73
STU-13881,-0.4334725044325135,-0.548090093508894,-0.02956084974919747,1.4476904738487846,-0.5936214177921426,0.5073407789017104,0.7521278119598327,1.0,0.0,0.0,0.0,0.0,1.0,0.0,4.38
STU-10855,-0.6937487657322955,-0.15397481037517236,1.2915712510371253,-0.40977859896743074,0.5150693340474529,1.7013261696935376,0.03440142310155416,1.0,0.0,0.0,0.0,0.0,1.0,0.0,4.48
STU-11557,-0.9540250270320775,-0.09271336740101857,-1.0534875975185656,0.27455211207012253,-0.7473656431448987,-1.971208204742013,0.6391240826502316,1.0,0.0,1.0,0.0,0.0,0.0,0.0,3.38
STU-14305,0.34735627946683245,-0.5828049111942478,1.0555842763824683,-1.6108488265027283,-1.3240869391864598,1.1002162832948932,0.5963659148033552,1.0,0.0,0.0,0.0,1.0,0.0,0.0,3.75
STU-10260,1.9090138472655243,-2.2695366410826114,-0.7710931424924908,-1.7225762895292664,-1.5211393970329496,-2.012380114769318,-0.14884786767077218,1.0,0.0,0.0,1.0,0.0,0.0,0.0,2.31
STU-10058,-1.2143012883318594,0.7996616519224864,1.1434622711283449,0.14885871616526608,1.0585876518438173,1.5942792036225455,-1.2513977671509362,0.0,1.0,0.0,0.0,0.0,0.0,1.0,5.55
STU-14686,-0.4334725044325135,1.1427257325777467,0.14816992614134022,1.7968387958067198,1.0585876518438173,-1.0901293301576997,-0.30766391967345524,0.0,1.0,0.0,0.0,0.0,0.0,1.0,5.84
STU-14413,0.08708001816705048,1.4388227069528225,1.5048481821057689,1.2661333464306586,1.0585876518438173,1.3143102154368758,2.5620963276923314,1.0,0.0,0.0,0.0,0.0,1.0,0.0,5.48
STU-12696,-0.4334725044325135,1.193776935056208,0.28245540125863444,-0.24218740442762168,0.9257757388630321,-1.0736605661467777,0.9353771027321596,1.0,0.0,0.0,0.0,0.0,0.0,1.0,3.4
STU-12668,-0.6937487657322955,0.6812228621724556,-1.1551890970559282,1.0007806217426272,-0.2226142260958196,0.18619988068873652,-0.2343642033645246,0.0,1.0,0.0,0.0,1.0,0.0,0.0,4.3
STU-11264,0.8679088020663964,1.5470512562071608,0.7129588361934897,1.6432135341452279,1.0585876518438173,0.25207493673242287,1.1522220968127455,0.0,1.0,0.0,0.0,0.0,0.0,1.0,5.88
STU-11800,-0.1731962431327315,-0.7849676730089549,-0.577564075411685,-1.6387806922593624,-1.4388537552948548,1.3143102154368758,-0.2526891324417571,1.0,0.0,0.0,0.0,1.0,0.0,0.0,2.66
STU-11447,1.6487375859657423,-0.4602820252459406,-0.7513452785046532,-0.42374453184574784,-0.1677571316037559,0.24384055472696214,-0.8360327080669964,1.0,0.0,0.0,0.0,1.0,0.0,0.0,3.52
STU-12071,0.6076325407666144,1.1018847705949777,0.555963317490182,1.7968387958067198,1.0585876518438173,0.02151224057951886,-0.1580103322093886,0.0,1.0,0.0,0.0,0.0,1.0,0.0,4.93
STU-11974,0.34735627946683245,1.0059085099354699,-0.21025380523790949,0.9030190915944062,1.0585876518438173,2.055404595928355,-1.2116937541502657,1.0,0.0,1.0,0.0,0.0,0.0,0.0,4.67
STU-11201,0.08708001816705048,1.1447677806768848,1.5048481821057689,1.7968387958067198,1.0585876518438173,0.5485126889290146,-0.8787908759138726,0.0,1.0,0.0,0.0,0.0,1.0,0.0,7.818394560907464
STU-14533,-0.4334725044325135,0.8629651429957782,-2.5572874401923835,-1.3734279675713312,-0.36986221657451634,0.16973111667781438,-0.7505163723732441,1.0,0.0,0.0,0.0,0.0,1.0,0.0,3.74
STU-10430,-0.9540250270320775,-2.0326590615825504,-0.7069125845320201,-1.359462034693014,-1.1169292270914308,1.5695760576061635,-0.35958455205894774,1.0,0.0,1.0,0.0,0.0,0.0,0.0,2.33
STU-14875,-1.4745775496316413,0.48518624465516413,0.19161522691458227,0.6795641655413275,1.0585876518438173,-0.07730034348601174,-0.8848991856062834,1.0,0.0,0.0,0.0,0.0,1.0,0.0,4.68
STU-13781,-0.1731962431327315,-1.4241287280392911,0.1639682173316098,-2.3929410676885023,-0.6607491781574302,-0.3737380956826035,2.260880305985321,0.0,1.0,0.0,0.0,0.0,0.0,1.0,3.14
STU-10555,0.8679088020663964,-2.0877943602592888,-1.3674786349251808,-1.3734279675713312,-1.7781015764957728,0.7049659470327716,0.4222790885696453,1.0,0.0,0.0,1.0,0.0,0.0,0.0,2.96
STU-14961,-0.4334725044325135,0.8180400848147324,0.9193240148663894,0.13489278328694773,0.8615351939973264,-0.15964416354062091,-1.5904089550797402,1.0,0.0,0.0,0.0,0.0,0.0,1.0,5.33
STU-14831,0.34735627946683245,-0.2172783014484642,-0.10855230570054678,-0.758926920925366,0.7633698670115289,-1.8229893286437175,1.0544891417341713,0.0,1.0,0.0,0.0,0.0,0.0,1.0,3.81
STU-11564,-0.9540250270320775,0.39329408019393347,1.5048481821057689,1.154405883404119,-0.07536623561712284,-0.40667562370444704,-0.14884786767077218,1.0,0.0,0.0,0.0,1.0,0.0,0.0,4.22
STU-11225,-0.4334725044325135,0.10740734631455008,0.0657225939921197,-0.08856214276612975,-0.9768992753616905,1.9154201018355201,-0.9215490437607488,0.0,1.0,0.0,0.0,1.0,0.0,0.0,3.4
STU-12814,-1.4745775496316413,0.18500517408181116,0.16989257652796125,-1.2477345716664747,-0.09774215573888569,0.20266864469965792,0.7612902764984493,1.0,0.0,0.0,0.0,1.0,0.0,0.0,3.82
STU-10737,-1.4745775496316413,1.451074995547653,1.5048481821057689,0.3723136422183448,1.0585876518438173,1.7342636977153802,1.1186263935044858,1.0,0.0,0.0,0.0,0.0,0.0,1.0,5.13
STU-13900,-1.4745775496316413,0.2830234828404571,-0.4709256098773632,0.7354278970545971,-0.5409297349247657,-0.6948789938955774,1.4148794135864133,1.0,0.0,0.0,0.0,0.0,1.0,0.0,4.66
STU-11077,-0.9540250270320775,1.602186554883899,1.5048481821057689,-0.01873247837454296,1.0585876518438173,-1.444207756392517,-1.504892619385988,1.0,0.0,0.0,0.0,1.0,0.0,0.0,5.31
STU-12062,-0.1731962431327315,1.038581279521685,-1.239117519004238,1.3359630108222453,1.0585876518438173,1.2402007773877282,0.6910447150357241,0.0,1.0,0.0,0.0,0.0,0.0,1.0,4.92
STU-12470,0.08708001816705048,-1.6548801632419365,-0.35145103275094614,-0.6332335250205094,-2.924326129829938,-1.8312237106491782,0.8895647800390778,1.0,0.0,0.0,0.0,0.0,1.0,0.0,4.24
STU-10713,-0.6937487657322955,-1.105569224573692,0.6793874674141658,-1.5549850949894586,-0.5784635364193361,0.5732158349453974,-0.09081892559286896,1.0,0.0,0.0,0.0,0.0,0.0,1.0,3.13
STU-14258,0.08708001816705048,0.7629047861379938,0.6823496470123415,0.4700751723665658,-0.01184749462631301,-0.26669112961161223,0.29095043018281114,1.0,0.0,0.0,0.0,0.0,1.0,0.0,4.65
STU-11221,-1.4745775496316413,0.885427672086301,0.9914037184219963,0.1907565148002174,1.0585876518438173,0.5979189809617803,1.1186263935044858,1.0,0.0,0.0,0.0,1.0,0.0,0.0,5.12
STU-13532,-0.1731962431327315,-1.270975120603907,-0.30208137278135266,-1.3035983031797445,-2.842762291966739,0.43323134085256265,-0.2618515969803735,1.0,0.0,0.0,0.0,0.0,1.0,0.0,2.13
STU-12335,1.6487375859657423,-1.5037686039056908,-1.1808613202401175,-1.7225762895292664,-2.966912558448777,-0.9913167460921691,1.3446338521236885,1.0,0.0,0.0,0.0,0.0,0.0,1.0,2.31
STU-10075,-1.4745775496316413,1.218281512245869,1.5048481821057689,0.553870769636471,1.0585876518438173,0.5402783069235539,1.0208934384259116,1.0,0.0,0.0,0.0,0.0,1.0,0.0,4.58
STU-14556,-1.4745775496316413,-0.907490558957262,0.07806500898451668,0.023165320260409614,-0.9429744932415988,0.02151224057951886,-0.1763352612866211,1.0,0.0,0.0,0.0,0.0,1.0,0.0,4.38
STU-14542,-0.1731962431327315,1.6818264307502988,0.34367377962092943,1.7968387958067198,1.0585876518438173,0.8037785310983022,-1.220856218688882,1.0,0.0,0.0,0.0,0.0,0.0,1.0,5.2
STU-13665,1.1281850633661783,-1.1423260903581844,-1.5294111196254476,-0.8427225181952698,0.596633171910652,1.2649039234041102,0.9537020318093918,1.0,0.0,1.0,0.0,0.0,0.0,0.0,3.43
STU-14815,0.8679088020663964,0.6853069583707327,0.8492190977095673,-0.35391486745416106,0.9293847582375098,-0.7854571959556473,1.280496600353374,1.0,0.0,0.0,0.0,0.0,0.0,1.0,4.13
STU-14841,-0.4334725044325135,-0.20911010905191055,-1.020903621938634,-2.1974180073920593,0.15344559272477196,1.9236544838409808,-0.28628483575001706,1.0,0.0,0.0,1.0,0.0,0.0,0.0,3.03
STU-14585,0.34735627946683245,-0.33367504309935614,-1.1778991406419417,0.35834770934002647,-0.610222906914741,0.5732158349453974,-0.44510088775269985,0.0,1.0,0.0,1.0,0.0,0.0,0.0,3.8
STU-12094,0.6076325407666144,-0.9156587513538159,-1.213445295820049,-0.7868587866820002,-1.1111547960922665,-0.7607540499392644,-0.7718954562966821,0.0,1.0,0.0,0.0,0.0,0.0,1.0,2.68
STU-11027,0.8679088020663964,-0.023283732030311134,1.1247018003398996,0.5957685682714223,1.0585876518438173,-1.2301138242505345,1.002568509348679,1.0,0.0,0.0,0.0,0.0,1.0,0.0,4.28
STU-13708,-1.4745775496316413,1.2877111476165772,0.5520137446926139,-0.8427225181952698,1.0585876518438173,0.11209044263958802,-1.5568132517714806,0.0,1.0,1.0,0.0,0.0,0.0,0.0,5.13
STU-12606,-1.4745775496316413,0.2891496271378723,-0.9083407972079608,-0.4516763976023833,1.0030087534768586,0.36735628480887556,-1.4682427612315228,1.0,0.0,0.0,0.0,0.0,1.0,0.0,4.4
STU-11455,-0.1731962431327315,0.5015226294482718,-2.837830532969599,0.023165320260409614,0.5821970944127415,2.6565144823269993,-0.9948487600696793,0.0,1.0,0.0,0.0,0.0,1.0,0.0,4.74
STU-11802,-0.9540250270320775,0.08494481722402683,-0.23493863522270622,0.9169850244727232,0.2956409560792002,0.3920594308252584,2.5620963276923314,1.0,0.0,0.0,0.0,1.0,0.0,0.0,4.57
STU-14888,-0.9540250270320775,-0.6726550275563397,0.8028116173381494,-0.27011927018425713,-0.2348848919690444,0.672028419010928,0.6360699278040262,1.0,0.0,0.0,0.0,1.0,0.0,0.0,4.0
STU-11862,-0.1731962431327315,-1.2280921105219995,-0.15002282007500548,-0.01873247837454296,-0.5243282458021684,-0.11847225351331596,-0.023627518976349064,1.0,0.0,0.0,0.0,0.0,0.0,1.0,3.88
STU-13672,-0.4334725044325135,-1.4670117381211987,-1.8986961761980063,-0.36788080033247816,-1.0072150381073046,-0.5384257357918212,-0.5397796879850687,0.0,1.0,0.0,0.0,0.0,0.0,1.0,3.38
STU-14692,-0.1731962431327315,-0.5358378049140632,-0.182606795654937,-0.6192675921421923,0.7359413197654975,1.3637165074696416,-0.1580103322093886,0.0,1.0,0.0,0.0,0.0,0.0,1.0,3.65
STU-13371,0.08708001816705048,1.1080109148923927,1.5048481821057689,1.2800992793089756,-0.12156168361043937,1.5860448216170848,0.15351346210356653,0.0,1.0,1.0,0.0,0.0,0.0,0.0,5.35
STU-14497,-1.2143012883318594,-1.1035271764745538,-0.2922074407874345,0.26058617919180543,0.5583775665411868,1.1578569573331197,-0.985686295531063,0.0,1.0,0.0,0.0,1.0,0.0,0.0,3.91
STU-11342,-1.4745775496316413,-1.585450527871229,-1.9194314333852365,-1.680678490894315,0.1729342973469531,-1.0983637121631604,-1.2605602316895528,0.0,1.0,1.0,0.0,0.0,0.0,0.0,2.95
STU-11130,0.08708001816705048,0.11965963490938054,1.5048481821057689,-1.6387806922593624,1.0585876518438173,0.5485126889290146,-1.379672270691565,1.0,0.0,0.0,0.0,0.0,0.0,1.0,4.11
STU-11499,0.6076325407666144,0.8507128544009477,0.4986945119254537,0.9309509573510404,1.0585876518438173,0.3179499927761099,-0.4725882813685491,1.0,0.0,0.0,0.0,0.0,0.0,1.0,5.09
STU-14434,-1.4745775496316413,-0.8278506830908622,-2.1554184080398926,-1.7505081552859019,-1.8430639252363745,-0.7854571959556473,1.2743882906609634,1.0,0.0,0.0,1.0,0.0,0.0,0.0,2.03
STU-12259,0.34735627946683245,-0.6134356326813246,-0.002901233365615976,-0.5913357263855569,0.2508891158356745,0.44970010486348405,-0.5855920106781501,1.0,0.0,0.0,0.0,0.0,0.0,1.0,3.42
STU-13195,0.08708001816705048,-0.2519931191338179,-2.0181707533244233,0.3304158435833922,0.33100934594908277,-1.6583016885344999,-0.5794837009857394,1.0,0.0,0.0,0.0,0.0,0.0,1.0,2.42
STU-11942,-0.4334725044325135,-0.08454517500446491,1.1572857759198312,0.567836702514788,0.1729342973469531,0.7955441490928408,1.8730026405172293,1.0,0.0,1.0,0.0,0.0,0.0,0.0,5.04
STU-11709,-0.1731962431327315,-0.023283732030311134,1.398209716571447,1.0845762190125323,1.0585876518438173,-0.11023787150785526,-0.38096363598238564,1.0,0.0,0.0,0.0,0.0,1.0,0.0,5.62
STU-14462,0.34735627946683245,-1.0667703106900615,-0.9320382339933666,-0.01873247837454296,-2.4811385506440584,-1.7818174186164133,2.5620963276923314,0.0,1.0,0.0,0.0,0.0,1.0,0.0,2.4
STU-10354,-0.6937487657322955,0.12578577920679615,-0.6674168565563448,-1.261700504544793,-0.49112526755697156,-2.0453176427911615,-1.0009570697620902,1.0,0.0,1.0,0.0,0.0,0.0,0.0,3.15
STU-14992,-0.4334725044325135,1.4367806588536838,1.5048481821057689,1.7968387958067198,1.0585876518438173,-2.2100052829003785,0.3123295141062493,0.0,1.0,0.0,0.0,0.0,1.0,0.0,5.09
STU-14662,-1.2143012883318594,0.7731150266336863,0.7287571273837592,1.5454520039970068,-0.16342630835438335,0.6967315650273102,-0.08471061590045793,0.0,1.0,0.0,0.0,0.0,0.0,1.0,5.04
STU-10169,-1.4745775496316413,0.7036853912629788,0.8818030732894988,0.023165320260409614,0.7749187290098577,0.7790753850819193,0.11991775879530658,1.0,0.0,0.0,0.0,1.0,0.0,0.0,4.64
STU-12873,0.08708001816705048,-0.4357774480562789,0.9706684612347677,0.4421433066099316,0.40752055668801335,0.6226221269781624,-0.5489421525236851,1.0,0.0,0.0,0.0,0.0,1.0,0.0,4.31
STU-11170,-0.6937487657322955,-1.117821513168523,-1.260840169390859,-0.24218740442762168,0.1729342973469531,-1.0901293301576997,2.5620963276923314,1.0,0.0,0.0,1.0,0.0,0.0,0.0,3.02
STU-13153,-0.9540250270320775,-0.5133752758235404,-0.9231516951988394,-1.1080752428833012,-1.7910940462438931,-1.5759578684798914,-0.500075674984398,1.0,0.0,0.0,0.0,0.0,0.0,1.0,3.28
STU-14069,1.1281850633661783,-0.866649596974493,-2.5799974837783965,-2.183452074513741,-1.1291998929646558,-0.5713632638136648,0.1382426878725391,1.0,0.0,0.0,0.0,1.0,0.0,0.0,1.82
STU-13083,1.6487375859657423,1.5572614967028524,0.07806500898451668,-0.4935741962373346,1.0585876518438173,-0.20081607356792516,-0.6405667979098483,1.0,0.0,0.0,0.0,0.0,1.0,0.0,5.02
STU-11786,-0.1731962431327315,-0.023283732030311134,-0.5143709106506053,-2.08569054436552,-0.8513054011298606,0.3755906668143363,0.6116366890343826,0.0,1.0,0.0,0.0,0.0,0.0,1.0,3.1
STU-12799,-0.1731962431327315,0.36470540680599534,0.49474493912788564,0.16282464904358318,1.0585876518438173,2.5165299882341645,-0.30766391967345524,1.0,0.0,0.0,1.0,0.0,0.0,0.0,4.81
STU-10276,0.8679088020663964,1.9799654532245128,-0.5765766822122926,1.7968387958067198,1.0585876518438173,0.7049659470327716,-1.1750438959958003,1.0,0.0,0.0,0.0,0.0,0.0,1.0,5.06
STU-11774,1.1281850633661783,0.809871892418178,0.37823254159964576,0.8331894272028181,1.0585876518438173,-0.8019259599665687,0.07410543610222486,0.0,1.0,0.0,0.0,0.0,1.0,0.0,4.45
STU-14872,-0.6937487657322955,0.07065048053005796,1.5048481821057689,0.03713125313872672,0.1729342973469531,-0.41491000570990777,-0.02668167382255444,0.0,1.0,0.0,0.0,0.0,0.0,1.0,4.87
STU-10475,0.6076325407666144,0.6710126216767636,1.1474118439259116,0.34438177646170937,1.0585876518438173,-0.7442852859283431,-1.2055854444578546,1.0,0.0,0.0,0.0,0.0,1.0,0.0,4.66
STU-10416,0.8679088020663964,-0.26424540772864874,0.30220326524647073,1.6432135341452279,0.2941973483294083,-1.6830048345508826,0.6116366890343826,0.0,1.0,0.0,0.0,1.0,0.0,0.0,4.62
STU-13762,-1.4745775496316413,0.5015226294482718,1.377474459384217,0.34438177646170937,0.844211900999833,-0.22551921958430726,2.5620963276923314,1.0,0.0,0.0,0.0,1.0,0.0,0.0,4.57
STU-14580,-1.4745775496316413,-2.2429900157938114,-2.090250456880029,-0.5215060619939701,-0.31428331820755673,-1.7488798905945697,-0.46342581682993267,0.0,1.0,0.0,0.0,0.0,0.0,1.0,2.56
STU-14589,-1.4745775496316413,-0.45211383284938655,0.42365262877167115,0.051097186017043834,-2.227063586680818,0.24384055472696214,0.4894704951861649,1.0,0.0,0.0,1.0,0.0,0.0,0.0,3.88
STU-12459,-0.1731962431327315,2.378164832556512,1.5048481821057689,0.6376663669063749,1.0585876518438173,-0.5137225897754384,0.6696656311122858,1.0,0.0,0.0,0.0,0.0,0.0,1.0,4.95
STU-10982,1.1281850633661783,0.4708919079611949,1.1296387663368586,1.0147465546209455,1.0585876518438173,0.21913740871057932,-0.7963286950663256,1.0,0.0,0.0,0.0,0.0,1.0,0.0,5.06
STU-12700,0.08708001816705048,1.1202632034872237,1.4772011725227965,0.7912916285678668,1.0585876518438173,0.3920594308252584,1.2896590648919901,0.0,1.0,1.0,0.0,0.0,0.0,0.0,6.39
STU-12332,1.1281850633661783,0.8813435758880243,0.20642612490545947,-0.4656423304807004,1.0585876518438173,1.141388193322198,0.02829311340914341,0.0,1.0,0.0,1.0,0.0,0.0,0.0,4.84
STU-11578,-1.4745775496316413,-0.07229288640963409,0.10176244576992245,0.023165320260409614,-0.001020436502880075,0.21913740871057932,-0.1580103322093886,1.0,0.0,0.0,0.0,0.0,0.0,1.0,3.48
STU-11118,1.3884613246659603,-0.023283732030311134,0.4019299783850501,-0.01873247837454296,-0.23199767646946168,0.7132003290382323,0.14129684271874476,1.0,0.0,1.0,0.0,0.0,0.0,0.0,5.03
STU-11162,-1.4745775496316413,-1.4568014976255061,-1.136428626267483,-0.6890972565337792,-0.6390950619105632,-1.6418329245235783,-0.8971158049911052,0.0,1.0,0.0,1.0,0.0,0.0,0.0,2.71
STU-12625,-1.2143012883318594,1.387771504474361,0.5717616086804516,-0.5494379277506043,0.3187386800758579,0.33441875678703203,-1.4621344515391117,0.0,1.0,0.0,0.0,0.0,1.0,0.0,5.24
STU-12540,2.4295663698650882,1.9166619621512209,1.3478526634024612,0.9588828231076758,1.0585876518438173,-1.855926856665561,0.3428710625683039,1.0,0.0,0.0,0.0,0.0,1.0,0.0,5.32
STU-12285,0.8679088020663964,1.3734771677803919,1.1888823583003703,0.8331894272028181,-0.610222906914741,-0.26669112961161223,2.5620963276923314,0.0,1.0,0.0,1.0,0.0,0.0,0.0,5.04
STU-13539,-0.1731962431327315,1.8839891925650056,-1.9342423313761137,1.1963036820390716,1.0585876518438173,0.08738729662320592,1.2255218131216763,1.0,0.0,0.0,0.0,1.0,0.0,0.0,4.38
STU-12043,0.08708001816705048,-0.8686916450736313,-1.0051053307483644,1.1125080847691666,-0.40450880256950295,-0.9913167460921691,0.1474051524111555,1.0,0.0,0.0,1.0,0.0,0.0,0.0,4.09
STU-11242,-0.9540250270320775,0.5362374471336255,0.12348509615654348,1.7968387958067198,0.2941973483294083,0.9602317892020584,-0.6619458818332862,0.0,1.0,0.0,0.0,0.0,1.0,0.0,4.47
STU-13806,-0.6937487657322955,-0.615477680780463,-0.8698324624316778,-1.1499730415182536,-1.50814692728483,-0.8513322519993344,-0.14273955797836144,1.0,0.0,1.0,0.0,0.0,0.0,0.0,3.03
STU-13800,0.08708001816705048,1.8921573849615592,1.5048481821057689,1.7968387958067198,0.1729342973469531,-0.11847225351331596,-0.5275630686002469,0.0,1.0,1.0,0.0,0.0,0.0,0.0,5.91
STU-13463,1.3884613246659603,-0.19889986855621813,-0.616072410187968,-0.42374453184574784,0.0386787766163771,1.149622575327659,-0.5031298298306034,0.0,1.0,0.0,0.0,1.0,0.0,0.0,4.78
STU-12041,-0.9540250270320775,1.6695741421554677,1.5048481821057689,1.559417936875324,0.6190090920324148,-0.5631288818082033,-1.3918888900763866,0.0,1.0,0.0,0.0,0.0,0.0,1.0,6.39
STU-12521,-1.4745775496316413,-0.5440059973106173,-1.7288645459026049,-1.3734279675713312,-2.548266311009346,-1.2301138242505345,-1.181152205688211,1.0,0.0,0.0,0.0,1.0,0.0,0.0,2.22
STU-13070,1.3884613246659603,0.515816966142241,1.3152686878225297,0.567836702514788,1.0585876518438173,-1.5924266324908127,-0.778003765989093,1.0,0.0,1.0,0.0,0.0,0.0,0.0,4.12
STU-13158,-1.4745775496316413,1.1263893477846387,0.529303701106602,0.023165320260409614,0.9647531481073933,0.17796549868327508,-0.03278998351496546,1.0,0.0,0.0,0.0,0.0,0.0,1.0,4.74
STU-11252,-1.2143012883318594,-1.3873718622547988,0.18964044051579892,-0.06063027700949553,-0.3294411995803642,-0.9254416900484821,-0.3351513132893042,1.0,0.0,0.0,0.0,1.0,0.0,0.0,3.78
STU-13864,0.6076325407666144,0.08902891342230403,-0.5765766822122926,-1.3873939004496496,-0.02844898374891141,-0.4478475337317513,-0.9398739728379814,0.0,1.0,0.0,0.0,0.0,1.0,0.0,3.35
STU-13859,0.8679088020663964,-1.8427485883626744,-2.0596412676988813,-0.28408520306257423,0.1729342973469531,-1.3783327003488302,0.275679655951784,1.0,0.0,0.0,0.0,0.0,0.0,1.0,1.53
STU-12176,2.559704500514979,-1.3322365635780606,-1.7031923227184158,0.023165320260409614,-1.6900415037585135,-2.012380114769318,-0.991794605223474,1.0,0.0,1.0,0.0,0.0,0.0,0.0,3.03
STU-10331,0.6076325407666144,-1.1913352447375072,-1.574831206797473,-0.39581266608911364,0.33461836532356043,-1.946505058725631,-0.1580103322093886,1.0,0.0,1.0,0.0,0.0,0.0,0.0,3.57
STU-14047,-0.6937487657322955,-0.7359585186296319,-0.8313241276553949,-2.0577586786088844,-0.3301630034552592,1.1084506653003539,0.3245461334910711,0.0,1.0,1.0,0.0,0.0,0.0,0.0,3.75
STU-11388,-1.4745775496316413,0.1666267411895651,0.21728745009876999,1.6990772656584976,1.0585876518438173,-0.43137876972082917,-0.22520173882590822,1.0,0.0,0.0,0.0,0.0,1.0,0.0,5.1
STU-13973,-0.1731962431327315,-0.39085238987523313,0.4404383131613331,-0.17235774003603488,-0.20817814859790798,2.718272347367955,0.10464698456427943,0.0,1.0,0.0,0.0,0.0,0.0,1.0,4.33
STU-10725,0.6076325407666144,1.608312699181314,-0.5913875802031712,0.023165320260409614,0.1729342973469531,0.05444976860136239,-1.3033183995364288,1.0,0.0,0.0,0.0,0.0,0.0,1.0,4.35
STU-14724,-0.4334725044325135,2.595387699102364,1.5048481821057689,0.8750872258377707,1.0585876518438173,-0.9254416900484821,-1.2025312896116493,1.0,0.0,0.0,0.0,0.0,1.0,0.0,6.78
STU-14122,-0.4334725044325135,0.7486104494440247,0.1303968485522859,0.7214619641762801,-0.28035853608746497,-0.17611292755154234,-0.7688413014504768,0.0,1.0,0.0,0.0,0.0,0.0,1.0,5.04
STU-12899,-0.1731962431327315,-0.10088155979757257,-0.23790081482088196,0.7214619641762801,0.917114092364286,0.17796549868327508,1.7019699691297252,1.0,0.0,1.0,0.0,0.0,0.0,0.0,5.1
STU-12962,-1.4745775496316413,0.5199010623405178,1.4248693329550273,0.3304158435833922,0.9402118163609438,1.34724774345872,-0.38096363598238564,0.0,1.0,0.0,0.0,1.0,0.0,0.0,6.02
STU-14861,0.34735627946683245,-1.6405858265479671,0.0657225939921197,-0.4516763976023833,-0.11867446811085766,0.20266864469965792,-0.1580103322093886,1.0,0.0,1.0,0.0,0.0,0.0,0.0,2.36
STU-14193,-0.9540250270320775,1.3183418691036537,-0.084854868915141,0.03713125313872672,1.0585876518438173,0.2850124647542664,1.2774424455071687,1.0,0.0,0.0,0.0,0.0,0.0,1.0,4.76
STU-14111,-1.4745775496316413,-1.450675353328091,-0.5469548862305368,-0.07459620988781264,0.18159594384569924,0.4085281948361798,1.7874863048234773,1.0,0.0,0.0,0.0,1.0,0.0,0.0,3.16
STU-12952,1.1281850633661783,-0.2622033596295103,-0.22703948962757145,-0.004766545496225848,-0.08908050924013954,0.3920594308252584,-0.9154407340683379,1.0,0.0,0.0,0.0,0.0,1.0,0.0,4.06
STU-10805,-0.1731962431327315,1.0365392314225472,1.5048481821057689,0.6655982326630103,1.0585876518438173,0.02151224057951886,-0.3229346939044824,1.0,0.0,0.0,0.0,0.0,0.0,1.0,4.28
STU-14797,2.1692901085653062,-0.09679746359929539,0.9055005100749045,-0.7449609880470488,1.0585876518438173,0.24384055472696214,1.3140923036616337,1.0,0.0,0.0,0.0,0.0,0.0,1.0,4.39
STU-12979,0.08708001816705048,-1.3996241508496297,-1.5521211632114595,0.5259389038798356,-2.1094095550728396,-0.5219569717808991,-0.008356744745321915,0.0,1.0,0.0,0.0,0.0,1.0,0.0,4.12
STU-10927,-0.4334725044325135,1.1631462135691308,0.6823496470123415,0.07902905177367806,1.0585876518438173,0.013277858574057428,0.17794670087321007,1.0,0.0,0.0,0.0,0.0,0.0,1.0,5.17
STU-10700,-0.9540250270320775,-1.1341578979616305,-0.21124119843730046,0.26058617919180543,-2.1700410805640673,0.7049659470327716,2.1967430542150064,0.0,1.0,1.0,0.0,0.0,0.0,0.0,4.03
STU-12345,-0.6937487657322955,0.33203263721978005,1.0220129076031446,0.5119729710015184,-0.8015009337620664,-1.5512547224635085,2.306692628678402,1.0,0.0,0.0,0.0,1.0,0.0,0.0,4.9
STU-14708,-0.9540250270320775,-0.2826238406208948,-0.12336320369142398,1.405792675213832,-0.9768992753616905,-0.2913942756279943,1.9768439052882143,1.0,0.0,0.0,1.0,0.0,0.0,0.0,4.12
STU-11160,-0.1731962431327315,0.7179797279569481,0.9143870488694303,0.23265431343516998,0.5699264285395166,0.5732158349453974,2.5620963276923314,1.0,0.0,0.0,0.0,0.0,1.0,0.0,4.2
STU-14704,-1.4745775496316413,-1.5017265558065525,-1.3319324797470735,-0.8846203168302224,-1.2374704741989913,-0.4890194437590555,1.4668000459719057,1.0,0.0,0.0,0.0,0.0,0.0,1.0,1.98
STU-14960,0.08708001816705048,0.8364185177069785,1.5048481821057689,0.10696091753031352,0.6832496368981206,-0.793691577961108,1.7508364466690123,1.0,0.0,0.0,0.0,0.0,1.0,0.0,5.01
STU-12403,0.6076325407666144,1.3550987348881458,1.5048481821057689,0.5818026353931052,0.7944074336320389,0.7049659470327716,-0.729137288449806,1.0,0.0,0.0,0.0,0.0,0.0,1.0,4.99
STU-10092,-0.1731962431327315,-0.345927331694187,0.11163637776384058,-0.7030631894120962,0.2855357018306622,0.9931693172239027,1.0941931547348422,1.0,0.0,1.0,0.0,0.0,0.0,0.0,4.79
STU-11866,-0.6937487657322955,0.9609834517544241,1.5048481821057689,0.6795641655413275,1.0585876518438173,0.04621538659590096,1.292713219738196,1.0,0.0,0.0,0.0,1.0,0.0,0.0,6.14
STU-10232,0.34735627946683245,-0.4112728708666176,-0.3830476151314867,0.16282464904358318,0.5323926270449463,-1.2136450602396125,0.8040484443453251,0.0,1.0,0.0,0.0,0.0,1.0,0.0,4.38
STU-14750,-0.9540250270320775,0.23809842465941095,0.12545988255532683,1.7968387958067198,0.4544378085562248,-0.42314438771536844,-0.029735828668760088,1.0,0.0,0.0,0.0,1.0,0.0,0.0,4.77
STU-13944,-0.1731962431327315,-0.8339768273882778,-0.22308991683000334,-0.772892853803683,0.22851319571391168,0.5073407789017104,1.0758682256576095,1.0,0.0,1.0,0.0,0.0,0.0,0.0,3.42
STU-12980,-0.1731962431327315,0.02368337424987341,-0.30603094557892074,0.14885871616526608,1.0585876518438173,0.6802628010163888,0.5933117599571499,0.0,1.0,0.0,0.0,1.0,0.0,0.0,3.76
STU-13218,-0.6937487657322955,-0.6726550275563397,0.9351223060566604,-0.4656423304807004,-1.1017713457186245,0.3014812287651885,-1.171989741149595,1.0,0.0,0.0,1.0,0.0,0.0,0.0,4.22
STU-14965,0.08708001816705048,-1.26689102440563,0.0657225939921197,0.051097186017043834,-1.363786152305716,-0.011425287442324671,0.7368570377288057,0.0,1.0,0.0,1.0,0.0,0.0,0.0,3.94
STU-14317,-1.4745775496316413,0.12986987540507297,1.5048481821057689,0.9030190915944062,-0.5791853402942311,-0.5466601177972819,-0.8085453144511474,0.0,1.0,0.0,0.0,1.0,0.0,0.0,4.25
STU-14420,1.1281850633661783,0.3197803486249492,0.4937575459284947,0.1767905819219003,0.28048307470639267,0.3920594308252584,-0.5672670816009177,1.0,0.0,1.0,0.0,0.0,0.0,0.0,5.2
STU-10478,0.34735627946683245,2.595387699102364,1.5048481821057689,1.7968387958067198,1.0585876518438173,-0.8101603419720301,-1.4651886063853174,1.0,0.0,0.0,1.0,0.0,0.0,0.0,6.24
STU-14177,-1.2143012883318594,-0.023283732030311134,-0.775042715290059,0.1767905819219003,-0.7278769385227186,-1.3042232622996823,-1.3308057931522779,1.0,0.0,0.0,1.0,0.0,0.0,0.0,3.24
STU-14523,-0.4334725044325135,-0.08454517500446491,-2.701446847303597,0.06506311889536094,-0.10351658673805011,1.7589668437317638,0.2451381074897297,0.0,1.0,1.0,0.0,0.0,0.0,0.0,4.08
STU-13870,-0.6937487657322955,-2.1980649576127655,-2.837830532969599,-1.4572235648412364,-3.161799604670581,-0.41491000570990777,1.002568509348679,1.0,0.0,0.0,0.0,1.0,0.0,0.0,1.0
STU-11036,-0.9540250270320775,-1.4608855938237832,-1.3141594021580192,-2.6984458494016956,-2.3750333810344095,-1.9547394407310916,-0.9276573534531597,1.0,0.0,1.0,0.0,0.0,0.0,0.0,2.03
STU-11619,0.6076325407666144,-0.06616674211221886,-0.1974176936458142,0.16282464904358318,0.7222270461424819,0.4414657228580233,0.5902576051109445,1.0,0.0,0.0,0.0,0.0,1.0,0.0,5.06
STU-14968,-0.4334725044325135,2.595387699102364,-1.0969328982918076,-2.2812136046619633,-3.1643259182327137,-0.859566634004795,-0.1580103322093886,1.0,0.0,0.0,0.0,1.0,0.0,0.0,1.4
STU-11255,2.4295663698650882,-1.7263518467117824,-0.5864506142062121,-1.5689510278677756,-1.5002070846609787,-1.5924266324908127,0.7643444313446547,1.0,0.0,0.0,0.0,1.0,0.0,0.0,2.24
STU-12388,-1.4745775496316413,0.5484897357284564,-0.01869952455588696,-0.22822147154930458,1.0585876518438173,0.12855920665051015,0.17489254602700444,1.0,0.0,0.0,0.0,0.0,0.0,1.0,4.41
STU-10751,1.6487375859657423,-0.023283732030311134,-0.47586257587432224,0.26058617919180543,0.1729342973469531,0.22737179071604074,0.8559690767308176,1.0,0.0,0.0,0.0,0.0,0.0,1.0,3.83
STU-13368,-1.4745775496316413,1.275458859021746,0.0657225939921197,0.8052575614461839,1.0585876518438173,0.32618437478157136,-0.4878590555995762,1.0,0.0,0.0,1.0,0.0,0.0,0.0,5.61
STU-11924,-1.4745775496316413,0.6077091306034713,-0.17766982965797795,0.7773256956895485,0.5497159200424406,-1.9547394407310916,-0.9643072116076249,1.0,0.0,0.0,0.0,0.0,1.0,0.0,3.97
STU-13429,0.6076325407666144,0.18704722218094957,0.5302910943059929,0.23265431343516998,-1.280778706692725,-0.43137876972082917,0.7979401346529144,1.0,0.0,0.0,0.0,0.0,1.0,0.0,3.51
STU-12831,-1.4745775496316413,-1.158662475151292,-0.41563159071141825,-1.094109310004984,-1.2562373749462754,-0.7195821399119602,1.8302444726703537,1.0,0.0,0.0,1.0,0.0,0.0,0.0,2.91
STU-13401,-1.2143012883318594,-1.9305566566256278,-1.2292435870103184,-1.6946444237726321,-2.650762461244517,0.8202472951092236,0.17183839118079905,0.0,1.0,1.0,0.0,0.0,0.0,0.0,2.48
STU-11299,0.08708001816705048,-0.5583003340045861,-0.5311565950402671,0.24662024631348708,-2.0242366978351627,0.6802628010163888,-0.46342581682993267,1.0,0.0,0.0,1.0,0.0,0.0,0.0,2.45
STU-11983,1.1281850633661783,-0.17847938756483364,-0.48672390106763275,-0.13045994140108233,0.9813546372299917,1.3307789794477973,1.231630122814087,0.0,1.0,0.0,1.0,0.0,0.0,0.0,4.89
STU-11097,-1.4745775496316413,-1.371035477461691,-0.3504636395515552,-0.4656423304807004,0.31368605295158947,-0.9913167460921691,-0.008356744745321915,1.0,0.0,0.0,0.0,1.0,0.0,0.0,4.22
STU-10692,-0.4334725044325135,-0.7012437009442781,-1.4691801344625435,-0.5773697935072397,-1.3601771329312384,-0.22551921958430726,1.6378327173594107,1.0,0.0,0.0,0.0,1.0,0.0,0.0,3.21
STU-13408,0.6076325407666144,-0.5235855163192324,-0.324791416367366,0.4980070381232013,-0.13744136885814184,-0.24198798359522938,-1.5201633936170151,1.0,0.0,0.0,0.0,0.0,0.0,1.0,3.99
STU-10212,1.6487375859657423,0.02572542234901182,-0.25962346520750296,-0.6332335250205094,1.0585876518438173,0.36735628480887556,0.9720269608866245,1.0,0.0,0.0,1.0,0.0,0.0,0.0,4.36
STU-11853,1.6487375859657423,0.05227204763781153,1.2895964646383407,1.0147465546209455,1.0585876518438173,-0.4643162977426727,1.3537963166623046,1.0,0.0,1.0,0.0,0.0,0.0,0.0,4.77
STU-13837,-0.1731962431327315,1.0324551352242703,0.18865304731640656,1.7968387958067198,1.0585876518438173,-0.3819724776880642,0.9384312575783649,1.0,0.0,1.0,0.0,0.0,0.0,0.0,5.44
STU-14100,0.08708001816705048,0.5096908218448254,0.004997912229518815,-0.6890972565337792,0.7568736321374685,0.09562167862866662,-0.38707194567479664,1.0,0.0,0.0,0.0,0.0,0.0,1.0,3.84
STU-10341,0.34735627946683245,-0.480702506237325,-0.6239715557831027,-1.4013598333279667,-1.1645682828345383,-1.1971762962286912,-0.8604659468366399,0.0,1.0,0.0,0.0,0.0,0.0,1.0,3.19
STU-12805,0.6076325407666144,-0.8523552602805237,0.2656697168689725,-0.5773697935072397,-1.1862223990814051,-1.0242542741140128,1.280496600353374,1.0,0.0,0.0,0.0,0.0,0.0,1.0,4.16
STU-13071,0.6076325407666144,-0.08046107880618773,-2.112960500466042,-1.191870840153205,-0.1677571316037559,1.1825601033495017,-0.6375126430636426,1.0,0.0,0.0,0.0,0.0,1.0,0.0,4.48
STU-13448,1.9090138472655243,0.24626661705596495,0.5618876766865335,0.9030190915944062,0.400302517939057,0.12855920665051015,-0.6314043333712318,1.0,0.0,0.0,0.0,1.0,0.0,0.0,5.01
STU-14931,2.559704500514979,-0.2581192634312335,-1.3931508581093686,-1.2058367730315234,0.2090244910917316,-1.765348654605491,-0.9429281276841869,1.0,0.0,0.0,1.0,0.0,0.0,0.0,2.72
STU-10832,-0.1731962431327315,-0.9993827234184925,-1.2865123925750468,-0.28408520306257423,0.3158514645762752,-0.9336760720539429,-1.187260515380622,1.0,0.0,0.0,0.0,0.0,1.0,0.0,3.45
STU-12545,-1.2143012883318594,0.09719710581885767,-0.16384632486649173,-1.5270532292328232,-0.816658815134874,0.13679358865597085,-0.7810579208352986,1.0,0.0,0.0,0.0,1.0,0.0,0.0,2.78
STU-13957,-0.6937487657322955,-0.15397481037517236,0.006972698628302161,-0.9265181154651749,-0.025561768249328678,0.7379034750546151,0.8529149218846123,1.0,0.0,1.0,0.0,0.0,0.0,0.0,4.36
STU-11338,-1.4745775496316413,0.7751570747328247,0.45426181795281934,-0.5634038606289227,0.5684828207897248,1.0178724632402847,1.204142729198238,0.0,1.0,0.0,0.0,1.0,0.0,0.0,5.34
STU-12990,1.3884613246659603,-0.3602216683881562,-0.999180971552013,0.9030190915944062,-1.334913997309893,1.849545045791833,-0.10608969982389611,0.0,1.0,0.0,0.0,0.0,0.0,1.0,3.94
STU-14458,0.8679088020663964,0.883385623987163,1.06743299477517,0.07902905177367806,0.6356105811550132,-0.6125351738409689,2.5620963276923314,1.0,0.0,0.0,0.0,0.0,1.0,0.0,4.31
STU-10180,1.3884613246659603,-1.8631690693540588,-2.082351311284894,-1.1360071086399353,-2.627664737247859,1.4542947095297107,-0.39623441021341305,0.0,1.0,0.0,0.0,1.0,0.0,0.0,2.58
STU-11309,-0.6937487657322955,0.4933544370517178,0.7554167437673394,-0.07459620988781264,-0.009682083001626218,0.5896845989563189,-1.3430224125370995,0.0,1.0,0.0,0.0,0.0,0.0,1.0,4.57
STU-11318,0.34735627946683245,-2.2572843524877806,-1.6646839879421327,-1.9739630813389806,-1.9975299544640266,0.9108254971692927,-1.1322857281489243,0.0,1.0,0.0,0.0,0.0,0.0,1.0,1.96
STU-11047,-0.4334725044325135,0.6179193710991637,-0.03548520894554751,-0.01873247837454296,0.42123483031102904,0.8614192051365286,-0.2343642033645246,1.0,0.0,0.0,0.0,1.0,0.0,0.0,4.4
STU-11471,0.34735627946683245,-0.8115142982977546,-0.9211769088000547,0.21868838055685288,0.33461836532356043,-1.452442138397978,2.5620963276923314,1.0,0.0,0.0,0.0,0.0,0.0,1.0,3.91
STU-10473,1.1281850633661783,1.579724025793376,1.5048481821057689,1.7968387958067198,1.0585876518438173,-0.06083157947509033,0.022184803716732385,1.0,0.0,0.0,0.0,0.0,0.0,1.0,5.72
STU-14127,-0.9540250270320775,-0.6604027389615088,-0.5479422794299291,-0.6890972565337792,-0.8303730887578897,-1.8394580926546396,-0.8054911596049419,0.0,1.0,1.0,0.0,0.0,0.0,0.0,2.41
STU-10215,0.08708001816705048,0.9936562213406394,0.45426181795281934,0.7074960312979617,0.34833263894657607,-0.974847982081247,-0.7993828499125311,1.0,0.0,0.0,1.0,0.0,0.0,0.0,5.62
STU-10745,-1.2143012883318594,0.3034439638318415,-1.201596577427346,-0.06063027700949553,0.059611088988348056,-2.168833372873074,-0.8115994692973528,1.0,0.0,0.0,0.0,0.0,0.0,1.0,3.73
STU-12860,0.08708001816705048,2.394501217349619,1.5048481821057689,1.7968387958067198,0.5042422759240189,1.5448729115897812,1.0331100578107333,1.0,0.0,1.0,0.0,0.0,0.0,0.0,5.84
STU-14453,-0.1731962431327315,0.027767470448150235,0.6645765694232871,-0.5634038606289227,0.2833702902059754,0.4249969588471012,-0.0877647707466633,0.0,1.0,0.0,0.0,0.0,0.0,1.0,4.05
STU-13965,0.8679088020663964,0.4382191383749796,0.006972698628302161,-0.6192675921421923,-1.0671247597236369,-0.23375360158976868,0.47419972095513774,0.0,1.0,0.0,1.0,0.0,0.0,0.0,3.3
STU-12158,0.08708001816705048,-0.30100227351314085,-0.14311106767926166,1.2242355477957059,0.9077306419906429,-0.7360509039228816,-1.4621344515391117,0.0,1.0,0.0,1.0,0.0,0.0,0.0,4.56
STU-13138,0.34735627946683245,0.09107096152144244,0.0657225939921197,-0.42374453184574784,0.10219751760718694,0.02151224057951886,-0.8543576371442291,1.0,0.0,1.0,0.0,0.0,0.0,0.0,4.21
STU-13065,0.34735627946683245,-0.17847938756483364,0.5362154535023443,-0.2561533373059388,-0.12372709523512616,1.6601542596662326,2.5620963276923314,1.0,0.0,0.0,0.0,0.0,1.0,0.0,4.95
STU-10732,0.34735627946683245,0.23605637656027254,1.2165293678833426,-0.6751313236554608,1.0585876518438173,1.882482573813676,1.2774424455071687,0.0,1.0,0.0,0.0,0.0,0.0,1.0,4.89
STU-12426,1.3884613246659603,-0.14376456987947994,0.8304586269211219,1.6851113327801805,0.3584378931951141,-1.5265515764471256,-0.9368198179917759,1.0,0.0,0.0,0.0,0.0,0.0,1.0,4.74
STU-14878,0.34735627946683245,-0.011031443435480305,0.452287031554036,0.023165320260409614,0.307911621952424,0.9025911151638321,-1.297210089844018,1.0,0.0,1.0,0.0,0.0,0.0,0.0,4.1
STU-12721,1.1281850633661783,1.0079505580346086,-0.03449781574615654,1.7968387958067198,0.8160615498789058,1.808373135764528,0.26957134625937323,1.0,0.0,0.0,0.0,0.0,1.0,0.0,5.03
STU-13023,0.34735627946683245,-1.54460956588846,-1.535335478821799,0.0929949846519964,-1.1537412247111054,-0.974847982081247,-0.243526667903141,1.0,0.0,0.0,1.0,0.0,0.0,0.0,1.94
STU-10905,-0.1731962431327315,-0.5419639492114785,-1.3961130377075444,0.4421433066099316,0.1729342973469531,-0.3490349496662207,-0.7382997529884223,0.0,1.0,0.0,0.0,0.0,1.0,0.0,4.63
STU-14157,0.08708001816705048,1.0692120010087625,0.25283360527687726,0.009199387382091261,-0.2962382213351675,0.8531848231310664,-0.8513034822980237,1.0,0.0,0.0,0.0,0.0,1.0,0.0,3.11
STU-11098,-0.1731962431327315,0.044103855241257886,0.939071878854227,0.567836702514788,0.8904073489931495,-1.3206920263106037,1.4912332847415493,1.0,0.0,0.0,1.0,0.0,0.0,0.0,3.93
STU-14996,-1.4745775496316413,2.1188247239659277,1.5048481821057689,0.8611212929594536,1.0585876518438173,0.33441875678703203,-0.49091321044578157,1.0,0.0,0.0,0.0,0.0,1.0,0.0,5.76
STU-12935,0.34735627946683245,0.3544951663103029,0.4917827595297099,-1.4292916990846007,0.3129642490766935,-0.8678010160102557,-0.06333153197701977,1.0,0.0,0.0,0.0,0.0,0.0,1.0,4.38
STU-14444,1.1281850633661783,0.30140191573270314,-0.7720805356918832,-1.1360071086399353,0.5100167069231845,1.4131227995024072,0.9323229478859536,0.0,1.0,0.0,0.0,0.0,0.0,1.0,4.67
STU-14846,0.6076325407666144,-0.05595650161652644,-0.3386149211588523,-0.27011927018425713,-0.7249897230231359,-2.2264740469113007,-0.1580103322093886,1.0,0.0,0.0,0.0,0.0,1.0,0.0,4.28
STU-14265,-1.4745775496316413,0.6791808140733172,-0.4393290274968226,0.023165320260409614,-0.5236064419272725,0.005043476568596729,-0.9795779858386522,0.0,1.0,0.0,0.0,0.0,0.0,1.0,4.37
STU-14646,-1.2143012883318594,0.36878950300427216,0.0657225939921197,0.7773256956895485,-2.1902515890611434,0.09562167862866662,-0.8390868629132019,0.0,1.0,0.0,0.0,1.0,0.0,0.0,4.53
STU-14147,1.6487375859657423,-0.5052070834269863,-1.428697013287476,0.35834770934002647,-0.2818021438372558,0.9602317892020584,0.3550876819531257,1.0,0.0,0.0,0.0,0.0,0.0,1.0,3.41
STU-10082,-0.4334725044325135,0.18092107788353434,1.2866342850401662,-0.4935741962373346,1.0585876518438173,-0.2913942756279943,0.11380944910289582,1.0,0.0,0.0,0.0,0.0,1.0,0.0,4.6
STU-14103,-0.1731962431327315,1.9432085874400205,1.2155419746839504,1.4476904738487846,1.0585876518438173,0.04621538659590096,-1.0742567860710208,1.0,0.0,0.0,0.0,1.0,0.0,0.0,5.62
STU-10189,-1.4745775496316413,-0.004905299138065071,-0.24283778081784102,1.7968387958067198,-0.5539222046728864,1.684857405682616,1.167492871043773,0.0,1.0,0.0,0.0,0.0,1.0,0.0,5.01
STU-12463,1.3884613246659603,0.4177986573835951,0.8887148256852426,0.10696091753031352,0.06105469673813994,-0.8430978699938729,-0.14273955797836144,1.0,0.0,0.0,0.0,0.0,1.0,0.0,4.51
STU-13617,0.8679088020663964,-0.2662874558277871,0.6221186618494374,0.9169850244727232,0.3158514645762752,0.5073407789017104,1.7355656724379849,1.0,0.0,1.0,0.0,0.0,0.0,0.0,3.58
STU-12847,1.1281850633661783,0.4035043206896259,0.08793894097843621,0.21868838055685288,-0.19662928659957912,-0.6948789938955774,-0.7382997529884223,0.0,1.0,0.0,0.0,1.0,0.0,0.0,4.08
STU-10164,0.08708001816705048,-0.3928944379743715,-0.6713664293539129,-0.08856214276612975,-0.9588541784893012,0.5073407789017104,0.7093696441129569,0.0,1.0,0.0,0.0,0.0,0.0,1.0,4.13
STU-14112,-1.2143012883318594,1.5919763143882066,1.4594280949337435,0.023165320260409614,1.0585876518438173,-0.019659669447785372,0.8559690767308176,0.0,1.0,0.0,0.0,0.0,0.0,1.0,5.6
STU-11466,-0.1731962431327315,0.6873490064698712,1.3320543722121916,0.03713125313872672,0.28048307470639267,-0.4972538257645162,0.8681856961156397,1.0,0.0,0.0,0.0,0.0,1.0,0.0,4.62
STU-12267,-0.1731962431327315,-0.14172252178034153,-0.5380683474360096,-0.6611653907771436,0.7554300243876776,2.2365610000484946,0.9231604833473375,1.0,0.0,0.0,0.0,0.0,0.0,1.0,3.95
STU-11995,-0.1731962431327315,0.4198407054827335,-0.5163456970493886,0.03713125313872672,-0.13960678048282862,0.14502797066143155,0.6513407020350531,1.0,0.0,0.0,0.0,0.0,1.0,0.0,4.19
STU-12769,0.34735627946683245,0.12374373110765774,-1.759473735083753,-0.7449609880470488,0.12312982997915892,-0.9419104540594035,-0.9979029149158848,1.0,0.0,0.0,0.0,0.0,0.0,1.0,2.96
STU-13660,-0.1731962431327315,-0.1355963774829263,-0.36329975114364904,0.7354278970545971,1.0585876518438173,-0.6207695558464297,-0.9704155213000357,0.0,1.0,0.0,0.0,0.0,0.0,1.0,4.65
STU-13992,0.08708001816705048,0.7526945456423018,0.2913419400531602,-0.4656423304807004,0.9402118163609438,-0.1514097815351595,0.4131166240310289,1.0,0.0,0.0,0.0,0.0,0.0,1.0,5.29
STU-14756,0.08708001816705048,-0.023283732030311134,-2.161342767236244,-1.5549850949894586,-2.1209584170711686,0.19443426269419722,-0.20382265490247004,1.0,0.0,0.0,0.0,0.0,0.0,1.0,1.31
STU-12930,0.6076325407666144,-0.46232407334507897,-0.08584226211453339,-0.6751313236554608,-0.9314256312432689,-0.8101603419720301,0.8804023155004611,0.0,1.0,0.0,0.0,0.0,1.0,0.0,3.42
STU-11310,-1.4745775496316413,-1.593618720267783,-0.8303367344560039,-0.6890972565337792,-0.6492003161591012,0.268543700743345,-0.3992885650596184,0.0,1.0,0.0,0.0,0.0,1.0,0.0,3.27
STU-12534,-0.6937487657322955,-1.5486936620867366,-0.8481098120450568,-0.4516763976023833,-3.1643259182327137,1.1825601033495017,0.7521278119598327,1.0,0.0,0.0,0.0,0.0,1.0,0.0,3.16
STU-14284,1.1281850633661783,0.7343161127500557,1.218504154282126,1.154405883404119,0.1729342973469531,-0.8513322519993344,1.396554484509181,0.0,1.0,1.0,0.0,0.0,0.0,0.0,5.39
STU-12583,-0.4334725044325135,0.6260875634957174,1.5048481821057689,0.023165320260409614,-0.15332105410584532,0.15326235266689298,0.38868338526138535,1.0,0.0,1.0,0.0,0.0,0.0,0.0,4.87
STU-12351,1.3884613246659603,0.924226585969932,1.329092192614016,1.7968387958067198,1.0585876518438173,-0.15964416354062091,0.3703584561841528,1.0,0.0,0.0,1.0,0.0,0.0,0.0,5.49
STU-14705,-1.2143012883318594,-0.04574626112083402,0.43451395396498166,-0.35391486745416106,0.1729342973469531,0.12855920665051015,0.037455577947759805,0.0,1.0,0.0,0.0,0.0,0.0,1.0,4.96
STU-11190,1.6487375859657423,1.1488518768751617,0.6418665258372751,-0.6751313236554608,1.0585876518438173,0.5402783069235539,-1.040661082762761,1.0,0.0,0.0,0.0,0.0,0.0,1.0,4.4
STU-11046,1.1281850633661783,0.09719710581885767,0.6912361858068686,0.8052575614461839,0.035791561116794365,0.21913740871057932,-1.1628272766109786,0.0,1.0,0.0,0.0,0.0,1.0,0.0,4.62
STU-12089,-1.4745775496316413,0.1992995107757804,1.1158152615453725,0.8471553600811365,-0.7574708973934368,-1.3700983183433695,0.03440142310155416,1.0,0.0,0.0,0.0,0.0,1.0,0.0,4.54
STU-12690,-0.1731962431327315,0.4382191383749796,-0.14409846087865405,-0.4796082633590175,0.1729342973469531,0.4249969588471012,-0.9001699598373106,1.0,0.0,1.0,0.0,0.0,0.0,0.0,4.16
STU-11136,-0.4334725044325135,1.1570200692717159,-0.7009882253356687,0.10696091753031352,0.3021371909532595,1.2896070694204937,-0.20687680974867567,0.0,1.0,0.0,0.0,0.0,1.0,0.0,5.03
STU-13278,-1.4745775496316413,-0.8196824906943085,0.7702276417582179,-0.758926920925366,-1.0548540938504118,-0.6125351738409689,-0.7841120756815039,1.0,0.0,0.0,0.0,0.0,1.0,0.0,3.28
STU-12607,0.6076325407666144,0.23197228036199571,-0.8885929332201231,-0.43771046472406494,1.0585876518438173,-0.678410229884656,-1.7064668392355469,1.0,0.0,0.0,0.0,0.0,1.0,0.0,4.43
STU-14626,1.3884613246659603,-0.588931055491663,0.6043455842603831,0.567836702514788,-3.027544083940005,0.4661688688744062,2.5620963276923314,0.0,1.0,1.0,0.0,0.0,0.0,0.0,4.09
STU-12480,0.8679088020663964,-0.35817962028901784,0.698147938202611,1.6013157355102765,0.8673096249964908,-0.24198798359522938,-1.6117880390031785,1.0,0.0,1.0,0.0,0.0,0.0,0.0,4.71
STU-13084,-0.4334725044325135,-0.21932034954760296,-0.6782781817496553,-1.0382455784917144,0.1563328082243547,0.8531848231310664,2.5620963276923314,1.0,0.0,0.0,0.0,1.0,0.0,0.0,3.38
STU-11665,-0.9540250270320775,0.054314095736950306,-1.6735705267366598,-0.3259830016975256,-0.11650905648617087,-1.4689109024089,-1.3857805803839758,1.0,0.0,0.0,1.0,0.0,0.0,0.0,3.7
STU-13390,-1.4745775496316413,-0.09475541550015698,1.5048481821057689,0.8052575614461839,0.16932527797247543,2.1048108879611207,1.1583304065051563,0.0,1.0,0.0,0.0,0.0,0.0,1.0,5.11
STU-14217,-0.1731962431327315,-0.023283732030311134,-0.3554006055485142,-1.5410191621111402,-2.1960260200603083,0.6555596550000059,-0.06027737713081439,1.0,0.0,0.0,0.0,0.0,1.0,0.0,2.06
STU-12956,0.6076325407666144,1.4755795727373147,1.5048481821057689,1.7968387958067198,1.0585876518438173,0.02151224057951886,0.510849579109603,0.0,1.0,0.0,0.0,1.0,0.0,0.0,5.37
STU-11841,-0.4334725044325135,-0.5685105745002785,-1.0821220003009304,0.023165320260409614,0.14261853460133903,-0.1431753995296988,0.7704527410370654,1.0,0.0,0.0,0.0,0.0,0.0,1.0,3.14
STU-11659,-1.4745775496316413,-0.023283732030311134,0.21531266369998664,-0.04666434413117842,-2.44504835689928,-0.45608191573721196,-0.1580103322093886,0.0,1.0,0.0,0.0,0.0,0.0,1.0,3.2
STU-12468,-1.4745775496316413,-1.2097136776297532,-1.3023106837653178,-1.8901674840690754,-1.4417409707944375,-0.19258169156246446,-0.7627329917580659,1.0,0.0,0.0,0.0,0.0,0.0,1.0,1.8
STU-10792,0.34735627946683245,1.5409251119097451,0.9440088448511862,1.321997077943928,1.0585876518438173,-0.5466601177972819,0.205434094489059,0.0,1.0,0.0,0.0,1.0,0.0,0.0,5.09
STU-13183,0.08708001816705048,-0.23974083053898743,0.5451019922968715,0.8331894272028181,-0.0667045891183767,-0.8019259599665687,-0.03584413836117084,1.0,0.0,0.0,0.0,0.0,0.0,1.0,5.07
STU-14785,0.34735627946683245,0.5341953990344871,-0.6950638661393173,-1.4432576319629191,0.4847535713018389,-0.06083157947509033,-1.2788851607667853,0.0,1.0,0.0,1.0,0.0,0.0,0.0,3.99
STU-14781,-0.9540250270320775,0.06452433623264237,-1.5185497944321371,-0.4516763976023833,0.2819266824561835,1.0837475192839718,0.18100085571941546,1.0,0.0,0.0,0.0,1.0,0.0,0.0,2.89
STU-10570,-0.4334725044325135,0.5893306977112253,0.005985305428909787,-0.15839180715771778,-0.4788546016837468,-1.4689109024089,-0.2679599066727843,1.0,0.0,0.0,0.0,0.0,0.0,1.0,4.68
STU-10039,-0.4334725044325135,0.6260875634957174,-1.5639698816041625,-0.21425553867098746,-0.67229804015576,-2.177067754878535,0.6971530247281348,1.0,0.0,0.0,0.0,0.0,0.0,1.0,4.05
STU-12437,1.9090138472655243,-0.2887499849183104,0.0657225939921197,0.4700751723665658,0.5886933292868007,1.1249194293112754,-0.25574328728796253,1.0,0.0,0.0,0.0,0.0,0.0,1.0,5.22
STU-12624,1.3884613246659603,0.17071083738784193,-0.16285893166709933,-0.1025280756444481,1.0585876518438173,0.6637940370054666,-1.0009570697620902,0.0,1.0,0.0,0.0,0.0,0.0,1.0,4.47
STU-14143,2.4295663698650882,-0.47866045813818664,-0.6150850169885755,-0.5354719948722872,0.11374637960551581,-1.263051352272378,-0.1580103322093886,1.0,0.0,0.0,1.0,0.0,0.0,0.0,3.28
STU-10299,-1.4745775496316413,-1.1525363308538767,-0.25271171281175914,0.5399048367581526,0.20830268721683565,0.05444976860136239,1.3415796972774832,0.0,1.0,0.0,0.0,1.0,0.0,0.0,4.24
STU-11441,0.6076325407666144,-0.07637698260791091,0.1382959941474207,-0.4516763976023833,0.23428762671307612,-0.3325661856552993,-0.5275630686002469,0.0,1.0,1.0,0.0,0.0,0.0,0.0,4.48
STU-14536,0.8679088020663964,-0.6889914123494473,0.0657225939921197,0.9030190915944062,0.01991187586909191,2.005998303895589,0.08326790064084126,0.0,1.0,0.0,0.0,1.0,0.0,0.0,4.45
STU-11833,0.08708001816705048,-0.023283732030311134,-0.5499170658287125,-0.11649400852276522,0.8738058598705511,-0.42314438771536844,-0.1580103322093886,0.0,1.0,0.0,0.0,1.0,0.0,0.0,4.42
STU-13850,-0.9540250270320775,1.5940183624873454,-0.21914034403243524,1.0706102861342153,1.0585876518438173,-0.16787854554608161,-1.3979971997687974,0.0,1.0,0.0,0.0,0.0,0.0,1.0,5.35
STU-13069,-1.4745775496316413,0.5076487737456871,1.220478940680911,0.651632299784692,1.0585876518438173,0.6308565089836231,-1.3857805803839758,1.0,0.0,0.0,0.0,0.0,0.0,1.0,5.01
STU-12802,0.34735627946683245,-0.24586697483640266,-0.4936356534633752,0.38627957509666194,-0.5365989116753922,0.672028419010928,1.433204342663646,1.0,0.0,0.0,0.0,0.0,1.0,0.0,4.47
STU-11577,0.6076325407666144,-2.2695366410826114,-0.6052110849946575,-0.13045994140108233,0.1729342973469531,-0.06083157947509033,0.35814183679933104,0.0,1.0,0.0,1.0,0.0,0.0,0.0,2.68
STU-11457,-0.1731962431327315,-0.3663478126855715,1.4910246773142826,0.13489278328694773,0.07404716648625967,-0.7195821399119602,-1.685087755312109,1.0,0.0,0.0,0.0,0.0,0.0,1.0,4.2
STU-10142,0.08708001816705048,0.39329408019393347,-0.7088873709308035,-0.5913357263855569,0.6947984988964495,0.005043476568596729,0.1382426878725391,1.0,0.0,0.0,0.0,0.0,0.0,1.0,4.33
STU-13353,-1.4745775496316413,-0.5868890073925246,0.0657225939921197,0.7214619641762801,-1.7420113827509944,0.6884971830218495,-0.30155560998104425,1.0,0.0,0.0,0.0,0.0,1.0,0.0,3.33
STU-11708,1.9090138472655243,-0.26832950392692556,0.9874541456244296,-0.21425553867098746,-1.435244735920377,-1.3453951723269866,0.6299616181116154,1.0,0.0,0.0,0.0,0.0,1.0,0.0,2.86
STU-11243,-0.9540250270320775,-0.04983035731911121,-0.7592444240997893,0.8052575614461839,-0.33665923832931954,-0.5054882077699776,-0.1580103322093886,0.0,1.0,0.0,0.0,1.0,0.0,0.0,3.69
STU-11984,1.1281850633661783,0.8609230948966394,0.8037990105375419,-0.4796082633590175,1.0585876518438173,0.13679358865597085,-0.4420467329064945,1.0,0.0,1.0,0.0,0.0,0.0,0.0,4.48
STU-11667,-0.1731962431327315,0.8119139405173168,-0.8165132296645177,-1.7086103566509492,-0.2926292019606898,-0.9913167460921691,0.2023799396428536,1.0,0.0,0.0,0.0,0.0,1.0,0.0,3.12
STU-11622,-0.4334725044325135,-0.42760925565972524,-0.04042217494250799,-0.42374453184574784,-0.1295015262342906,-1.3289264083160652,0.25735472687455146,1.0,0.0,0.0,1.0,0.0,0.0,0.0,2.8
STU-12938,0.08708001816705048,2.2127589365262965,1.1513614167234796,0.3164499107050751,1.0585876518438173,-1.1724731502123082,-0.1793894161328265,0.0,1.0,0.0,0.0,1.0,0.0,0.0,5.13
STU-13137,0.34735627946683245,0.5505317838275947,0.9272231604615255,1.321997077943928,0.2263477840892249,-0.45608191573721196,-1.06814847637861,0.0,1.0,0.0,0.0,0.0,0.0,1.0,5.12
STU-11643,0.6076325407666144,-1.0749385030866154,0.8334208065192976,-1.680678490894315,-0.2204488144711328,0.17796549868327508,-0.06027737713081439,1.0,0.0,0.0,0.0,1.0,0.0,0.0,3.16
STU-10227,-0.1731962431327315,0.39533612829307224,0.534240667103561,-0.7868587866820002,0.5879715254119059,-1.0901293301576997,1.1797094904285945,1.0,0.0,0.0,0.0,0.0,0.0,1.0,4.3
STU-10631,-1.2143012883318594,2.0167223190090047,1.5048481821057689,1.0426784203775796,0.6601519129014629,2.285967292081259,0.41922493372343994,1.0,0.0,0.0,0.0,0.0,0.0,1.0,5.17
STU-14168,-0.6937487657322955,-0.10904975219412621,-0.8076266908699905,-2.672259725254851,-1.7853196152447286,0.2850124647542664,1.3415796972774832,1.0,0.0,0.0,0.0,0.0,0.0,1.0,2.57
STU-10757,0.08708001816705048,-1.001424771517631,0.6477908850336251,-0.13045994140108233,0.1491147694753994,1.5284041475788583,-0.35958455205894774,1.0,0.0,0.0,0.0,0.0,0.0,1.0,3.11
STU-13177,-0.6937487657322955,-0.023283732030311134,-0.1302749560871678,-0.7868587866820002,-0.34820810032764843,-1.0736605661467777,-0.3107180745196606,1.0,0.0,0.0,0.0,0.0,0.0,1.0,3.73
STU-12562,-1.4745775496316413,-0.9238269437503697,1.4268441193538106,-0.3259830016975256,-1.5875453535233424,1.890716955819138,-0.2618515969803735,1.0,0.0,0.0,0.0,0.0,0.0,1.0,4.37
STU-10431,0.08708001816705048,1.2591224742286387,1.5048481821057689,1.0147465546209455,0.04950583473981003,0.3097156107706492,0.13518853302633374,1.0,0.0,0.0,0.0,0.0,0.0,1.0,4.75
STU-12784,-0.6937487657322955,-1.154578378953015,0.1373086009480297,-0.5354719948722872,0.1180772028548894,0.013277858574057428,-0.958198901915214,1.0,0.0,0.0,0.0,0.0,0.0,1.0,3.42
STU-11570,0.6076325407666144,0.4463873307715336,-0.028573456549805098,-0.04666434413117842,1.0585876518438173,1.5778104396116241,0.08632205548704663,0.0,1.0,0.0,1.0,0.0,0.0,0.0,4.75
STU-11452,2.4295663698650882,0.027767470448150235,0.0810271885826924,1.7968387958067198,0.7467683778889315,0.23560617272150144,-0.9062782695297215,1.0,0.0,0.0,0.0,0.0,1.0,0.0,4.4
STU-11970,0.08708001816705048,-0.7767994806124008,-0.29813179998378597,0.40024550797497904,-0.3972907638205477,1.0178724632402847,-0.7413539078346277,1.0,0.0,1.0,0.0,0.0,0.0,0.0,4.65
STU-14680,-1.4745775496316413,-0.26832950392692556,-0.6605051041606024,-1.7365422224075848,0.13395688810259185,1.141388193322198,-1.165881431457184,1.0,0.0,1.0,0.0,0.0,0.0,0.0,3.24
STU-10534,0.08708001816705048,0.06044024003436554,-0.014749951758318863,1.321997077943928,0.9777456178555131,-0.8925041620266386,-1.4774052257701389,0.0,1.0,0.0,0.0,0.0,1.0,0.0,4.69
STU-13246,-1.2143012883318594,-1.4894742672117216,-0.15890935886953125,0.6097345011497406,-1.4619514792915136,0.5896845989563189,-0.313772229365866,0.0,1.0,0.0,0.0,0.0,0.0,1.0,3.66
STU-14867,-0.9540250270320775,-0.9687520019314156,-0.8471224188456644,-0.5913357263855569,0.1729342973469531,0.27677808274880566,0.08326790064084126,1.0,0.0,1.0,0.0,0.0,0.0,0.0,2.73
STU-10827,-1.4745775496316413,-0.9197428475520927,0.33873681362397035,0.4980070381232013,-2.3331687562904664,-1.180707532217769,0.29095043018281114,0.0,1.0,0.0,0.0,0.0,0.0,1.0,4.07
STU-13858,-0.1731962431327315,0.17887902978439593,0.06029193139546375,-0.43771046472406494,1.0585876518438173,-0.9583792180703257,-0.1763352612866211,1.0,0.0,1.0,0.0,0.0,0.0,0.0,4.2
STU-13380,0.08708001816705048,2.320987485780635,0.9785676068299024,0.06506311889536094,0.1729342973469531,0.9519974071965978,-0.23131004851831924,1.0,0.0,0.0,1.0,0.0,0.0,0.0,5.43
STU-11960,-0.4334725044325135,-1.0422657335004,-0.2625856448056787,-0.9963477798567617,-0.9833955102357509,0.3920594308252584,2.4258046676804144,1.0,0.0,1.0,0.0,0.0,0.0,0.0,3.45
STU-11783,0.08708001816705048,-0.3234648026036641,0.15606907173647502,0.6237004340280577,0.25594174295994304,0.268543700743345,0.39784584980000176,1.0,0.0,0.0,0.0,0.0,0.0,1.0,5.13
STU-10480,-0.4334725044325135,-1.311816082586676,-0.3001065863825693,0.0929949846519964,0.22057335309006046,-1.0077855101030906,-0.7841120756815039,1.0,0.0,0.0,1.0,0.0,0.0,0.0,3.45
STU-12253,1.6487375859657423,0.6260875634957174,0.9805423932286857,0.8611212929594536,0.35410706994574054,0.3097156107706492,-0.1580103322093886,1.0,0.0,1.0,0.0,0.0,0.0,0.0,5.82
STU-14676,-0.1731962431327315,0.6975592469655633,-0.20432944604155803,-0.6192675921421923,1.0585876518438173,0.40029381283071913,-0.1580103322093886,1.0,0.0,0.0,0.0,0.0,0.0,1.0,4.62
STU-13732,2.1692901085653062,2.559907113379834,1.5048481821057689,-0.01873247837454296,1.0585876518438173,-1.7571142726000304,-0.1580103322093886,1.0,0.0,0.0,0.0,0.0,0.0,1.0,6.08
STU-13786,0.08708001816705048,0.1339539716033498,0.6290304142451799,1.7968387958067198,0.1729342973469531,-1.2795201162832994,0.281787965644195,0.0,1.0,0.0,0.0,0.0,1.0,0.0,5.02
STU-13159,2.1692901085653062,-1.4302548723367063,-2.2235485387979312,-1.191870840153205,-3.124987607050907,-1.4936140484252822,-0.11219800951630686,1.0,0.0,0.0,0.0,0.0,1.0,0.0,2.4
STU-12147,1.9090138472655243,-0.42760925565972524,-0.982395287162351,1.3778608094571978,-0.8260422655085161,-0.3078630396389165,0.2665171914131679,1.0,0.0,0.0,0.0,0.0,1.0,0.0,4.39
STU-14408,0.34735627946683245,-0.3500114278924638,-1.9075827149925335,-0.4796082633590175,0.26099437008421256,-0.8183947239774908,-0.243526667903141,1.0,0.0,0.0,0.0,0.0,0.0,1.0,3.22
STU-13714,0.34735627946683245,0.11761758681024213,0.9074752964736879,1.7968387958067198,0.18448315934528195,0.8037785310983022,1.100301464427253,0.0,1.0,0.0,0.0,0.0,0.0,1.0,5.48
STU-10671,1.3884613246659603,-0.9891724829228002,-1.1532143106571449,-0.5354719948722872,-0.7913956795135285,1.7342636977153802,0.7765610507294762,1.0,0.0,0.0,0.0,0.0,0.0,1.0,4.03
STU-14252,0.8679088020663964,-1.0524759739960923,-1.2766384605811287,-2.686225658133168,-0.8910046142491178,-0.06083157947509033,-0.1580103322093886,1.0,0.0,0.0,1.0,0.0,0.0,0.0,2.47
STU-13422,-0.1731962431327315,1.0304130871251316,0.0657225939921197,-0.38184673321079526,1.0585876518438173,-0.31609742164437715,-0.500075674984398,1.0,0.0,0.0,0.0,0.0,1.0,0.0,4.31
STU-14059,-0.6937487657322955,-0.9912145310219387,-1.2193696550164004,-0.35391486745416106,0.452272396931538,-0.637238319857351,-1.269722696228169,0.0,1.0,0.0,0.0,1.0,0.0,0.0,3.32
STU-11303,0.08708001816705048,0.5301113028362102,0.16890518332856888,0.5818026353931052,-0.019065533375269325,0.32618437478157136,-0.33820546813550956,1.0,0.0,0.0,0.0,1.0,0.0,0.0,5.18
STU-13772,0.08708001816705048,-0.023283732030311134,0.8245342677247705,0.5818026353931052,-0.11506544873638003,1.6025135856280062,2.071522705520583,0.0,1.0,1.0,0.0,0.0,0.0,0.0,5.1
STU-14298,-1.4745775496316413,-0.4337353999571405,-1.4089491492996395,0.651632299784692,0.9214449156136585,1.2896070694204937,0.46198310157031597,1.0,0.0,0.0,0.0,0.0,1.0,0.0,4.08
STU-14978,-0.1731962431327315,0.28506553093959547,0.0657225939921197,0.651632299784692,-0.2789149283376741,-1.106598094168621,2.383046499833538,1.0,0.0,0.0,0.0,0.0,1.0,0.0,4.49
STU-14188,-1.2143012883318594,1.6369013725692523,0.9785676068299024,-0.22822147154930458,1.0585876518438173,-1.5594891044689692,-0.1580103322093886,1.0,0.0,0.0,0.0,0.0,0.0,1.0,4.84
STU-11599,-0.1731962431327315,-0.48887069863387866,1.0022650436153069,0.5119729710015184,0.16932527797247543,-0.18434730955700304,-0.8940616501448997,1.0,0.0,1.0,0.0,0.0,0.0,0.0,5.04
STU-13124,-0.1731962431327315,-0.11109180029326463,1.5048481821057689,1.7968387958067198,1.0585876518438173,-1.6665360705399606,-1.1200691087641024,0.0,1.0,0.0,0.0,0.0,1.0,0.0,5.13
STU-12595,1.1281850633661783,1.0467494719182389,-0.4215559499077697,-0.8147906524386356,1.0585876518438173,0.06268415060682309,0.00385987463949986,1.0,0.0,0.0,0.0,1.0,0.0,0.0,4.92
STU-13440,-0.4334725044325135,-0.26832950392692556,0.11756073696019204,0.3723136422183448,-2.551875330383824,1.141388193322198,-1.2300186832274982,1.0,0.0,0.0,1.0,0.0,0.0,0.0,4.18
STU-10365,0.08708001816705048,-0.780883576810678,-0.938949986389109,-1.7505081552859019,-1.875545099606675,-2.1029583168293873,1.472908355664317,0.0,1.0,1.0,0.0,0.0,0.0,0.0,2.73
STU-11223,-1.4745775496316413,-1.2199239181254458,-1.5155876148339613,0.8331894272028181,-0.27674951671298736,1.5778104396116241,-1.2452894574585254,1.0,0.0,0.0,0.0,0.0,0.0,1.0,3.88
STU-13949,1.6487375859657423,0.7751570747328247,0.0657225939921197,-1.9320652827040279,1.0585876518438173,0.3179499927761099,0.0679971264098141,1.0,0.0,0.0,0.0,0.0,1.0,0.0,4.0
STU-11848,-0.9540250270320775,-0.04983035731911121,1.3231678334176644,1.2521674135523413,-0.6477567084093104,-0.3819724776880642,-0.5733753912933284,0.0,1.0,0.0,0.0,1.0,0.0,0.0,5.33
STU-10277,-0.9540250270320775,0.25035071325424174,-0.5884254006049955,0.20472244767853576,-0.27169688958871885,1.0919819012894325,0.10159282971807405,0.0,1.0,0.0,0.0,1.0,0.0,0.0,4.73
STU-13838,-1.4745775496316413,-0.278539744422618,-1.7061545023165914,0.051097186017043834,0.1729342973469531,1.5778104396116241,-0.8268702435283801,1.0,0.0,0.0,0.0,0.0,1.0,0.0,5.0
STU-10103,0.8679088020663964,-1.3056899382892608,0.04153146060701845,-1.261700504544793,0.2581071545846298,0.7790753850819193,1.8791109502096408,1.0,0.0,0.0,0.0,0.0,0.0,1.0,2.9
STU-13831,1.6487375859657423,-1.0606441663926462,-2.837830532969599,-2.001894947095615,-0.9141023382457756,-0.6290039378518903,0.8804023155004611,1.0,0.0,0.0,0.0,0.0,1.0,0.0,1.94
STU-14952,-0.1731962431327315,0.9181004416725164,-0.1342245288847345,-0.1025280756444481,1.0585876518438173,0.5896845989563189,-0.04500660289978724,1.0,0.0,0.0,1.0,0.0,0.0,0.0,4.5
STU-10733,-1.4745775496316413,-0.06208264591394167,-0.32084184356979795,-0.03269841125286007,0.33461836532356043,-0.5960664098300468,1.3629587812009207,1.0,0.0,1.0,0.0,0.0,0.0,0.0,3.55
STU-14796,1.6487375859657423,-0.5644264783020017,-1.092983325494241,0.6097345011497406,-0.9162677498704623,-1.3206920263106037,2.175363970291568,1.0,0.0,0.0,0.0,0.0,0.0,1.0,3.03
STU-13845,1.6487375859657423,-1.6099551050608905,-0.11052709209933012,-1.3035983031797445,-1.2685080408195002,-1.1971762962286912,0.0985386748718684,1.0,0.0,0.0,1.0,0.0,0.0,0.0,2.7
STU-13727,-1.2143012883318594,0.3749156473016874,0.4364887403637664,1.573383869753641,1.0585876518438173,0.013277858574057428,-0.005302589899116539,0.0,1.0,0.0,0.0,1.0,0.0,0.0,5.02
STU-11785,0.6076325407666144,0.7036853912629788,0.39699301238809104,-0.27011927018425713,0.9474298551098991,-1.6335985425181176,0.06188881671740308,1.0,0.0,0.0,0.0,0.0,1.0,0.0,4.77
STU-13287,0.8679088020663964,0.18296312598267275,1.5048481821057689,0.3723136422183448,0.6933548911466586,0.23560617272150144,-0.2618515969803735,0.0,1.0,0.0,0.0,0.0,1.0,0.0,4.94
STU-10106,-0.1731962431327315,1.365308975383838,0.4828962207351842,1.7968387958067198,1.0585876518438173,0.02151224057951886,-0.1580103322093886,1.0,0.0,0.0,0.0,1.0,0.0,0.0,5.86
STU-11209,-0.6937487657322955,-1.4404651128323989,-1.3576047029312612,0.3723136422183448,0.1729342973469531,-1.5265515764471256,-0.832978553220791,1.0,0.0,0.0,0.0,1.0,0.0,0.0,2.8
STU-14090,-0.6937487657322955,-1.1892931966383689,0.2241992024945138,0.27455211207012253,-0.23127587259456675,0.013277858574057428,-1.1078524893792807,1.0,0.0,1.0,0.0,0.0,0.0,0.0,4.24
STU-13100,0.34735627946683245,0.7833252671293783,1.1237144071405072,-2.3929410676885023,0.6363323850299092,-1.7818174186164133,-0.8940616501448997,0.0,1.0,0.0,0.0,0.0,1.0,0.0,3.34
STU-13087,-1.2143012883318594,1.2795429552200228,0.0657225939921197,0.38627957509666194,0.6384977966545959,1.4048884174969465,0.14129684271874476,1.0,0.0,0.0,0.0,1.0,0.0,0.0,5.12
STU-13134,2.559704500514979,0.8874697201854398,0.6596396034263281,0.7354278970545971,1.0585876518438173,0.43323134085256265,0.6818822504971079,1.0,0.0,0.0,1.0,0.0,0.0,0.0,5.74
STU-13768,1.1281850633661783,0.8813435758880243,-0.9310508407939742,0.4561092394882487,1.0585876518438173,1.4954666195570157,-0.9246031986069542,1.0,0.0,0.0,0.0,0.0,0.0,1.0,4.42
STU-12786,-0.9540250270320775,1.1917348869570692,1.4614028813325268,1.7968387958067198,1.0585876518438173,-1.3700983183433695,0.3611959916455364,1.0,0.0,0.0,0.0,0.0,0.0,1.0,5.73
STU-10687,0.8679088020663964,0.20542565507319563,-0.5765766822122926,-0.03269841125286007,0.4392799271834183,0.6226221269781624,0.013022339178116259,0.0,1.0,1.0,0.0,0.0,0.0,0.0,4.47
STU-11768,-0.9540250270320775,0.24014047275854936,0.5875598998707212,0.3304158435833922,1.0585876518438173,0.6226221269781624,0.2084882493352644,1.0,0.0,0.0,0.0,0.0,0.0,1.0,5.54
STU-13911,1.1281850633661783,-1.032055493004708,-1.1344538398686996,-1.6108488265027283,-2.2234545673063395,0.6967315650273102,-0.1580103322093886,1.0,0.0,0.0,0.0,1.0,0.0,0.0,2.36
STU-10143,1.3884613246659603,0.24218252085768813,-2.305502174347457,0.16282464904358318,-0.26375704696486657,-0.7360509039228816,-0.5581046170623012,1.0,0.0,0.0,0.0,0.0,1.0,0.0,3.59
STU-12260,-1.4745775496316413,1.8166016052934368,1.5048481821057689,-0.004766545496225848,1.0585876518438173,1.3225445974423364,-1.233072838073704,1.0,0.0,0.0,0.0,0.0,1.0,0.0,4.91
STU-13322,-0.1731962431327315,0.7465684013448862,-0.22605209642817906,-0.2561533373059388,1.0585876518438173,0.02151224057951886,0.08937621033325228,0.0,1.0,0.0,0.0,1.0,0.0,0.0,4.42
STU-12420,0.8679088020663964,-0.5542162378063092,-1.2006091842279552,1.2661333464306586,0.05094944248960191,-1.5512547224635085,-0.02668167382255444,1.0,0.0,1.0,0.0,0.0,0.0,0.0,4.36
STU-13483,0.34735627946683245,0.6015829863060561,1.5048481821057689,1.713043198536816,1.0585876518438173,-1.0571918021358562,0.9659186511942138,0.0,1.0,0.0,0.0,1.0,0.0,0.0,6.55
STU-12902,-1.4745775496316413,0.4953964851508562,-0.3139300911740555,-0.06063027700949553,-0.1244488991100221,-0.28315989362253363,-1.2391811477661145,1.0,0.0,0.0,0.0,0.0,0.0,1.0,4.37
STU-12824,1.1281850633661783,-0.023283732030311134,-0.737521773713167,-0.3120170688192085,-0.6759070595302377,-1.3206920263106037,0.1565676169497719,1.0,0.0,0.0,1.0,0.0,0.0,0.0,3.49
STU-14097,-0.4334725044325135,0.029809518547288645,-0.9053786176097851,-0.35391486745416106,0.338949188572934,-1.650067306529039,-0.8696284113752561,1.0,0.0,0.0,1.0,0.0,0.0,0.0,4.15
STU-13364,-0.4334725044325135,-0.3500114278924638,0.7880007193472709,0.5259389038798356,-0.8736813212516235,-0.3490349496662207,-1.422430438538441,1.0,0.0,0.0,0.0,0.0,0.0,1.0,4.38
STU-11390,0.6076325407666144,-1.1607045232504305,0.0657225939921197,0.6237004340280577,-0.9740120598621078,1.1084506653003539,-0.08471061590045793,1.0,0.0,0.0,0.0,1.0,0.0,0.0,3.39
STU-12908,1.1281850633661783,-0.18460553186224887,-1.2924367517713982,-1.359462034693014,0.14261853460133903,-0.40667562370444704,-0.6375126430636426,0.0,1.0,0.0,0.0,0.0,0.0,1.0,3.12
STU-10777,0.34735627946683245,0.029809518547288645,0.6152069094536936,0.2885180449484397,0.1801523360959084,0.005043476568596729,-0.8574117919904346,1.0,0.0,0.0,0.0,1.0,0.0,0.0,4.5
STU-11025,-1.4745775496316413,-0.4745763619399098,-0.11645145129568157,-1.5410191621111402,0.4392799271834183,-0.9254416900484821,0.7429653474212166,1.0,0.0,0.0,0.0,1.0,0.0,0.0,4.1
STU-12291,0.08708001816705048,-1.1729568118452611,-1.092983325494241,-1.5270532292328232,-1.4330793242956903,0.5979189809617803,-0.2740682163651953,1.0,0.0,0.0,0.0,0.0,1.0,0.0,2.17
STU-12739,-0.1731962431327315,0.05022999953867312,-0.7770175016888423,-1.862235618312441,0.19603202134361083,-0.42314438771536844,0.6666114762660805,1.0,0.0,0.0,0.0,1.0,0.0,0.0,3.57
STU-13575,0.34735627946683245,0.23401432846113412,-0.1984050868452066,-1.7924059539208543,0.1729342973469531,1.6025135856280062,0.47419972095513774,1.0,0.0,0.0,0.0,0.0,1.0,0.0,3.84
STU-14958,-1.2143012883318594,-2.2695366410826114,0.0657225939921197,-1.3734279675713312,-0.4175012723176237,-0.6207695558464297,2.5620963276923314,1.0,0.0,0.0,1.0,0.0,0.0,0.0,2.01
STU-14915,0.08708001816705048,-0.15193276227603394,-0.6358202741758057,-0.28408520306257423,0.42700926131019346,0.6308565089836231,0.3031670495676329,0.0,1.0,0.0,0.0,1.0,0.0,0.0,4.06
STU-11491,0.08708001816705048,-0.5052070834269863,-1.8996835693973988,-0.8008247195603185,-2.117349397696691,1.2402007773877282,-0.09387308043907433,1.0,0.0,0.0,0.0,1.0,0.0,0.0,2.36
STU-10575,-0.4334725044325135,0.8486708063018089,1.2106050086869913,-0.06063027700949553,-0.8845083793750574,-1.0571918021358562,1.2346842776602924,1.0,0.0,0.0,1.0,0.0,0.0,0.0,4.64
STU-10117,0.8679088020663964,0.2768973385430418,1.2767603530462468,-0.15839180715771778,0.23212221508838934,-0.22551921958430726,-1.3155350189212507,1.0,0.0,0.0,0.0,1.0,0.0,0.0,4.67
STU-10342,0.34735627946683245,-0.5623844302028633,-0.4748751826749299,-0.5075401291156529,0.442167142683,-0.9336760720539429,-0.20687680974867567,1.0,0.0,0.0,0.0,0.0,1.0,0.0,3.65
STU-12909,0.34735627946683245,-0.37451600508212546,-1.432646586085044,-0.08856214276612975,-1.0584631132248896,0.7626066210709972,-0.47564243621475444,0.0,1.0,0.0,0.0,1.0,0.0,0.0,3.18
STU-11322,1.1281850633661783,-0.7155380376382474,-1.6794948859330114,0.9309509573510404,0.1729342973469531,-1.4277389923815957,1.307983993969223,1.0,0.0,0.0,0.0,0.0,0.0,1.0,3.06
STU-11040,0.8679088020663964,1.4735375246381759,0.9805423932286857,1.7968387958067198,1.0585876518438173,-0.6043007918355082,-1.0589860118399936,0.0,1.0,0.0,0.0,1.0,0.0,0.0,6.02
STU-13297,0.08708001816705048,-0.023283732030311134,1.0072020096122658,1.140439950525802,-0.1699225432284427,0.41676257684164053,1.5706413107428912,0.0,1.0,0.0,0.0,0.0,1.0,0.0,5.35
STU-12187,0.08708001816705048,-0.1948157723579413,0.20247655210789278,-1.8762015511907584,0.8831893102441932,0.17796549868327508,-0.1580103322093886,1.0,0.0,0.0,0.0,0.0,1.0,0.0,4.12
STU-13466,1.6487375859657423,-0.023283732030311134,-0.20136726644338232,-1.5270532292328232,-1.003606018732826,-1.1230668581795433,1.4668000459719057,0.0,1.0,1.0,0.0,0.0,0.0,0.0,3.46
STU-11719,-1.4745775496316413,-0.7257482781339395,0.7129588361934897,0.9309509573510404,-0.001020436502880075,-1.790051800621874,-0.4420467329064945,1.0,0.0,0.0,0.0,0.0,0.0,1.0,4.81
STU-11863,-0.1731962431327315,-0.24995107103467948,0.02474577621735649,0.3024839778267568,0.3995807140641621,-0.027894051453246804,-0.30766391967345524,1.0,0.0,0.0,0.0,0.0,1.0,0.0,4.9
STU-12227,-0.4334725044325135,-2.1633501399274118,-2.3459852955225236,-2.3091454704185987,-2.0300111288343268,1.2896070694204937,-0.41761349413685095,1.0,0.0,0.0,0.0,0.0,1.0,0.0,1.45
STU-12566,1.3884613246659603,-0.21523625334932578,-1.3418064117409918,-0.13045994140108233,-0.32294496470630385,-0.07730034348601174,-1.159773121764773,1.0,0.0,1.0,0.0,0.0,0.0,0.0,2.98
STU-11834,-0.1731962431327315,-0.6175197288796015,0.917349228467606,-0.01873247837454296,-0.9906135489847062,0.02151224057951886,0.4803080306475485,1.0,0.0,0.0,0.0,0.0,0.0,1.0,3.18
STU-13181,1.6487375859657423,-1.7406461834057516,-0.060170038930344255,-2.08569054436552,-0.673019844030655,0.26030931873788427,0.35203352710692004,0.0,1.0,0.0,0.0,1.0,0.0,0.0,3.11
STU-13469,0.6076325407666144,-0.05187240541824962,-1.080147213902147,-0.4656423304807004,-1.3392448205592664,-2.629958765178883,-1.144502347533746,0.0,1.0,0.0,0.0,0.0,0.0,1.0,3.35
STU-14339,0.08708001816705048,-0.3193807064053869,-1.321071154553763,-1.3175642360580628,-1.528357435781906,0.5402783069235539,-0.8085453144511474,1.0,0.0,0.0,0.0,0.0,0.0,1.0,3.31
STU-11142,-0.1731962431327315,0.8997220087802703,0.9756054272317267,1.7968387958067198,0.5258963921708869,-0.7360509039228816,0.47725387580134315,1.0,0.0,0.0,0.0,0.0,0.0,1.0,4.64
STU-11527,1.6487375859657423,-0.29487612921572565,-0.09374140770966817,1.7968387958067198,1.0585876518438173,-0.027894051453246804,-0.9032241146835162,0.0,1.0,1.0,0.0,0.0,0.0,0.0,4.92
STU-13613,1.6487375859657423,0.5137749180431026,-0.024623883752237,-0.9963477798567617,-0.3547043352017088,-1.0818949481522384,0.6940988698819295,1.0,0.0,0.0,0.0,0.0,0.0,1.0,3.87
STU-10023,-0.4334725044325135,1.0099926061337468,0.3377494204245794,1.0985421518908494,1.0585876518438173,0.7955441490928408,2.5620963276923314,1.0,0.0,0.0,0.0,0.0,1.0,0.0,4.74
STU-13312,0.08708001816705048,-1.634459682250552,-1.6548100559482146,-0.6192675921421923,-1.8762669034815704,-0.5384257357918212,-0.33820546813550956,1.0,0.0,0.0,0.0,0.0,1.0,0.0,2.99
STU-12395,-0.1731962431327315,1.024286942827716,0.7080218701965306,0.4421433066099316,0.6002421912851307,0.12855920665051015,-0.40845102959823454,1.0,0.0,0.0,0.0,0.0,0.0,1.0,5.09
STU-14866,-0.4334725044325135,-0.023283732030311134,-0.36329975114364904,-0.28408520306257423,1.0585876518438173,1.470763473540632,-1.7767124006982722,1.0,0.0,1.0,0.0,0.0,0.0,0.0,3.94
STU-10697,1.3884613246659603,0.8057877962199013,0.9923911116213887,0.6097345011497406,1.0585876518438173,-0.036128433458707504,0.9567561866555971,1.0,0.0,0.0,0.0,1.0,0.0,0.0,4.38
STU-11232,0.34735627946683245,-0.25403516723295666,-0.37712325593513524,-0.15839180715771778,-1.063515740349159,-0.07730034348601174,-1.0773109409172261,0.0,1.0,0.0,0.0,0.0,0.0,1.0,3.68
STU-12592,0.08708001816705048,1.3448884943924533,1.5048481821057689,1.7968387958067198,1.0585876518438173,-1.8888643846874045,-0.5917003203705612,1.0,0.0,0.0,0.0,0.0,0.0,1.0,5.0
STU-13056,-0.1731962431327315,-0.9605838095348618,-0.02659867015102175,0.4561092394882487,-1.5579513946526242,2.718272347367955,0.8223733734225579,0.0,1.0,0.0,1.0,0.0,0.0,0.0,3.73
STU-12045,1.6487375859657423,-1.7100154619186747,0.34071160002275375,0.8331894272028181,-0.1439376037322022,0.8202472951092236,-0.23741835821072999,1.0,0.0,0.0,0.0,0.0,1.0,0.0,3.74
STU-10837,0.08708001816705048,0.8180400848147324,-0.24876214001419247,1.140439950525802,1.0585876518438173,-0.29962865763345575,-1.3277516383060723,0.0,1.0,0.0,0.0,0.0,0.0,1.0,5.31
STU-14906,0.08708001816705048,2.065731473388328,0.31010241084160695,0.6237004340280577,1.0585876518438173,-0.044362815464168204,1.3507421618160993,1.0,0.0,1.0,0.0,0.0,0.0,0.0,5.14
STU-14424,1.3884613246659603,0.9671095960518397,1.0634834219776033,0.8890531587160878,1.0585876518438173,0.9355286431856763,0.11991775879530658,1.0,0.0,0.0,0.0,0.0,1.0,0.0,6.0
STU-13601,-1.4745775496316413,1.2917952438148539,0.7820763601509209,1.3918267423355148,0.7944074336320389,0.17796549868327508,-0.4420467329064945,0.0,1.0,0.0,1.0,0.0,0.0,0.0,4.79
STU-10459,0.8679088020663964,-0.956499713336585,-1.2292435870103184,-2.0298268128522503,-1.6351844092664503,-0.6537070838682731,-0.1580103322093886,1.0,0.0,0.0,0.0,0.0,0.0,1.0,2.94
STU-13540,-0.1731962431327315,-0.7155380376382474,-1.089033752696673,-0.9684159141001275,-0.683125098279193,1.0343412272512063,1.784432149977272,1.0,0.0,0.0,0.0,0.0,0.0,1.0,3.45
STU-10462,-0.4334725044325135,0.2911916752370107,0.0657225939921197,1.7968387958067198,1.0585876518438173,0.19443426269419722,-0.03278998351496546,1.0,0.0,0.0,0.0,0.0,0.0,1.0,5.58
STU-11652,1.6487375859657423,1.2815850033191616,-0.9448743455854605,-0.21425553867098746,1.0585876518438173,0.2850124647542664,0.26957134625937323,1.0,0.0,1.0,0.0,0.0,0.0,0.0,3.99
STU-11791,-1.2143012883318594,2.595387699102364,1.5048481821057689,1.7968387958067198,1.0585876518438173,1.1825601033495017,-1.3308057931522779,0.0,1.0,1.0,0.0,0.0,0.0,0.0,7.0
STU-11892,0.08708001816705048,-0.8176404425951701,-0.5499170658287125,0.41421144085329614,0.25377633133525623,0.34265313879249276,-0.8482493274518181,1.0,0.0,0.0,0.0,0.0,1.0,0.0,4.07
STU-13301,-0.4334725044325135,-1.8386644921643975,-0.42056855670837734,-0.28408520306257423,-0.7394258005210476,-2.4076304510314395,-1.2300186832274982,1.0,0.0,0.0,0.0,0.0,0.0,1.0,3.56
STU-10284,-0.4334725044325135,-0.19685782045707972,-0.03844738854372323,1.2940652121872926,0.0964230866080225,-0.9254416900484821,-0.22825589367211357,1.0,0.0,0.0,0.0,0.0,0.0,1.0,4.66
STU-11707,-0.1731962431327315,0.19113131837922676,1.5048481821057689,0.06506311889536094,0.08126520523521495,0.3097156107706492,0.04356388764017056,1.0,0.0,0.0,0.0,0.0,1.0,0.0,4.64
STU-10154,-0.9540250270320775,-0.7032857490434166,0.9933785048207796,1.0706102861342153,-0.4925688753067624,0.3591219028034149,-1.233072838073704,1.0,0.0,0.0,0.0,0.0,0.0,1.0,4.38
STU-14019,-0.9540250270320775,1.5531774005045758,1.5048481821057689,0.38627957509666194,1.0585876518438173,1.2566695413986495,1.1430596322741293,1.0,0.0,0.0,0.0,1.0,0.0,0.0,4.83
STU-13882,-0.4334725044325135,-0.8686916450736313,-0.8639081032353264,0.8471553600811365,0.1729342973469531,-0.7031133759010381,-1.5537590969252748,0.0,1.0,0.0,1.0,0.0,0.0,0.0,3.87
STU-14493,0.8679088020663964,-0.907490558957262,-0.22308991683000334,0.20472244767853576,-2.9827922436964798,0.6143877449727017,2.5620963276923314,0.0,1.0,0.0,1.0,0.0,0.0,0.0,3.45
STU-13604,-1.4745775496316413,1.7900549800046364,0.37823254159964576,0.24662024631348708,1.0585876518438173,-1.8723956206764825,-0.778003765989093,1.0,0.0,1.0,0.0,0.0,0.0,0.0,5.45
STU-13351,0.6076325407666144,-2.2695366410826114,-2.638253682542517,-0.8566884510735882,-1.7788233803706688,0.7790753850819193,-0.778003765989093,0.0,1.0,0.0,0.0,0.0,0.0,1.0,2.37
STU-11506,1.3884613246659603,-0.023283732030311134,-0.09867837370662724,0.8471553600811365,-1.8943120003539595,-0.1514097815351595,-0.6405667979098483,0.0,1.0,1.0,0.0,0.0,0.0,0.0,3.23
STU-13738,0.8679088020663964,1.4163601778622996,1.3310669790127994,-0.6332335250205094,1.0585876518438173,0.07915291461774449,1.9829522149806256,1.0,0.0,0.0,0.0,0.0,1.0,0.0,5.06
STU-12152,0.34735627946683245,1.0079505580346086,1.1395126983307768,0.023165320260409614,1.0585876518438173,0.4249969588471012,0.7704527410370654,1.0,0.0,0.0,0.0,1.0,0.0,0.0,5.4
STU-11126,0.34735627946683245,-0.6093515364830475,-0.7720805356918832,0.7354278970545971,0.5872497215370099,0.7873097670873801,-0.603916939755383,0.0,1.0,0.0,0.0,0.0,1.0,0.0,4.38
STU-13920,2.1692901085653062,1.779844739508944,1.2441763774663153,1.308031145065611,1.0585876518438173,-0.20905045557338586,0.5566619018026848,1.0,0.0,0.0,1.0,0.0,0.0,0.0,4.97
STU-10768,-0.1731962431327315,0.34428492581461084,0.3426863864215385,1.7968387958067198,1.0585876518438173,0.4085281948361798,0.8590232315770235,0.0,1.0,0.0,0.0,0.0,0.0,1.0,5.34
STU-10061,0.34735627946683245,2.595387699102364,-0.6634672837587767,0.27455211207012253,-1.1212600503408046,2.718272347367955,-0.21298511944108642,1.0,0.0,1.0,0.0,0.0,0.0,0.0,4.48
STU-10193,-0.4334725044325135,-0.27037155202606433,0.3486107456178899,0.3723136422183448,1.0585876518438173,-1.312457644305143,-0.041952448053581864,1.0,0.0,1.0,0.0,0.0,0.0,0.0,3.82
STU-11173,0.08708001816705048,1.6185229396770062,0.9311727332590923,0.4700751723665658,0.3187386800758579,0.4414657228580233,-0.8665742565290508,0.0,1.0,0.0,0.0,1.0,0.0,0.0,5.32
STU-13154,0.8679088020663964,-0.6787811718537553,-0.05819525253156091,0.3723136422183448,1.0585876518438173,-2.448802361058744,-0.61918771398641,1.0,0.0,0.0,0.0,0.0,1.0,0.0,4.91
STU-10650,0.08708001816705048,0.08902891342230403,0.9499332040475376,0.24662024631348708,1.0585876518438173,-2.399396069025979,-0.8879533404524889,1.0,0.0,0.0,0.0,0.0,0.0,1.0,4.31
STU-12216,-0.6937487657322955,0.6975592469655633,-0.3287409891649327,0.0929949846519964,1.0585876518438173,-1.8888643846874045,0.2665171914131679,1.0,0.0,1.0,0.0,0.0,0.0,0.0,4.36
STU-10674,-0.1731962431327315,-0.8298927311900006,-0.9754835347666087,-1.4711894977195534,-0.47091475905989555,0.5485126889290146,-0.6252960236788211,1.0,0.0,0.0,1.0,0.0,0.0,0.0,3.38
STU-12235,-0.6937487657322955,0.029809518547288645,-2.0073094281311117,0.7493938299329143,0.5836407021625323,1.4378259455187892,2.2578261511391156,0.0,1.0,0.0,0.0,0.0,0.0,1.0,4.76
STU-10610,0.6076325407666144,0.05227204763781153,0.2281487752920805,1.7968387958067198,0.11013736023103816,-0.24198798359522938,2.4166422031417985,0.0,1.0,0.0,0.0,0.0,1.0,0.0,5.05
STU-10835,-0.9540250270320775,-0.20094191665535655,0.7613411029636907,-0.5494379277506043,0.39597169468968346,0.268543700743345,-0.2160392742872918,1.0,0.0,1.0,0.0,0.0,0.0,0.0,3.97
STU-10986,-0.9540250270320775,0.4157566092844567,0.23703531408660766,-1.191870840153205,1.0585876518438173,-0.31609742164437715,0.9781352705790354,1.0,0.0,1.0,0.0,0.0,0.0,0.0,4.26
STU-10304,0.6076325407666144,-1.0034668196167693,-1.2588653829920744,0.7773256956895485,-0.7206588997737633,-2.0288488787802392,-1.5537590969252748,1.0,0.0,0.0,0.0,0.0,0.0,1.0,3.4
STU-14921,-1.2143012883318594,-1.1811250042418149,-1.0169540491410674,0.023165320260409614,-1.2165381618270192,-1.5677234864744307,-0.038898293207376214,1.0,0.0,0.0,0.0,0.0,1.0,0.0,3.09
STU-11306,1.6487375859657423,-0.5337957568149249,-0.002901233365615976,-0.6611653907771436,-0.15476466185563617,0.07915291461774449,1.155276251658951,0.0,1.0,1.0,0.0,0.0,0.0,0.0,4.34
STU-14559,0.6076325407666144,-0.03962011682341879,-0.49758522626094326,-0.15839180715771778,-1.3479064670580136,-0.4807850617535948,1.6561576464366434,1.0,0.0,0.0,1.0,0.0,0.0,0.0,3.12
STU-11401,0.34735627946683245,1.5470512562071608,1.5048481821057689,0.3304158435833922,1.0585876518438173,-0.6454727018628125,2.5620963276923314,1.0,0.0,0.0,0.0,1.0,0.0,0.0,5.28
STU-11050,0.08708001816705048,-1.203587533332338,0.37724514840025336,0.12092685040863062,0.8304976273768173,0.4085281948361798,0.019130648870527008,1.0,0.0,0.0,0.0,0.0,0.0,1.0,4.71
STU-14639,-0.1731962431327315,0.1666267411895651,0.5233793419102505,-1.024279645613396,0.338949188572934,-0.7442852859283431,-0.7596788369118603,1.0,0.0,0.0,0.0,0.0,0.0,1.0,4.39
STU-14331,-1.2143012883318594,-0.48274455433646346,-1.1423529854638343,-0.6890972565337792,-0.18580222847614514,-0.09376910749693386,-1.0162278439931174,1.0,0.0,0.0,0.0,0.0,0.0,1.0,3.67
STU-13152,-0.1731962431327315,-1.352657044569445,-0.8026897248730314,-1.3175642360580628,-0.8924482219989087,-0.052597197469628904,-0.1580103322093886,1.0,0.0,0.0,0.0,0.0,0.0,1.0,2.93
STU-12695,1.1281850633661783,-0.5113332277244019,-2.074452165689759,-2.3929410676885023,-0.4918470714318675,0.11209044263958802,0.10464698456427943,1.0,0.0,0.0,0.0,1.0,0.0,0.0,2.74
STU-13179,0.08708001816705048,-0.9299530880477851,-0.3238040231679737,0.9449168902293574,-0.414614056818041,-1.2959888802942217,-0.500075674984398,1.0,0.0,0.0,1.0,0.0,0.0,0.0,3.32
STU-13888,0.34735627946683245,1.0324551352242703,1.5048481821057689,-0.605301659263874,1.0585876518438173,0.7461378570600758,-0.5947544752167665,1.0,0.0,0.0,0.0,0.0,1.0,0.0,4.48
STU-14448,-0.9540250270320775,0.9528152593578705,1.1730840671101006,0.06506311889536094,1.0585876518438173,0.8778879691474499,0.5749868308799171,1.0,0.0,0.0,0.0,1.0,0.0,0.0,4.83
STU-13701,-0.4334725044325135,-0.30100227351314085,0.4977071187260614,0.38627957509666194,-0.03205800312338906,-0.3490349496662207,-0.18549772582523752,1.0,0.0,0.0,0.0,0.0,0.0,1.0,4.32
STU-12173,2.1692901085653062,0.7874093633276555,-0.7385091669125593,1.321997077943928,-0.37780205919836757,-1.7077079805672655,-1.5568132517714806,1.0,0.0,0.0,0.0,1.0,0.0,0.0,4.6
STU-10813,0.8679088020663964,-0.023283732030311134,-1.3141594021580192,-1.0661774442483485,-1.5810491186492825,-1.0407230381249342,-0.6711083463719025,1.0,0.0,0.0,0.0,0.0,0.0,1.0,3.12
STU-13769,-0.4334725044325135,1.3857294563752223,-0.8323115208547872,0.5119729710015184,1.0585876518438173,-0.6454727018628125,-0.8910074952986944,0.0,1.0,0.0,0.0,0.0,0.0,1.0,4.38
STU-10374,0.8679088020663964,-1.391455958453076,0.7978746513411904,-0.9963477798567617,-0.6852905099038797,-2.716419776236223,-0.22214758397970283,1.0,0.0,1.0,0.0,0.0,0.0,0.0,3.48
STU-14596,0.34735627946683245,0.7567786418405786,0.028695349014923186,1.1823377491607534,1.0585876518438173,0.44970010486348405,0.17183839118079905,0.0,1.0,0.0,0.0,0.0,0.0,1.0,4.92
STU-10951,0.34735627946683245,-0.3500114278924638,0.0657225939921197,1.7968387958067198,0.20108464846788035,1.0919819012894325,-0.9032241146835162,0.0,1.0,0.0,0.0,0.0,0.0,1.0,5.41
STU-14857,0.34735627946683245,-0.05391445351738803,-1.0416388791258642,0.0929949846519964,0.3504980505712629,0.9767005532129798,-0.6436209527560537,1.0,0.0,0.0,0.0,1.0,0.0,0.0,3.96
STU-13770,0.34735627946683245,1.2877111476165772,1.4623902745319177,1.0147465546209455,1.0585876518438173,-1.2136450602396125,0.46809141126272674,1.0,0.0,0.0,0.0,0.0,1.0,0.0,5.56
STU-10091,-1.2143012883318594,0.5872886496120868,1.081256499566656,0.10696091753031352,1.0585876518438173,-0.4890194437590555,-0.7169206690649842,1.0,0.0,1.0,0.0,0.0,0.0,0.0,4.25
STU-14673,-0.4334725044325135,0.5607420243232868,1.5048481821057689,0.7493938299329143,0.46093404343028516,-1.0571918021358562,1.5187206783573983,1.0,0.0,0.0,0.0,0.0,0.0,1.0,5.79
STU-11228,0.34735627946683245,-0.1315122812846491,-0.36329975114364904,-0.43771046472406494,1.0585876518438173,0.8284816771146842,-1.1994771347654438,1.0,0.0,0.0,0.0,1.0,0.0,0.0,4.52
STU-14548,-0.1731962431327315,-2.0387852058799663,-1.8216795066454403,-1.9599971484606635,-1.64168064414051,-1.7488798905945697,0.04967219733258158,1.0,0.0,0.0,1.0,0.0,0.0,0.0,1.96
STU-14132,-0.4334725044325135,-0.023283732030311134,-0.5479422794299291,-0.8287565853169527,-0.8419219507562186,0.25207493673242287,-0.16411864190179934,1.0,0.0,0.0,0.0,0.0,1.0,0.0,3.93
STU-11320,0.34735627946683245,-1.536441373491906,-1.0860715730984971,0.7214619641762801,-1.4836055955383805,0.09562167862866662,1.3171464585078396,0.0,1.0,0.0,1.0,0.0,0.0,0.0,3.52
STU-14109,-1.4745775496316413,-0.3561375721898794,1.0269498736001035,0.0929949846519964,0.4508287891817471,0.7049659470327716,-0.243526667903141,1.0,0.0,0.0,0.0,0.0,0.0,1.0,4.53
STU-14777,0.8679088020663964,0.6996012950647017,-0.35737539194729756,-0.1025280756444481,1.0585876518438173,0.14502797066143155,-1.1780980508420058,1.0,0.0,0.0,0.0,0.0,1.0,0.0,4.5
STU-10238,-0.1731962431327315,0.011431085655042581,-1.7456502302922667,-0.004766545496225848,-1.8322368671129405,-1.8970987666928651,-0.1580103322093886,0.0,1.0,0.0,0.0,1.0,0.0,0.0,3.66
STU-12230,0.8679088020663964,1.0304130871251316,-0.1796446160567613,0.553870769636471,0.5757008595386811,-0.5878320278245861,-0.28628483575001706,1.0,0.0,1.0,0.0,0.0,0.0,0.0,3.46
STU-10090,0.08708001816705048,0.6138352749008866,1.0743447471709138,0.98681468886431,0.9770238139806182,-0.11847225351331596,-0.5642129267547122,1.0,0.0,0.0,0.0,1.0,0.0,0.0,4.56
STU-10800,-0.9540250270320775,-0.023283732030311134,0.6201438754506541,0.26058617919180543,-0.13238874173387333,0.7626066210709972,-0.9795779858386522,1.0,0.0,0.0,0.0,1.0,0.0,0.0,4.06
STU-13505,0.08708001816705048,0.6342557558922715,0.2755436488628906,0.9449168902293574,1.0585876518438173,1.0590443732675883,-1.7370083876976015,1.0,0.0,0.0,0.0,0.0,1.0,0.0,5.21
STU-13232,-0.4334725044325135,2.595387699102364,0.9242609808633498,0.023165320260409614,1.0585876518438173,0.8614192051365286,-0.9001699598373106,1.0,0.0,0.0,0.0,0.0,1.0,0.0,5.69
STU-12208,-0.4334725044325135,-0.48887069863387866,-1.4741171004595026,0.8611212929594536,-0.5950650255419335,1.4625290915351714,2.0654143958281725,1.0,0.0,0.0,0.0,1.0,0.0,0.0,3.4
STU-14456,0.6076325407666144,0.5607420243232868,-0.024623883752237,0.023165320260409614,0.9734147946061396,-1.7241767445781868,1.3568504715085101,1.0,0.0,0.0,0.0,0.0,1.0,0.0,4.34
STU-11210,0.8679088020663964,0.5321533509353487,1.5048481821057689,1.0845762190125323,1.0585876518438173,0.9849349352184406,-1.2788851607667853,1.0,0.0,0.0,0.0,1.0,0.0,0.0,4.22
STU-14816,-1.4745775496316413,0.6648864773793479,1.4278315125532028,0.40024550797497904,1.0585876518438173,0.5238095429126318,-0.7535705272194495,0.0,1.0,0.0,0.0,1.0,0.0,0.0,5.09
STU-12136,2.559704500514979,0.6608023811810712,0.9933785048207796,0.051097186017043834,1.0585876518438173,0.19443426269419722,0.1962716299504426,1.0,0.0,0.0,0.0,0.0,1.0,0.0,5.31
STU-12362,-0.9540250270320775,-2.159266043729135,-0.8135510500663419,0.23265431343516998,-1.4958762614116052,1.0343412272512063,1.1033556192734584,1.0,0.0,1.0,0.0,0.0,0.0,0.0,2.66
STU-10361,0.08708001816705048,-0.2622033596295103,-2.3321617907310372,-0.9125521825868579,0.6442722276537605,1.4460603275242498,2.276151080216348,1.0,0.0,0.0,1.0,0.0,0.0,0.0,3.92
STU-11167,1.6487375859657423,-0.0743349345087725,-1.089033752696673,0.3723136422183448,0.37864840169219016,-2.6134900011679614,-0.5855920106781501,1.0,0.0,0.0,0.0,0.0,0.0,1.0,4.18
STU-14998,0.8679088020663964,-1.805991722578182,-1.6745579199360523,-0.7449609880470488,-2.3439958144139,0.268543700743345,-0.1580103322093886,1.0,0.0,0.0,0.0,1.0,0.0,0.0,2.51
STU-12885,-0.4334725044325135,-0.023283732030311134,0.2696192896665392,0.6935300984196445,-1.8510037678602258,0.2932468467597278,0.8498607670384069,0.0,1.0,0.0,0.0,0.0,0.0,1.0,3.73
STU-12644,-1.2143012883318594,0.4811021484568873,0.1382959941474207,-0.7309950551687304,0.937324600861361,-2.0453176427911615,-0.9979029149158848,0.0,1.0,1.0,0.0,0.0,0.0,0.0,4.36
STU-11883,-0.6937487657322955,0.30548601193097996,0.3180015564367417,-1.1220411757616182,1.0585876518438173,1.808373135764528,-1.0986900248406644,1.0,0.0,0.0,0.0,0.0,0.0,1.0,4.54
STU-14152,-1.4745775496316413,2.595387699102364,1.5048481821057689,0.819223494324501,1.0585876518438173,-1.3948014643597522,-0.1580103322093886,0.0,1.0,0.0,0.0,1.0,0.0,0.0,5.64
STU-12097,0.34735627946683245,0.25035071325424174,-0.6674168565563448,-0.9684159141001275,0.3302875420741868,0.27677808274880566,1.5126123686649875,0.0,1.0,0.0,0.0,1.0,0.0,0.0,4.12
STU-12365,-1.2143012883318594,-0.6399822579701244,-1.9016583557961821,0.16282464904358318,-0.6694108246561773,-1.444207756392517,0.2665171914131679,1.0,0.0,0.0,0.0,0.0,1.0,0.0,3.18
STU-12946,-0.4334725044325135,0.8547969505992246,0.5934842590670726,-0.40977859896743074,1.0585876518438173,0.48263763288532757,1.5492622268194531,1.0,0.0,0.0,0.0,0.0,1.0,0.0,4.73
STU-11344,1.3884613246659603,0.7690309304354095,-1.260840169390859,-2.3650092019318683,-0.058764746494525476,1.009638081234824,-0.3504220875203313,1.0,0.0,1.0,0.0,0.0,0.0,0.0,3.53
STU-13428,0.34735627946683245,0.5832045534138101,-0.7227108757222898,-0.8706543839519053,1.0585876518438173,-1.246582588261456,1.2652258261223472,1.0,0.0,0.0,0.0,0.0,0.0,1.0,4.63
STU-12708,-1.2143012883318594,0.19113131837922676,0.3742829688020776,0.34438177646170937,0.7907984142575613,-2.4899742710860484,-0.07554815136184154,0.0,1.0,0.0,1.0,0.0,0.0,0.0,5.42
STU-11133,-0.6937487657322955,-0.5930151516899398,-0.977458321165392,-1.6667125580159978,-0.6304334154118171,-0.1267066355187774,-0.9154407340683379,1.0,0.0,0.0,0.0,1.0,0.0,0.0,2.93
STU-11371,-0.9540250270320775,0.48927034085344095,-0.8777316080268126,-0.35391486745416106,-0.034945218622971785,-0.3737380956826035,-0.2832306809038117,1.0,0.0,0.0,0.0,0.0,0.0,1.0,3.79
STU-11369,-0.1731962431327315,-0.4684502176424942,0.8067611901357176,0.8750872258377707,-0.8260422655085161,0.7461378570600758,-0.14884786767077218,1.0,0.0,1.0,0.0,0.0,0.0,0.0,4.75
STU-11769,-1.4745775496316413,-0.2907920330174488,-1.7634233078813197,-0.9963477798567617,0.5157911379223489,-1.5924266324908127,2.5620963276923314,1.0,0.0,1.0,0.0,0.0,0.0,0.0,4.64
STU-10711,-1.4745775496316413,0.37899974349996457,1.3162560810219222,0.9588828231076758,1.0585876518438173,0.9767005532129798,-0.28628483575001706,0.0,1.0,0.0,0.0,0.0,1.0,0.0,4.61
STU-12022,-0.1731962431327315,-1.1892931966383689,0.0657225939921197,1.4476904738487846,0.1686034740975795,-2.2264740469113007,-1.2941559349978125,0.0,1.0,0.0,0.0,1.0,0.0,0.0,4.15
STU-12717,1.6487375859657423,-0.8972803184615697,0.14422035334377212,-0.4516763976023833,1.0585876518438173,2.6071081902942335,0.9995143545024735,1.0,0.0,0.0,0.0,0.0,0.0,1.0,4.03
STU-11889,-0.4334725044325135,-1.593618720267783,-1.7831711718691574,-1.5410191621111402,-0.331606611205051,0.48263763288532757,0.33676275287589286,0.0,1.0,1.0,0.0,0.0,0.0,0.0,3.03
STU-10485,-0.4334725044325135,0.7159376798578093,-0.5143709106506053,-0.4935741962373346,-0.09196772473972124,0.10385606063412732,-1.181152205688211,0.0,1.0,0.0,1.0,0.0,0.0,0.0,3.95
STU-10080,-1.4745775496316413,-0.8727757412719083,1.5048481821057689,-1.4013598333279667,-0.4896816598071807,1.536638529584319,0.3245461334910711,1.0,0.0,0.0,0.0,0.0,1.0,0.0,3.9
STU-10576,-0.1731962431327315,0.9119742973751008,0.043506247005801794,0.9449168902293574,0.411129576062491,0.836716059120145,-0.5978086300629719,0.0,1.0,0.0,1.0,0.0,0.0,0.0,5.6
STU-12984,0.08708001816705048,0.5770784091163944,-0.015737344957711237,-0.08856214276612975,0.3772047939423993,-1.1395356221904647,-0.6375126430636426,1.0,0.0,0.0,1.0,0.0,0.0,0.0,4.53
STU-12888,-1.4745775496316413,-0.8135563463968929,0.0657225939921197,-2.001894947095615,0.11952081060468024,0.3179499927761099,1.7905404596696826,1.0,0.0,0.0,1.0,0.0,0.0,0.0,3.61
STU-14187,-0.1731962431327315,-0.9687520019314156,-0.25666128560932727,-0.2980511359408914,-0.29190739808579386,-0.4972538257645162,-0.6650000366794918,1.0,0.0,0.0,0.0,1.0,0.0,0.0,3.71
STU-12608,-1.4745775496316413,0.6117932268017482,-0.6723538225533039,1.0426784203775796,0.2840920940808703,-2.242942810922222,-0.20993096459488106,1.0,0.0,0.0,0.0,0.0,0.0,1.0,5.24
STU-14873,-0.9540250270320775,-2.2695366410826114,-2.0142211805268553,-1.4292916990846007,-2.9791832243220013,-0.39844124169898637,0.1657300814883883,1.0,0.0,0.0,0.0,0.0,1.0,0.0,1.0
STU-13007,2.1692901085653062,-1.805991722578182,-1.2075209366236974,1.0706102861342153,-1.5254702202823234,0.02151224057951886,0.5291745081868359,0.0,1.0,0.0,1.0,0.0,0.0,0.0,3.65
STU-13681,-1.4745775496316413,-0.6195617769787399,0.1718673629267446,0.7912916285678668,0.101475713732291,0.16973111667781438,-0.6985957399877515,1.0,0.0,0.0,0.0,0.0,1.0,0.0,4.73
STU-13735,-0.1731962431327315,0.5015226294482718,0.0657225939921197,-1.1080752428833012,1.0116703999756047,-0.678410229884656,-0.20687680974867567,0.0,1.0,0.0,1.0,0.0,0.0,0.0,4.64
STU-10379,0.34735627946683245,-0.023283732030311134,-0.06313221852851998,-1.261700504544793,-0.20962175634769883,2.2036234720266505,-0.570321236447123,1.0,0.0,0.0,0.0,1.0,0.0,0.0,4.31
STU-10542,0.6076325407666144,0.5505317838275947,0.4434004927595088,0.819223494324501,-1.0086586458570954,1.7342636977153802,-0.46953412652234344,1.0,0.0,0.0,0.0,0.0,1.0,0.0,3.58
STU-12543,1.3884613246659603,0.6015829863060561,0.7613411029636907,-0.5494379277506043,-0.4175012723176237,-0.6207695558464297,0.7246404183439837,1.0,0.0,0.0,0.0,0.0,0.0,1.0,4.25
STU-14463,0.8679088020663964,1.2979213881122689,1.5048481821057689,1.3778608094571978,1.0585876518438173,0.12855920665051015,1.5889662398201234,1.0,0.0,0.0,0.0,0.0,1.0,0.0,5.64
STU-11165,0.8679088020663964,-0.278539744422618,0.25184621207748625,0.1767905819219003,0.1729342973469531,-0.06083157947509033,-0.576429546139534,1.0,0.0,0.0,0.0,0.0,0.0,1.0,4.62
STU-13223,-0.6937487657322955,-0.4990809391295711,-0.07103136412365477,0.41421144085329614,0.7612044553868421,-0.20081607356792516,0.8437524573459961,1.0,0.0,0.0,1.0,0.0,0.0,0.0,4.42
STU-14490,-1.4745775496316413,-1.2362603029185533,-0.28628308159108307,0.023165320260409614,-1.0584631132248896,1.1084506653003539,-0.18549772582523752,0.0,1.0,0.0,0.0,0.0,1.0,0.0,4.24
STU-12514,0.6076325407666144,0.05839819193522713,0.534240667103561,1.7968387958067198,0.22706958796412086,0.5979189809617803,-0.4328842683678781,0.0,1.0,0.0,0.0,0.0,1.0,0.0,5.33
STU-14098,0.8679088020663964,-0.8748177893710467,-2.837830532969599,-2.169486141635424,-1.8769887073564664,1.1249194293112754,-0.002248435052911163,1.0,0.0,0.0,0.0,0.0,1.0,0.0,2.5
STU-14347,0.08708001816705048,-0.5542162378063092,-0.8392232732505296,-1.345496101814697,-1.3183125081872955,1.8001387537590674,-0.011410899591527291,1.0,0.0,0.0,0.0,0.0,1.0,0.0,2.79
STU-13637,-1.2143012883318594,-1.0667703106900615,0.9874541456244296,0.4700751723665658,-0.16198270060459147,0.02151224057951886,0.6177449987267934,1.0,0.0,0.0,0.0,0.0,1.0,0.0,3.97
STU-10028,-0.6937487657322955,0.16866878928870352,-0.423530736306553,0.34438177646170937,0.1729342973469531,0.38382504881979695,-0.2832306809038117,1.0,0.0,0.0,0.0,0.0,1.0,0.0,3.11
STU-10110,-0.1731962431327315,1.0896324820001466,1.3024325762304358,0.567836702514788,1.0585876518438173,-0.3078630396389165,-0.09692723528527972,0.0,1.0,1.0,0.0,0.0,0.0,0.0,6.07
STU-14973,-1.4745775496316413,0.4157566092844567,0.5026440847230205,0.7773256956895485,-0.40089978319502534,-0.5219569717808991,0.8529149218846123,0.0,1.0,0.0,1.0,0.0,0.0,0.0,4.71
STU-12106,-0.4334725044325135,-0.10904975219412621,-0.8007149384742467,0.023165320260409614,-0.785621248514364,-2.168833372873074,-0.2954473002886335,1.0,0.0,0.0,0.0,0.0,0.0,1.0,3.92
STU-10765,1.1281850633661783,-0.8625655007762161,0.9696810680353752,0.023165320260409614,0.9221667194885544,-1.0242542741140128,-0.020573364130143688,0.0,1.0,0.0,0.0,0.0,1.0,0.0,3.39
STU-11618,1.3884613246659603,-1.1219056093667998,-0.028573456549805098,-0.4516763976023833,-0.016900121750582534,0.606153362967241,-0.832978553220791,1.0,0.0,1.0,0.0,0.0,0.0,0.0,4.16
STU-11487,-0.6937487657322955,1.4388227069528225,1.5048481821057689,-0.28408520306257423,0.6861368523977034,-1.518317194441665,-0.5245089137540415,1.0,0.0,0.0,0.0,0.0,1.0,0.0,4.25
STU-11108,-0.6937487657322955,-1.9652714743109816,0.0657225939921197,-1.7225762895292664,-1.8192443973648205,-1.3865670823542908,1.3537963166623046,1.0,0.0,0.0,0.0,0.0,0.0,1.0,1.59
STU-13285,1.3884613246659603,1.724709440832206,1.5048481821057689,0.0929949846519964,1.0585876518438173,-0.08553472549147244,-1.0009570697620902,1.0,0.0,0.0,0.0,1.0,0.0,0.0,5.28
STU-14285,-0.6937487657322955,0.24218252085768813,-0.3790980423339186,-0.14442587427939943,0.844933704874729,-0.9419104540594035,-0.8910074952986944,0.0,1.0,0.0,0.0,1.0,0.0,0.0,4.52
STU-12144,1.1281850633661783,2.595387699102364,-0.03449781574615654,1.7968387958067198,1.0585876518438173,1.2237320133768066,-0.1580103322093886,0.0,1.0,0.0,0.0,0.0,0.0,1.0,5.75
STU-10097,-0.6937487657322955,-0.14989071417689517,-0.028573456549805098,-0.5634038606289227,-0.4081178219439806,-1.518317194441665,-0.04500660289978724,1.0,0.0,0.0,1.0,0.0,0.0,0.0,3.26
STU-11024,1.1281850633661783,0.9854880289440857,-0.4640138574816194,0.553870769636471,1.0585876518438173,-0.003190905436863971,-0.10914385467010149,1.0,0.0,1.0,0.0,0.0,0.0,0.0,5.01
STU-14494,-1.4745775496316413,0.08494481722402683,1.5048481821057689,-0.5354719948722872,0.7178962228931083,-0.8266291059829515,0.4711455661089324,0.0,1.0,0.0,1.0,0.0,0.0,0.0,4.27
STU-14571,0.8679088020663964,0.7955775557242095,0.5539885310913987,1.7968387958067198,1.0585876518438173,-2.716419776236223,-0.8299243983745855,0.0,1.0,0.0,0.0,0.0,0.0,1.0,5.04
STU-12657,-1.2143012883318594,0.029809518547288645,-1.0515128111197822,-0.22822147154930458,-1.3421320360588491,0.13679358865597085,0.9078897091163101,1.0,0.0,0.0,0.0,1.0,0.0,0.0,2.32
STU-11461,0.34735627946683245,0.09719710581885767,-0.7039504049338444,0.9449168902293574,1.0585876518438173,-0.793691577961108,1.0850306901962257,0.0,1.0,0.0,1.0,0.0,0.0,0.0,4.92
STU-13365,-1.2143012883318594,-0.3030443216122793,-0.4521651390889165,-0.8985862497085395,0.7186180267680042,0.6637940370054666,1.3446338521236885,0.0,1.0,0.0,0.0,0.0,0.0,1.0,3.56
STU-14685,1.1281850633661783,-0.9728360981296926,-1.0979202914912,0.009199387382091261,-0.05299031549536104,-0.23375360158976868,-1.028444463377939,1.0,0.0,0.0,0.0,0.0,1.0,0.0,4.13
STU-11755,0.08708001816705048,-0.23361468624157183,-0.3702115035393915,0.3164499107050751,0.41040777218759505,-1.3618639363379088,0.3825750755689746,0.0,1.0,0.0,1.0,0.0,0.0,0.0,4.02
STU-12221,-0.4334725044325135,0.042061807142119476,0.7692402485588256,-1.0661774442483485,0.1974756290934017,0.14502797066143155,-1.2849934704591963,1.0,0.0,0.0,0.0,1.0,0.0,0.0,4.53
STU-14307,0.08708001816705048,-1.1525363308538767,-1.4553566296710574,-1.5410191621111402,-0.9581323746144054,1.0343412272512063,-0.4115051844444402,0.0,1.0,0.0,0.0,0.0,0.0,1.0,3.25
STU-14447,0.08708001816705048,1.2101133198493152,0.5924968658676817,0.06506311889536094,0.2884229173302439,-0.08553472549147244,-0.1580103322093886,0.0,1.0,0.0,0.0,1.0,0.0,0.0,5.59
STU-11435,0.08708001816705048,-1.3853298141556605,0.35453510481423994,-0.22822147154930458,-0.9682376288629433,1.7260293157099196,-1.1322857281489243,1.0,0.0,0.0,1.0,0.0,0.0,0.0,4.11
STU-11574,0.8679088020663964,0.5729943129181176,1.0901430383611832,-0.5773697935072397,1.0585876518438173,0.02151224057951886,0.7276945731901892,1.0,0.0,0.0,0.0,0.0,1.0,0.0,4.53
STU-10300,-0.4334725044325135,-0.4664081695433558,-0.8540341712414082,0.3723136422183448,-1.095996914719459,-0.5631288818082033,-0.3443137778279203,0.0,1.0,0.0,0.0,1.0,0.0,0.0,4.59
STU-13557,-1.2143012883318594,1.2652486185260536,1.0002902572165235,0.38627957509666194,1.0585876518438173,0.21090302670511862,-0.9520905922228031,1.0,0.0,1.0,0.0,0.0,0.0,0.0,5.47
STU-12475,-0.4334725044325135,-0.38881034177609436,-1.8720365598144262,-1.764474088164219,0.37431757844281655,-0.2913942756279943,-1.171989741149595,1.0,0.0,0.0,0.0,1.0,0.0,0.0,3.45
STU-10553,1.3884613246659603,0.14824830829731903,1.2688612074511119,0.3024839778267568,0.45515961243112074,0.3179499927761099,-0.38096363598238564,1.0,0.0,0.0,0.0,0.0,0.0,1.0,3.95
STU-10333,-0.9540250270320775,0.7812832190302399,0.44438788595890116,0.27455211207012253,0.008363013870763034,-1.1889419142232305,0.3153836689524547,0.0,1.0,0.0,0.0,0.0,0.0,1.0,4.26
STU-12438,0.34735627946683245,0.2626030018490726,0.10669941176688152,1.573383869753641,-0.10640380223763285,-0.90897292603756,-0.8971158049911052,0.0,1.0,0.0,0.0,0.0,0.0,1.0,4.46
STU-12775,-1.2143012883318594,0.7547365937414402,0.6379169530397071,0.38627957509666194,0.7893548065077693,0.21090302670511862,-1.1842063605344166,1.0,0.0,0.0,0.0,1.0,0.0,0.0,4.77
STU-14259,-1.4745775496316413,0.3871679358965182,0.8462569181113915,0.4700751723665658,-2.3331687562904664,-1.6665360705399606,-0.5214547589078359,1.0,0.0,1.0,0.0,0.0,0.0,0.0,3.39
STU-13673,-0.6937487657322955,-0.4439456404528329,0.0657225939921197,1.7968387958067198,-0.352538923577022,-1.946505058725631,-0.8238160886821746,1.0,0.0,0.0,0.0,0.0,1.0,0.0,4.84
STU-12892,0.08708001816705048,-0.3806421493795407,-0.42056855670837734,1.3918267423355148,0.1729342973469531,-0.019659669447785372,-0.2679599066727843,1.0,0.0,0.0,0.0,0.0,1.0,0.0,4.41
STU-11972,-1.4745775496316413,-1.0790225992848923,-2.6096192797601527,-0.6890972565337792,-2.987844870820749,-1.4606765204034386,-0.10303554497769046,1.0,0.0,0.0,0.0,0.0,0.0,1.0,1.59
STU-10504,1.6487375859657423,0.9140163454742396,0.5470767786956549,0.4561092394882487,-1.3442974476835359,1.0178724632402847,-0.1580103322093886,0.0,1.0,0.0,0.0,0.0,1.0,0.0,4.45
STU-14195,-0.6937487657322955,1.1039268186941158,0.1452077465431645,1.6571794670235462,0.8788584869948207,0.5402783069235539,0.12297191364151196,1.0,0.0,1.0,0.0,0.0,0.0,0.0,4.79
STU-11591,-0.1731962431327315,-0.731874422431355,0.08991372737721956,-0.38184673321079526,-0.2644788508397625,-0.31609742164437715,-1.2941559349978125,1.0,0.0,0.0,0.0,0.0,1.0,0.0,3.12
STU-12485,-1.4745775496316413,0.5689102167198408,1.1454370575271282,1.0706102861342153,1.0585876518438173,-0.31609742164437715,-1.3491307222295104,1.0,0.0,0.0,0.0,1.0,0.0,0.0,5.55
STU-10931,0.34735627946683245,-0.938121280444339,-0.543992706632361,0.3723136422183448,0.5468287045428578,-0.027894051453246804,-0.9704155213000357,1.0,0.0,0.0,0.0,0.0,1.0,0.0,4.19
STU-10261,1.9090138472655243,0.15233240449559585,0.0657225939921197,-0.7030631894120962,-0.673019844030655,-0.8430978699938729,0.06188881671740308,0.0,1.0,1.0,0.0,0.0,0.0,0.0,2.99
STU-10818,-1.4745775496316413,-0.8196824906943085,1.5048481821057689,0.41421144085329614,0.055280265738974474,0.013277858574057428,-0.7047040496801625,1.0,0.0,0.0,0.0,0.0,0.0,1.0,4.54
STU-14803,0.08708001816705048,-1.9407668971213203,-2.837830532969599,-2.6984458494016956,-0.4160576645678329,1.0837475192839718,-0.8726825662214617,1.0,0.0,0.0,0.0,0.0,1.0,0.0,2.3
STU-14366,-0.1731962431327315,0.8486708063018089,0.5095558371187643,1.7968387958067198,1.0585876518438173,-0.21728483757884656,-0.9398739728379814,0.0,1.0,0.0,0.0,0.0,0.0,1.0,4.91
STU-12320,0.34735627946683245,0.5341953990344871,0.07411543618694999,-0.36788080033247816,1.0585876518438173,1.1907944853549624,1.0483808320417607,1.0,0.0,0.0,0.0,1.0,0.0,0.0,4.48
STU-14623,-0.6937487657322955,-0.4970388910304327,-0.1302749560871678,-0.8427225181952698,0.4255656535604026,0.5402783069235539,-0.5397796879850687,1.0,0.0,0.0,0.0,0.0,1.0,0.0,3.39
STU-13976,-1.4745775496316413,1.6001445067847602,-1.020903621938634,0.9588828231076758,1.0585876518438173,2.590639426283312,0.7429653474212166,0.0,1.0,0.0,1.0,0.0,0.0,0.0,5.13
STU-11328,-0.9540250270320775,0.5607420243232868,-0.6338454877770209,-0.7309950551687304,-0.1605390928548006,0.5402783069235539,-0.14884786767077218,0.0,1.0,0.0,0.0,0.0,1.0,0.0,4.78
STU-11695,-1.4745775496316413,0.9364788745647624,0.7287571273837592,0.9309509573510404,1.0585876518438173,-0.793691577961108,1.329363077892661,1.0,0.0,0.0,0.0,0.0,0.0,1.0,5.41
STU-11736,0.6076325407666144,1.0508335681165164,0.0657225939921197,0.6795641655413275,1.0585876518438173,-0.9336760720539429,-0.8299243983745855,1.0,0.0,1.0,0.0,0.0,0.0,0.0,5.65
STU-13042,-0.4334725044325135,0.92626863406907,0.6319925938433556,1.2800992793089756,1.0585876518438173,2.1542171799938847,2.526591777605194,1.0,0.0,0.0,0.0,0.0,1.0,0.0,4.99
STU-12936,-0.9540250270320775,-1.289353553496153,-0.5193078766475643,-0.8147906524386356,-2.0682667342037924,0.005043476568596729,0.6360699278040262,1.0,0.0,0.0,0.0,1.0,0.0,0.0,2.43
STU-11032,-0.9540250270320775,-0.08250312690532614,1.5048481821057689,0.5399048367581526,-0.2060127369732212,-0.7525196679338038,0.23902979779731867,1.0,0.0,0.0,1.0,0.0,0.0,0.0,5.02
STU-12427,-0.9540250270320775,-0.4868286505347403,-1.2707141013847771,0.6795641655413275,-0.05154670774556916,1.9401232478519022,-0.20687680974867567,1.0,0.0,0.0,0.0,1.0,0.0,0.0,3.54
STU-10899,-1.2143012883318594,-0.2826238406208948,1.5048481821057689,-0.17235774003603488,-0.5972304371666203,0.7214347110436929,0.22070486872008616,1.0,0.0,0.0,0.0,0.0,0.0,1.0,3.87
STU-12998,-1.2143012883318594,2.2270532732202657,1.2007310766930732,-0.2002896057926691,1.0585876518438173,-0.6948789938955774,-0.12136047405492326,1.0,0.0,0.0,0.0,0.0,0.0,1.0,5.62
STU-10784,-0.9540250270320775,-0.7686312882158471,-1.0998950778899834,0.5259389038798356,-0.8231550500089334,1.7919043717536067,-0.4512091974451109,1.0,0.0,0.0,0.0,0.0,1.0,0.0,4.01
STU-12219,0.08708001816705048,-1.0034668196167693,0.29726629924951165,0.0929949846519964,1.0160012232249784,1.0755131372785112,0.00385987463949986,1.0,0.0,0.0,0.0,1.0,0.0,0.0,4.21
STU-13987,1.1281850633661783,-0.8972803184615697,0.8995761508785531,1.0845762190125323,0.9806328333550958,0.8943567331583714,-0.2679599066727843,1.0,0.0,0.0,0.0,0.0,1.0,0.0,4.78
STU-10268,1.3884613246659603,0.23197228036199571,-0.04535914093946705,0.972848755985993,0.1729342973469531,-0.2913942756279943,-0.1580103322093886,0.0,1.0,0.0,0.0,0.0,0.0,1.0,4.58
STU-10107,0.8679088020663964,-0.29487612921572565,-0.7770175016888423,-0.27011927018425713,-0.6412604735352501,-0.15964416354062091,-0.7963286950663256,1.0,0.0,0.0,0.0,0.0,0.0,1.0,3.63
STU-12278,-1.4745775496316413,-0.9299530880477851,1.2392394114693561,-1.1220411757616182,0.23140041121349442,0.32618437478157136,1.7538906015152176,0.0,1.0,0.0,0.0,0.0,0.0,1.0,4.32
STU-10425,-1.2143012883318594,-0.3214227545045257,-0.49264826026398423,0.6795641655413275,0.47176110155371914,-0.8348634879884123,1.537045607434631,1.0,0.0,1.0,0.0,0.0,0.0,0.0,4.51
STU-14261,1.1281850633661783,-1.1913352447375072,0.7040722973989625,0.16282464904358318,0.8579261746228487,-1.3536295543324472,0.9628644963480084,1.0,0.0,0.0,0.0,0.0,1.0,0.0,3.83
STU-14942,-0.9540250270320775,-0.2867079368191716,-0.183594188854328,-0.06063027700949553,-1.2122073385776457,-1.2548169702669167,0.29095043018281114,0.0,1.0,0.0,1.0,0.0,0.0,0.0,3.0
STU-13423,0.34735627946683245,0.14620626019818062,-1.104832043886944,0.8331894272028181,0.42195663418592494,-0.39844124169898637,1.4576375814332896,1.0,0.0,0.0,0.0,1.0,0.0,0.0,3.96
STU-13465,-0.9540250270320775,0.19521541457750358,-0.06510700492730473,-0.35391486745416106,1.0585876518438173,-0.2502223656006901,2.5620963276923314,0.0,1.0,0.0,0.0,1.0,0.0,0.0,4.22
STU-12487,-0.1731962431327315,0.09515505771971926,0.8620552093016611,-0.43771046472406494,0.462377651180076,-1.0736605661467777,0.6879905601895187,1.0,0.0,0.0,0.0,0.0,0.0,1.0,4.46
STU-14253,0.8679088020663964,1.9799654532245128,1.377474459384217,0.023165320260409614,1.0585876518438173,-0.43961315172629056,-0.909332424375927,1.0,0.0,0.0,0.0,1.0,0.0,0.0,5.57
STU-14279,0.6076325407666144,-0.6297720174744323,1.2550377026596258,0.023165320260409614,0.7655352786362156,-1.3289264083160652,-0.48480490075337057,1.0,0.0,1.0,0.0,0.0,0.0,0.0,3.62
STU-13093,-0.6937487657322955,0.5811625053146716,0.33972420682336274,1.0147465546209455,0.1729342973469531,-0.8842697800211778,-1.6117880390031785,0.0,1.0,0.0,0.0,0.0,0.0,1.0,5.11
STU-13755,-0.6937487657322955,0.46272371556464126,1.5048481821057689,0.16282464904358318,-0.14249399598241136,0.02151224057951886,-0.7413539078346277,0.0,1.0,0.0,1.0,0.0,0.0,0.0,4.42
STU-12435,0.34735627946683245,0.5015226294482718,0.49474493912788564,-0.43771046472406494,0.585806113787219,1.6601542596662326,-0.1580103322093886,0.0,1.0,0.0,0.0,0.0,1.0,0.0,4.83
STU-14778,-0.6937487657322955,0.34836902201288766,0.26369493047018916,-1.8063718867991716,0.12385163385405383,-1.131301240185004,0.9659186511942138,0.0,1.0,0.0,1.0,0.0,0.0,0.0,3.95
STU-10709,1.9090138472655243,-0.21932034954760296,1.5048481821057689,-0.2980511359408914,0.26099437008421256,-0.06906596148055104,0.0008057197932944839,1.0,0.0,1.0,0.0,0.0,0.0,0.0,4.88
STU-12520,-0.9540250270320775,-0.17031119516828,0.14422035334377212,0.13489278328694773,-0.47957640555864267,0.5814502169508582,1.231630122814087,1.0,0.0,0.0,0.0,0.0,0.0,1.0,4.22
STU-10249,-1.4745775496316413,0.4157566092844567,1.256025095859018,-0.03269841125286007,1.0585876518438173,-1.9300362947147087,1.5248289880498096,0.0,1.0,0.0,0.0,0.0,1.0,0.0,4.26
STU-14255,0.34735627946683245,0.5974988901077789,0.10966159136505724,1.238201480674023,1.0585876518438173,-0.5466601177972819,-1.2727768510743744,1.0,0.0,0.0,0.0,1.0,0.0,0.0,5.3
STU-12671,0.08708001816705048,0.3177383005258108,0.7554167437673394,0.20472244767853576,-0.13455415335856014,-0.9254416900484821,-0.7382997529884223,1.0,0.0,0.0,0.0,1.0,0.0,0.0,3.59
STU-14786,-0.6937487657322955,0.9221845378707932,-0.022649097353453652,-0.27011927018425713,0.1729342973469531,2.491826842217781,-0.8024370047587366,0.0,1.0,0.0,0.0,0.0,1.0,0.0,4.74
STU-14660,-1.4745775496316413,-1.2158398219271687,-0.10164055330480296,-0.3259830016975256,0.1729342973469531,1.5448729115897812,2.2730969253701425,1.0,0.0,1.0,0.0,0.0,0.0,0.0,3.96
STU-13993,-0.6937487657322955,-0.637940209870986,-0.4492029594907422,-1.6387806922593624,-0.5734109092950666,-0.4890194437590555,-1.3918888900763866,1.0,0.0,0.0,0.0,1.0,0.0,0.0,2.62
STU-12448,-1.4745775496316413,0.6791808140733172,1.0891556451617923,-0.08856214276612975,1.0585876518438173,1.470763473540632,-0.09692723528527972,0.0,1.0,0.0,1.0,0.0,0.0,0.0,4.57
STU-13741,-1.4745775496316413,0.34224287771547207,1.4890498909154992,-0.3399489345758439,0.4262874574352975,-0.8101603419720301,-0.8910074952986944,1.0,0.0,0.0,0.0,0.0,1.0,0.0,4.51
STU-13593,0.8679088020663964,-0.09067131930188016,0.5786733610761954,-0.8427225181952698,1.0585876518438173,-0.950144836064865,-0.3412596229817149,1.0,0.0,0.0,0.0,0.0,0.0,1.0,3.78
STU-14017,-1.2143012883318594,0.7302320165517786,-0.9113029768061365,0.3024839778267568,1.0585876518438173,0.33441875678703203,-0.1580103322093886,1.0,0.0,0.0,0.0,0.0,0.0,1.0,3.6
STU-11813,0.34735627946683245,1.1018847705949777,0.714933622592273,1.7549409971717673,1.0585876518438173,0.02151224057951886,0.1962716299504426,1.0,0.0,0.0,0.0,0.0,0.0,1.0,5.95
STU-12189,0.6076325407666144,0.07269252862919637,-0.7572696377010046,-0.9125521825868579,0.4205130264361331,-1.8394580926546396,-1.03455277307035,1.0,0.0,0.0,0.0,1.0,0.0,0.0,3.14
STU-10146,1.3884613246659603,1.2917952438148539,1.466339847329486,0.12092685040863062,1.0585876518438173,0.6637940370054666,-0.29850145513483883,0.0,1.0,0.0,0.0,1.0,0.0,0.0,5.11
STU-13626,0.08708001816705048,0.8119139405173168,0.0657225939921197,0.7633597628112313,-0.20745634472301308,1.8166075177699903,-0.18244357097903213,1.0,0.0,0.0,0.0,0.0,1.0,0.0,4.91
STU-10911,-1.4745775496316413,0.7567786418405786,0.1639682173316098,-0.13045994140108233,-0.7228243113984502,1.0837475192839718,-0.1580103322093886,0.0,1.0,0.0,0.0,0.0,0.0,1.0,4.87
STU-11996,0.34735627946683245,1.193776935056208,1.5048481821057689,0.3723136422183448,1.0585876518438173,0.5238095429126318,-0.8543576371442291,1.0,0.0,1.0,0.0,0.0,0.0,0.0,5.25
STU-13918,-0.4334725044325135,1.1896928388579313,1.5048481821057689,-0.06063027700949553,1.0585876518438173,-0.06083157947509033,0.5169578888020139,1.0,0.0,0.0,1.0,0.0,0.0,0.0,4.68
STU-11230,1.3884613246659603,-0.7747574325132625,-0.3494762463521628,-0.15839180715771778,-0.7812904252649905,0.4661688688744062,-1.3582931867681267,0.0,1.0,1.0,0.0,0.0,0.0,0.0,4.62
STU-10876,1.3884613246659603,0.39942022449134906,0.033632315011882255,0.03713125313872672,0.21479892209089602,0.7296690930491537,-0.28017652605760607,1.0,0.0,0.0,0.0,0.0,1.0,0.0,4.69
STU-10349,-1.2143012883318594,-0.6073094883839091,-1.5619950952053792,1.0426784203775796,0.1729342973469531,-1.0571918021358562,-0.49702152013819234,1.0,0.0,0.0,0.0,0.0,0.0,1.0,4.41
STU-11945,-0.1731962431327315,-0.6256879212761551,-0.9715339619690405,0.13489278328694773,-1.456898852167244,1.3637165074696416,-1.1261774184565132,1.0,0.0,0.0,0.0,1.0,0.0,0.0,3.19
STU-12142,0.8679088020663964,-0.21115215715104896,-0.6693916429551281,-2.0717246114872014,-0.496899698556136,-0.43961315172629056,-0.5794837009857394,1.0,0.0,1.0,0.0,0.0,0.0,0.0,3.53
STU-14058,0.34735627946683245,-1.087190791681446,-0.07300615052243951,-0.28408520306257423,-0.050103099995778305,0.02151224057951886,-0.1580103322093886,1.0,0.0,0.0,0.0,0.0,0.0,1.0,4.07
STU-13779,-0.1731962431327315,-0.480702506237325,-0.5647279638195897,0.4980070381232013,-0.24282473459289564,-1.4195046103761344,-0.44815504259890554,0.0,1.0,0.0,0.0,1.0,0.0,0.0,4.34
STU-14528,-0.4334725044325135,-1.846832684560951,-1.8957339965998306,-1.4432576319629191,0.1729342973469531,-0.8183947239774908,-0.8726825662214617,1.0,0.0,0.0,0.0,0.0,1.0,0.0,2.85
STU-14119,1.3884613246659603,-0.9401633285434774,-1.531385906024231,-2.532600396471677,-1.7160264432547538,-0.5466601177972819,0.6940988698819295,1.0,0.0,0.0,0.0,0.0,1.0,0.0,2.71
STU-10086,-0.9540250270320775,0.48518624465516413,-1.240104912203629,0.8471553600811365,1.0585876518438173,1.1990288673604246,-0.2832306809038117,1.0,0.0,0.0,0.0,0.0,1.0,0.0,4.17
STU-13662,0.8679088020663964,0.6260875634957174,0.0770776157851257,-0.9684159141001275,1.0585876518438173,1.2072632493658852,0.8926189348852832,1.0,0.0,1.0,0.0,0.0,0.0,0.0,5.18
STU-14080,1.3884613246659603,-0.35817962028901784,-0.019686917755277932,-0.4796082633590175,0.035069757241898425,0.02151224057951886,-0.1580103322093886,1.0,0.0,0.0,0.0,1.0,0.0,0.0,3.51
STU-14235,-0.1731962431327315,0.031851566646427056,-1.7397258710959154,-0.8287565853169527,-1.2511847478220068,-1.8229893286437175,-1.2513977671509362,1.0,0.0,0.0,1.0,0.0,0.0,0.0,2.97
STU-10057,-0.1731962431327315,0.7281899684526402,1.5048481821057689,0.8890531587160878,1.0585876518438173,-0.6043007918355082,2.5620963276923314,1.0,0.0,0.0,0.0,0.0,0.0,1.0,6.07
STU-13164,-1.4745775496316413,0.8159980367155937,-1.2588653829920744,-0.8427225181952698,0.5381670580441117,0.20266864469965792,-0.5031298298306034,1.0,0.0,1.0,0.0,0.0,0.0,0.0,3.08
STU-13475,-0.4334725044325135,0.7976196038233476,-0.5686775366171578,-0.758926920925366,1.0585876518438173,-1.2877544982887603,2.5620963276923314,0.0,1.0,0.0,0.0,0.0,0.0,1.0,4.39
STU-14479,0.6076325407666144,0.5280692547370714,0.17384214932552794,0.4840411052448829,0.5720918401642034,-0.3737380956826035,-0.909332424375927,1.0,0.0,0.0,0.0,0.0,0.0,1.0,4.43
STU-12822,-0.4334725044325135,-0.27037155202606433,1.5048481821057689,-0.4935741962373346,-0.7221025075235542,-0.41491000570990777,1.396554484509181,1.0,0.0,1.0,0.0,0.0,0.0,0.0,4.06
STU-10000,1.1281850633661783,0.14008011590076538,0.7850385397490951,0.21868838055685288,-0.19085485560041468,0.5979189809617803,2.53575424214381,1.0,0.0,0.0,0.0,1.0,0.0,0.0,3.55
STU-13205,-0.1731962431327315,0.5260272066379331,1.196781503895505,-0.22822147154930458,1.0585876518438173,-0.9913167460921691,-1.0712026312248153,1.0,0.0,0.0,0.0,0.0,0.0,1.0,5.66
STU-10474,-0.9540250270320775,-1.877463406048028,-1.7318267255007807,-1.5270532292328232,-1.425139481671839,0.9849349352184406,-0.61918771398641,1.0,0.0,0.0,0.0,0.0,1.0,0.0,3.06
STU-11151,0.08708001816705048,-0.09271336740101857,0.34663595921910517,-0.08856214276612975,-0.22983226484477487,-0.40667562370444704,-0.11219800951630686,1.0,0.0,0.0,0.0,1.0,0.0,0.0,3.34
STU-13574,1.6487375859657423,-1.3669513812634144,-1.4049995765020715,-1.4013598333279667,-1.2872749415667855,0.15326235266689298,0.5994200696495606,1.0,0.0,0.0,0.0,0.0,0.0,1.0,2.59
STU-11542,-0.6937487657322955,-0.9728360981296926,0.002035732631343093,-0.6890972565337792,-0.34459908095317077,0.4579344868689447,0.35814183679933104,0.0,1.0,0.0,0.0,0.0,0.0,1.0,3.55
STU-11628,0.6076325407666144,0.5546158800258716,-0.15495978607196456,0.7633597628112313,0.12168622222936704,0.02151224057951886,-0.958198901915214,1.0,0.0,0.0,0.0,1.0,0.0,0.0,4.76
STU-11846,1.3884613246659603,1.0059085099354699,1.208630222288208,0.35834770934002647,-0.07753164724180964,0.02151224057951886,0.5322286630330413,0.0,1.0,0.0,1.0,0.0,0.0,0.0,5.27
STU-14736,0.6076325407666144,-0.8727757412719083,-1.2559032033938986,-0.5354719948722872,0.5497159200424406,-0.3078630396389165,-1.5934631099259458,0.0,1.0,0.0,0.0,1.0,0.0,0.0,4.19
STU-11346,-0.6937487657322955,0.5689102167198408,0.5115306235175476,-0.42374453184574784,1.0585876518438173,-1.2383482062559954,1.592020394666329,1.0,0.0,0.0,0.0,0.0,1.0,0.0,4.67
STU-11941,-1.4745775496316413,-0.023283732030311134,-1.205546150224914,-0.5215060619939701,-1.135696127838716,-0.5631288818082033,-0.3718011714437695,0.0,1.0,1.0,0.0,0.0,0.0,0.0,2.94
STU-12059,0.6076325407666144,-0.4112728708666176,0.0657225939921197,-0.01873247837454296,-0.3467644925778576,-0.16787854554608161,0.5902576051109445,1.0,0.0,0.0,0.0,0.0,0.0,1.0,3.88
STU-11148,-0.4334725044325135,1.2019451274527617,0.4769718615388327,-0.11649400852276522,1.0585876518438173,0.12032482464504946,-1.4102138191536193,1.0,0.0,0.0,1.0,0.0,0.0,0.0,4.91
STU-13201,-1.4745775496316413,1.6654900459571909,0.7248075545861912,-0.9265181154651749,1.0585876518438173,1.9648263938682857,0.052726352178786955,1.0,0.0,0.0,0.0,1.0,0.0,0.0,5.45
STU-11219,-0.9540250270320775,0.24830866515510336,0.8413199521144324,0.7214619641762801,0.09281406723354485,-0.41491000570990777,-1.3033183995364288,1.0,0.0,0.0,0.0,0.0,0.0,1.0,5.54
STU-13184,-0.4334725044325135,-0.11313384839240304,1.2323276590736123,1.0147465546209455,-0.1244488991100221,0.33441875678703203,0.09548452002566303,1.0,0.0,0.0,1.0,0.0,0.0,0.0,4.41
STU-10974,1.1281850633661783,-0.47253431384077105,1.5048481821057689,0.023165320260409614,0.720061634517795,-0.23375360158976868,-0.8787908759138726,0.0,1.0,0.0,0.0,0.0,0.0,1.0,3.7
STU-13745,-0.6937487657322955,-0.0743349345087725,1.06743299477517,-0.5075401291156529,0.5100167069231845,1.9154201018355201,1.6836450400524923,1.0,0.0,0.0,1.0,0.0,0.0,0.0,4.41
STU-11969,-0.4334725044325135,-2.2695366410826114,-1.5975412503834863,-1.1499730415182536,-1.580327314774387,-0.3655037136771428,-0.35958455205894774,0.0,1.0,0.0,0.0,0.0,0.0,1.0,2.96
STU-13012,0.08708001816705048,1.7042889598408217,-0.015737344957711237,-1.2337686387881577,1.0585876518438173,0.4579344868689447,1.6592118012828487,1.0,0.0,0.0,1.0,0.0,0.0,0.0,5.76
STU-11272,-0.4334725044325135,-1.432296920435845,-0.7325848077162078,-0.6332335250205094,-1.601981431021254,-1.4771452844143607,-0.2679599066727843,1.0,0.0,1.0,0.0,0.0,0.0,0.0,3.3
STU-13962,-1.4745775496316413,-0.03349397252600355,0.7425806321752455,-1.2477345716664747,0.5684828207897248,-0.5219569717808991,0.26346303656696224,1.0,0.0,0.0,0.0,0.0,0.0,1.0,3.49
STU-12039,1.1281850633661783,0.09719710581885767,-0.03449781574615654,0.651632299784692,0.023520895243569553,-1.946505058725631,-0.1946601903638539,1.0,0.0,0.0,0.0,0.0,1.0,0.0,4.55
STU-13818,-1.4745775496316413,-0.37451600508212546,0.11361116416262394,0.9449168902293574,-0.3972907638205477,1.5778104396116241,-0.5336713782926576,1.0,0.0,0.0,0.0,0.0,1.0,0.0,4.3
STU-11702,0.6076325407666144,0.37899974349996457,0.8363829861174734,1.7968387958067198,-1.7398459711263081,-1.0736605661467777,0.3642501464917418,1.0,0.0,0.0,1.0,0.0,0.0,0.0,3.45
STU-13282,-1.4745775496316413,0.5076487737456871,-1.317121581756195,-0.6471994578988266,1.0585876518438173,1.174325721344041,-0.8268702435283801,0.0,1.0,0.0,0.0,0.0,1.0,0.0,4.86
STU-13704,0.08708001816705048,-0.36430576458643305,-0.6407572401727647,0.12092685040863062,-0.7863430523892599,-0.06083157947509033,2.1509307315219246,0.0,1.0,0.0,0.0,0.0,1.0,0.0,3.99
STU-11882,-1.4745775496316413,0.43005094597842597,-0.32775359596554177,-0.40977859896743074,1.0585876518438173,-0.036128433458707504,0.6696656311122858,1.0,0.0,1.0,0.0,0.0,0.0,0.0,5.03
STU-12191,-0.6937487657322955,-0.6992016528451398,-2.0991369956745562,-0.8008247195603185,-1.947725487096232,-1.3206920263106037,0.48336218549375415,1.0,0.0,0.0,1.0,0.0,0.0,0.0,2.9
STU-12929,-1.4745775496316413,1.020202846629439,1.5048481821057689,1.1963036820390716,1.0585876518438173,-1.2136450602396125,0.2023799396428536,1.0,0.0,0.0,0.0,0.0,1.0,0.0,4.77
STU-14498,-0.1731962431327315,0.26464504994821103,-0.42056855670837734,-1.010313712735079,0.30430260257794634,0.3097156107706492,-0.9184948889145432,1.0,0.0,1.0,0.0,0.0,0.0,0.0,3.94
STU-10373,0.6076325407666144,-1.3138581306858146,0.3604594640105914,1.321997077943928,-1.6568385255133171,-1.740645508589109,-0.07554815136184154,1.0,0.0,0.0,1.0,0.0,0.0,0.0,3.77
STU-14023,0.08708001816705048,0.3749156473016874,-2.070502592892192,0.651632299784692,-0.25004277334185093,0.3755906668143363,-0.17328110644041572,0.0,1.0,0.0,0.0,0.0,0.0,1.0,4.3
STU-10760,1.1281850633661783,-0.48887069863387866,-1.3961130377075444,-0.5494379277506043,0.1729342973469531,0.03798100459044026,-0.958198901915214,1.0,0.0,0.0,1.0,0.0,0.0,0.0,3.59
STU-13986,-0.1731962431327315,-1.810075818776459,-2.299577815151106,-1.9180993498257108,-0.6903431370281493,-1.0077855101030906,0.13518853302633374,1.0,0.0,0.0,0.0,1.0,0.0,0.0,2.03
STU-10423,1.1281850633661783,1.6940787193451292,1.5048481821057689,0.6097345011497406,1.0585876518438173,-0.5301913537863597,-0.1580103322093886,1.0,0.0,1.0,0.0,0.0,0.0,0.0,4.66
STU-12377,1.1281850633661783,-0.9585417614357234,0.05338017899971993,-0.5215060619939701,-0.8144934035101873,0.27677808274880566,-0.09998139013148509,1.0,0.0,0.0,0.0,0.0,0.0,1.0,4.09
STU-10847,0.08708001816705048,0.027767470448150235,-0.17470765005980224,-1.163938974396571,-0.41533586069293693,0.43323134085256265,2.5235376227589885,1.0,0.0,1.0,0.0,0.0,0.0,0.0,4.1
STU-11801,0.08708001816705048,-0.3561375721898794,1.0200381212043612,-0.43771046472406494,-1.487936418787754,0.9602317892020584,-0.46342581682993267,1.0,0.0,0.0,1.0,0.0,0.0,0.0,2.82
STU-14609,0.6076325407666144,-1.2056295814314764,-1.3585920961306537,-1.6946444237726321,-0.7257115268980319,0.02151224057951886,0.18405501056562082,0.0,1.0,0.0,0.0,1.0,0.0,0.0,3.68
STU-13636,0.8679088020663964,2.0779837619831585,1.414995400961109,0.9309509573510404,1.0585876518438173,-0.7113477579064995,-1.0589860118399936,1.0,0.0,0.0,0.0,0.0,0.0,1.0,5.63
STU-11106,0.8679088020663964,2.1984645998323273,0.8600804229028778,0.4980070381232013,1.0585876518438173,0.3014812287651885,-1.4438095224618792,1.0,0.0,0.0,0.0,0.0,0.0,1.0,5.58
STU-12923,0.08708001816705048,0.6281296115948558,0.47499707514004796,0.23265431343516998,0.17726512059632668,0.6473252729945452,-1.233072838073704,1.0,0.0,0.0,0.0,1.0,0.0,0.0,4.26
STU-12674,0.08708001816705048,0.46272371556464126,-0.7780048948882347,-0.15839180715771778,1.0585876518438173,-1.6830048345508826,1.1125180838120752,1.0,0.0,0.0,1.0,0.0,0.0,0.0,2.85
STU-13016,0.08708001816705048,-0.5378798530132016,0.4661105363455222,0.4561092394882487,0.9236103272383454,-1.8394580926546396,2.230338757523266,0.0,1.0,0.0,0.0,0.0,0.0,1.0,4.29
STU-10714,0.6076325407666144,-0.18256348376311046,1.1424748779289524,0.3723136422183448,-0.5423733426745576,1.2649039234041102,0.6452323923426423,1.0,0.0,0.0,1.0,0.0,0.0,0.0,3.72
STU-13819,2.559704500514979,-0.5399219011123401,1.312306508224354,-0.39581266608911364,1.0585876518438173,-0.859566634004795,1.5248289880498096,1.0,0.0,0.0,0.0,1.0,0.0,0.0,4.22
STU-13167,-0.1731962431327315,-0.5072491315261247,0.7860259329484875,0.023165320260409614,-0.4600877009364626,0.7379034750546151,0.6391240826502316,0.0,1.0,1.0,0.0,0.0,0.0,0.0,4.71
STU-14334,0.6076325407666144,1.0161187504311622,0.6784000742147733,-0.39581266608911364,1.0585876518438173,-2.4652711250696657,2.5620963276923314,1.0,0.0,1.0,0.0,0.0,0.0,0.0,4.92
STU-11418,0.34735627946683245,0.4708919079611949,0.4670979295449132,-0.5634038606289227,0.8795802908697156,0.23560617272150144,-0.7688413014504768,0.0,1.0,0.0,0.0,0.0,0.0,1.0,4.26
STU-11718,-1.4745775496316413,-2.0367431577808275,-1.1522269174577526,-0.004766545496225848,-3.1643259182327137,-0.1267066355187774,-1.055931856993788,1.0,0.0,1.0,0.0,0.0,0.0,0.0,2.72
STU-11845,-0.6937487657322955,0.11557553871110372,1.1612353487173979,0.8890531587160878,0.2220169608398513,0.268543700743345,1.3140923036616337,1.0,0.0,1.0,0.0,0.0,0.0,0.0,4.73
STU-14397,-0.6937487657322955,0.6975592469655633,1.5048481821057689,0.651632299784692,0.1924230019691332,0.27677808274880566,-0.2649057518265789,1.0,0.0,0.0,0.0,0.0,0.0,1.0,5.03
STU-10503,-0.9540250270320775,-1.9162623199316586,-2.837830532969599,-1.4432576319629191,-1.803364712117118,0.7132003290382323,0.7429653474212166,1.0,0.0,0.0,0.0,1.0,0.0,0.0,1.42
STU-11087,0.8679088020663964,-0.8258086349917237,-0.7000008321362763,0.14885871616526608,-1.3825530530530001,0.9931693172239027,0.11380944910289582,1.0,0.0,1.0,0.0,0.0,0.0,0.0,3.33
STU-12643,-1.4745775496316413,0.1747949335861191,-0.46105167788344364,-0.7449609880470488,0.8355502545010859,1.5037010015624763,-0.041952448053581864,1.0,0.0,0.0,0.0,1.0,0.0,0.0,4.29
STU-12844,-1.2143012883318594,1.0161187504311622,0.33577463402579466,0.8611212929594536,1.0585876518438173,0.20266864469965792,-1.1353398829951296,0.0,1.0,0.0,1.0,0.0,0.0,0.0,5.16
STU-12234,-1.2143012883318594,1.1100529629915314,1.5048481821057689,0.5119729710015184,1.0585876518438173,1.009638081234824,0.9139980188087213,1.0,0.0,0.0,1.0,0.0,0.0,0.0,5.2
STU-10228,0.08708001816705048,0.2626030018490726,0.28640497405620113,1.7968387958067198,0.6911894795219719,-0.41491000570990777,-1.3155350189212507,0.0,1.0,1.0,0.0,0.0,0.0,0.0,5.26
STU-12871,0.6076325407666144,-1.1116953688711075,-1.8700617734156428,-0.4935741962373346,-0.4196666839423105,1.3390133614532593,0.5291745081868359,1.0,0.0,0.0,0.0,0.0,0.0,1.0,3.33
STU-14282,-0.9540250270320775,-1.6201653455565828,-0.7148117301271549,-1.024279645613396,-1.125590873590178,0.7873097670873801,-1.0773109409172261,1.0,0.0,1.0,0.0,0.0,0.0,0.0,3.78
STU-12242,-0.1731962431327315,-0.4664081695433558,-0.4847491146688494,-0.9823818469784447,1.0585876518438173,-0.678410229884656,2.5143751582203726,1.0,0.0,0.0,0.0,0.0,0.0,1.0,3.83
STU-14254,0.08708001816705048,-0.8952382703624312,-0.18853115485128846,-0.4516763976023833,-1.041861624102291,0.4085281948361798,1.3140923036616337,1.0,0.0,0.0,0.0,0.0,1.0,0.0,3.44
STU-14593,-0.4334725044325135,-0.8584814045779391,0.5223919487108581,0.16282464904358318,0.3021371909532595,1.5284041475788583,-0.4786965910609598,1.0,0.0,0.0,0.0,0.0,0.0,1.0,4.25
STU-11993,-0.4334725044325135,-0.05595650161652644,1.5048481821057689,0.5259389038798356,0.2985281715787819,-0.727816521917421,-0.1580103322093886,0.0,1.0,0.0,0.0,0.0,1.0,0.0,4.27
STU-14985,-0.1731962431327315,-0.952415617138308,0.3071402312434312,0.3024839778267568,-1.332026781810311,-0.7031133759010381,-0.017519209283938315,1.0,0.0,0.0,0.0,1.0,0.0,0.0,3.49
STU-13969,-0.1731962431327315,-0.027367828228587958,0.03165752861309891,-0.6471994578988266,0.7482119856387224,-0.26669112961161223,-0.3412596229817149,1.0,0.0,1.0,0.0,0.0,0.0,0.0,4.39
STU-11403,-0.1731962431327315,-0.9258689918495081,0.19951437250971707,-0.35391486745416106,-1.607034058145523,-0.8266291059829515,0.27873381079798965,0.0,1.0,1.0,0.0,0.0,0.0,0.0,3.22
STU-13350,-0.9540250270320775,0.4463873307715336,0.1264472757547192,1.7968387958067198,1.0261064774735165,-0.26669112961161223,-0.5550504622160959,1.0,0.0,1.0,0.0,0.0,0.0,0.0,5.7
STU-13903,-0.9540250270320775,-0.4235251594614484,-1.1453151650620101,0.7633597628112313,-0.17280975872802543,0.5402783069235539,0.21765071387388077,1.0,0.0,0.0,0.0,0.0,1.0,0.0,3.88
STU-14871,0.34735627946683245,0.4668078117629181,-0.8451476324468811,-0.5773697935072397,-0.5315462845511236,-0.06906596148055104,2.5620963276923314,0.0,1.0,0.0,0.0,0.0,0.0,1.0,3.86
STU-11174,0.34735627946683245,-0.3724739569829871,-0.37712325593513524,0.009199387382091261,-1.5528987675283552,-0.18434730955700304,1.4118252587402078,1.0,0.0,0.0,0.0,0.0,1.0,0.0,3.89
STU-11122,-1.2143012883318594,-1.1014851283754152,-0.07893050971879097,0.567836702514788,0.07332536261136373,1.2896070694204937,0.6055283793419719,1.0,0.0,0.0,0.0,0.0,0.0,1.0,3.88
STU-10515,-0.6937487657322955,0.09923915391799608,0.2320983480896486,-0.43771046472406494,0.23934025383734567,1.215497631371346,1.4973415944339605,0.0,1.0,0.0,1.0,0.0,0.0,0.0,3.56
STU-12275,-0.4334725044325135,-0.18460553186224887,1.4031466825684062,-0.8427225181952698,0.8867983296186719,1.4625290915351714,0.04661804248637593,0.0,1.0,0.0,0.0,0.0,0.0,1.0,4.38
STU-14346,-0.9540250270320775,0.24218252085768813,-2.70835859969934,-0.01873247837454296,1.0585876518438173,-0.2584567476061508,-0.28628483575001706,1.0,0.0,0.0,0.0,0.0,0.0,1.0,4.36
STU-13240,0.8679088020663964,0.9385209226639012,0.02474577621735649,-1.1499730415182536,0.597354975785548,1.306075833431415,1.1736011807361837,1.0,0.0,1.0,0.0,0.0,0.0,0.0,4.47
STU-14700,-1.4745775496316413,0.7690309304354095,0.8561308501053111,1.140439950525802,-0.7877866601390509,-0.22551921958430726,-0.03278998351496546,1.0,0.0,0.0,0.0,0.0,1.0,0.0,4.6
STU-10924,1.9090138472655243,-0.023283732030311134,-1.4514070568734891,-0.04666434413117842,-0.6542529432833708,-0.09376910749693386,-1.1689355863033895,1.0,0.0,0.0,1.0,0.0,0.0,0.0,3.79
STU-11039,-0.1731962431327315,0.38512588779737983,0.5223919487108581,0.27455211207012253,1.0585876518438173,0.5402783069235539,-0.020573364130143688,0.0,1.0,0.0,0.0,0.0,1.0,0.0,4.51
STU-11921,-0.6937487657322955,-1.338362707875476,0.43846352676254974,-1.5689510278677756,-0.015456514000790655,0.3179499927761099,-0.5428338428312741,0.0,1.0,0.0,0.0,0.0,1.0,0.0,3.92
STU-11650,0.8679088020663964,0.027767470448150235,-0.6743286089520872,1.0845762190125323,0.1729342973469531,-1.4112702283706737,-0.05111491259219799,1.0,0.0,0.0,0.0,0.0,0.0,1.0,4.96
STU-11899,-1.4745775496316413,0.8405026139052553,0.5401650262999125,0.9588828231076758,1.0585876518438173,0.07915291461774449,0.8193192185763526,1.0,0.0,0.0,0.0,0.0,0.0,1.0,4.98
STU-10216,0.08708001816705048,0.34836902201288766,-0.540043133834793,-2.3929410676885023,0.4977460410499596,-1.3536295543324472,0.013022339178116259,1.0,0.0,0.0,0.0,1.0,0.0,0.0,3.41
STU-14967,0.08708001816705048,0.7363581608491941,0.24197228008356675,0.7074960312979617,1.0585876518438173,-0.3819724776880642,-0.5153464492154252,0.0,1.0,0.0,0.0,0.0,0.0,1.0,4.59
STU-14085,-0.6937487657322955,-0.5337957568149249,0.7356688797795017,1.140439950525802,-0.42905013431595257,1.2072632493658852,-1.352184877075716,1.0,0.0,0.0,0.0,0.0,1.0,0.0,3.9
STU-11497,-1.2143012883318594,-0.9687520019314156,-0.8214501956614767,-0.9544499812218091,-1.4698913219153646,1.215497631371346,1.7050241239759305,1.0,0.0,1.0,0.0,0.0,0.0,0.0,3.09
STU-11858,2.559704500514979,0.6465080444871019,-1.541259838018149,0.8750872258377707,0.8369938622508778,-1.6665360705399606,-0.08165646105425256,1.0,0.0,0.0,0.0,0.0,0.0,1.0,4.15
STU-11888,-0.4334725044325135,0.08290276912488842,-0.2922074407874345,1.7968387958067198,-1.58465813802376,2.220092236037572,-0.24047251305693534,0.0,1.0,0.0,0.0,0.0,1.0,0.0,5.04
STU-13726,-0.1731962431327315,-0.27649769632347954,0.0657225939921197,-0.9963477798567617,-0.9393654738671211,-0.28315989362253363,-0.1580103322093886,1.0,0.0,0.0,0.0,0.0,0.0,1.0,3.07
STU-10391,-0.4334725044325135,-1.0626862144917846,-2.8377071088196746,-1.010313712735079,-0.8296512848829938,0.6143877449727017,-0.04806075774599261,1.0,0.0,0.0,0.0,0.0,1.0,0.0,2.21
STU-10150,-0.6937487657322955,0.007346989456765759,0.14027078054620543,-1.4991213634761889,-0.8671850863775642,-0.4807850617535948,-0.8390868629132019,1.0,0.0,0.0,0.0,0.0,0.0,1.0,3.54
STU-10819,-0.1731962431327315,-0.023283732030311134,-1.1393908058656588,-0.24218740442762168,-0.8917264181240128,-0.8101603419720301,0.48641634033995956,0.0,1.0,1.0,0.0,0.0,0.0,0.0,3.88
STU-13044,2.1692901085653062,-0.1070077040949878,0.3841569007959972,-1.2756664374231101,1.0585876518438173,0.34265313879249276,-0.011410899591527291,0.0,1.0,0.0,0.0,0.0,1.0,0.0,4.14
STU-13150,-1.4745775496316413,-0.23157263814243342,-1.1660504222492387,-1.6667125580159978,-0.6448694929097276,0.49087201489078824,0.38868338526138535,1.0,0.0,0.0,0.0,0.0,0.0,1.0,3.06
STU-13998,0.34735627946683245,-0.48887069863387866,1.342915697405502,1.573383869753641,0.3021371909532595,-1.1642387682068476,-0.44510088775269985,1.0,0.0,1.0,0.0,0.0,0.0,0.0,5.36
STU-14773,0.08708001816705048,1.849274374879652,0.33873681362397035,1.0147465546209455,1.0585876518438173,0.21913740871057932,1.1247347031968966,1.0,0.0,0.0,0.0,0.0,0.0,1.0,5.59
STU-10983,-0.1731962431327315,-0.023283732030311134,-0.36922411034000047,-1.1080752428833012,-0.5669146744210062,0.5073407789017104,2.5620963276923314,0.0,1.0,0.0,0.0,0.0,0.0,1.0,3.89
STU-12535,-1.2143012883318594,1.4755795727373147,1.5048481821057689,0.023165320260409614,1.0585876518438173,0.7049659470327716,-0.04806075774599261,0.0,1.0,0.0,1.0,0.0,0.0,0.0,5.58
STU-13433,0.34735627946683245,1.9432085874400205,1.0624960287782108,0.9588828231076758,1.0585876518438173,1.0590443732675883,-0.2893389905962225,0.0,1.0,0.0,0.0,0.0,0.0,1.0,5.7
STU-13525,-0.1731962431327315,-0.7032857490434166,-0.7819544676858013,-0.9125521825868579,1.0585876518438173,1.3966540354914843,-0.6405667979098483,1.0,0.0,0.0,0.0,1.0,0.0,0.0,4.45
STU-12661,-0.1731962431327315,-1.7671928086945512,-0.43834163429743167,0.009199387382091261,-1.7326279323773524,-1.2218794422450738,-0.07249399651563616,0.0,1.0,0.0,0.0,0.0,1.0,0.0,3.65
STU-14375,1.1281850633661783,0.3095701081292571,-0.22308991683000334,0.7354278970545971,-1.3883274840521656,-0.42314438771536844,-1.1047983345330752,0.0,1.0,0.0,0.0,0.0,1.0,0.0,3.58
STU-14895,0.34735627946683245,0.12374373110765774,-0.7296226281180321,0.10696091753031352,1.0585876518438173,-1.9547394407310916,0.7399111925750111,1.0,0.0,0.0,0.0,1.0,0.0,0.0,4.1
STU-10569,0.34735627946683245,1.1161791072889462,0.6695135354202476,0.023165320260409614,0.5641519975403522,0.5155751609071711,-0.493967365291987,1.0,0.0,0.0,0.0,0.0,0.0,1.0,4.36
STU-11512,-0.6937487657322955,0.5239851585387947,-0.8273745548578282,0.023165320260409614,0.29491915220430426,-0.9419104540594035,-0.7199748239111896,0.0,1.0,0.0,0.0,0.0,0.0,1.0,3.63
STU-14213,1.1281850633661783,1.3591828310864227,1.5048481821057689,1.0426784203775796,1.0585876518438173,-1.0901293301576997,1.335471387585072,0.0,1.0,0.0,1.0,0.0,0.0,0.0,5.53
STU-13720,1.9090138472655243,0.45659757126722567,1.372537493387258,1.2102696149173888,1.0585876518438173,-0.637238319857351,-0.9612530567614195,0.0,1.0,0.0,0.0,1.0,0.0,0.0,4.81
STU-10029,0.8679088020663964,-0.34184323549591017,0.0657225939921197,1.140439950525802,-0.18941124785062383,-0.3490349496662207,-0.23741835821072999,0.0,1.0,1.0,0.0,0.0,0.0,0.0,5.46
STU-12412,1.9090138472655243,-0.5807628630951094,0.37625775520086097,-1.2337686387881577,0.49124980617589925,-0.3078630396389165,0.6391240826502316,1.0,0.0,0.0,0.0,1.0,0.0,0.0,3.64
STU-13213,-0.1731962431327315,1.199903079353623,1.2708359938498952,-0.01873247837454296,1.0585876518438173,0.22737179071604074,0.9201063285011322,1.0,0.0,0.0,0.0,0.0,1.0,0.0,5.6
STU-12009,-0.9540250270320775,-0.6134356326813246,-0.7236982689216807,-0.07459620988781264,0.0220772874937787,-0.8266291059829515,-1.4865676903087552,1.0,0.0,0.0,0.0,1.0,0.0,0.0,3.67
STU-11413,-1.4745775496316413,-1.2525966877116608,0.9074752964736879,-1.2477345716664747,-1.0461924473516648,0.07091853261228379,-1.2575060768433473,0.0,1.0,0.0,0.0,0.0,1.0,0.0,3.99
STU-11166,0.34735627946683245,0.5872886496120868,-0.7276478417192488,1.238201480674023,0.35988150094490495,0.6473252729945452,-0.11219800951630686,0.0,1.0,0.0,0.0,0.0,1.0,0.0,4.71
STU-11681,-0.4334725044325135,1.463327284142484,1.5048481821057689,0.98681468886431,1.0585876518438173,-1.5100828124362042,1.2530092067375251,0.0,1.0,0.0,0.0,0.0,1.0,0.0,5.58
STU-12452,-0.9540250270320775,0.42596684978014876,1.3310669790127994,1.4756223396054189,1.0585876518438173,0.25207493673242287,0.52612035334063,0.0,1.0,0.0,0.0,0.0,0.0,1.0,5.51
STU-14924,-1.4745775496316413,-1.3587831888668604,-1.5866799251901758,-1.2756664374231101,-0.878733948375893,0.21913740871057932,-0.5825378558319447,0.0,1.0,0.0,0.0,1.0,0.0,0.0,2.29
STU-14579,-0.4334725044325135,-0.4643661214442174,-0.11250187849811347,-0.5634038606289227,-0.548869577548617,0.22737179071604074,0.3825750755689746,0.0,1.0,0.0,0.0,0.0,1.0,0.0,4.39
STU-14457,-0.9540250270320775,0.4913123889525794,-0.7009882253356687,0.023165320260409614,-1.4229740700471523,-0.20081607356792516,-0.5061839846768087,1.0,0.0,0.0,0.0,0.0,1.0,0.0,4.01
STU-14364,0.08708001816705048,-0.05799854971566485,1.5048481821057689,-1.3175642360580628,-0.01256929850120895,1.3966540354914843,2.5620963276923314,1.0,0.0,1.0,0.0,0.0,0.0,0.0,5.0
STU-11055,1.9090138472655243,0.00938903755590417,1.5048481821057689,0.13489278328694773,-0.6838469021540889,-0.8183947239774908,0.13213437818012835,1.0,0.0,1.0,0.0,0.0,0.0,0.0,3.99
STU-13064,0.8679088020663964,-0.6216038250778783,-1.110756403083294,0.23265431343516998,0.2956409560792002,0.7708410030764586,-0.5855920106781501,1.0,0.0,0.0,0.0,0.0,1.0,0.0,3.38
STU-11394,0.8679088020663964,0.6465080444871019,1.5048481821057689,0.10696091753031352,1.0585876518438173,0.9849349352184406,2.5620963276923314,1.0,0.0,1.0,0.0,0.0,0.0,0.0,5.7
STU-11644,0.6076325407666144,1.579724025793376,1.5028733957069855,1.573383869753641,1.0585876518438173,0.9931693172239027,0.17489254602700444,1.0,0.0,0.0,0.0,1.0,0.0,0.0,5.57
STU-14382,0.6076325407666144,1.4572011398450686,0.1797665085218794,0.14885871616526608,1.0585876518438173,0.12032482464504946,-1.4346470579232629,1.0,0.0,0.0,0.0,1.0,0.0,0.0,4.28
STU-12533,-0.1731962431327315,1.444948851250238,0.6270556278463966,-0.5634038606289227,1.0585876518438173,-0.20905045557338586,0.654394856881259,1.0,0.0,0.0,0.0,0.0,1.0,0.0,4.14
STU-14602,0.6076325407666144,1.0038664618363318,1.5048481821057689,1.0985421518908494,1.0585876518438173,-0.8925041620266386,0.3642501464917418,0.0,1.0,0.0,0.0,0.0,0.0,1.0,5.23
STU-14563,0.34735627946683245,0.9752777884483933,0.32985027482944324,1.0287124874992626,0.2090244910917316,0.22737179071604074,-0.8543576371442291,1.0,0.0,0.0,0.0,0.0,0.0,1.0,4.97
STU-11186,-0.9540250270320775,0.10944939441368849,-0.5479422794299291,-1.2896323703014272,-0.5633056550465286,0.03798100459044026,0.12297191364151196,1.0,0.0,0.0,0.0,0.0,1.0,0.0,4.21
STU-13173,-0.4334725044325135,-1.3812457179573836,-1.042626272325255,0.6795641655413275,0.04950583473981003,-0.7772228139501866,2.022656227981296,1.0,0.0,0.0,0.0,1.0,0.0,0.0,3.6
STU-11000,0.6076325407666144,-0.2622033596295103,0.719870588589232,1.0985421518908494,-0.744478427645317,0.7214347110436929,0.8040484443453251,1.0,0.0,0.0,1.0,0.0,0.0,0.0,3.6
STU-12615,-1.4745775496316413,1.328552109599346,1.5048481821057689,1.3359630108222453,1.0585876518438173,-1.6830048345508826,-1.2116937541502657,1.0,0.0,0.0,0.0,0.0,0.0,1.0,5.3
STU-13043,-0.1731962431327315,-1.6140392012591673,-0.21124119843730046,-0.3259830016975256,-1.6914851115083047,-0.6619414658737338,0.5047412694171921,1.0,0.0,0.0,0.0,1.0,0.0,0.0,2.26
STU-10604,-0.1731962431327315,-2.1225091779446426,-0.40871983831567443,-1.4292916990846007,-0.734373173396779,-0.1431753995296988,-1.5293258581556313,1.0,0.0,0.0,0.0,0.0,1.0,0.0,3.1
STU-11332,1.6487375859657423,-0.023283732030311134,-0.10164055330480296,0.5259389038798356,-0.49978691405571873,1.717794933704459,-0.02668167382255444,1.0,0.0,0.0,0.0,0.0,0.0,1.0,4.9
STU-10937,0.6076325407666144,0.4729339560603333,0.9667188884371996,0.3024839778267568,0.1729342973469531,0.8614192051365286,-0.09081892559286896,1.0,0.0,0.0,0.0,0.0,0.0,1.0,5.22
STU-12933,0.6076325407666144,0.7751570747328247,0.6211312686500451,0.16282464904358318,0.3526634621959497,-0.45608191573721196,-1.1780980508420058,1.0,0.0,0.0,0.0,0.0,1.0,0.0,3.54
STU-14079,2.1692901085653062,1.1100529629915314,-0.38798458112844575,0.23265431343516998,1.0585876518438173,0.9108254971692927,-0.8268702435283801,1.0,0.0,0.0,0.0,0.0,0.0,1.0,4.93
STU-12346,0.08708001816705048,0.6403819001896867,0.7119714429940973,0.6097345011497406,1.0585876518438173,-0.9007385440320993,0.3703584561841528,1.0,0.0,0.0,0.0,1.0,0.0,0.0,4.58
STU-11829,2.1692901085653062,1.038581279521685,1.5048481821057689,1.2242355477957059,1.0585876518438173,-0.9172073080430214,0.5047412694171921,0.0,1.0,0.0,0.0,0.0,1.0,0.0,5.13
STU-12017,-0.9540250270320775,-2.2695366410826114,-0.6851899341453991,-0.8427225181952698,-1.5788837070245956,0.7708410030764586,-0.18549772582523752,0.0,1.0,0.0,0.0,0.0,0.0,1.0,3.15
STU-14703,0.34735627946683245,-0.4500717847502481,-0.4551273186870922,-0.4935741962373346,-0.027005375999120555,-0.11847225351331596,-0.13968540313215577,1.0,0.0,0.0,0.0,0.0,1.0,0.0,3.82
STU-12576,1.1281850633661783,-2.214401342405873,0.9242609808633498,-0.2002896057926691,0.45804682793070345,1.009638081234824,0.4894704951861649,1.0,0.0,0.0,1.0,0.0,0.0,0.0,3.83
STU-10271,-0.4334725044325135,-1.567072094978983,0.7178958021904487,-0.3259830016975256,0.09786669435781335,-1.0489574201303948,-0.8238160886821746,1.0,0.0,0.0,0.0,1.0,0.0,0.0,3.04
STU-14384,-0.4334725044325135,2.237263513715958,1.1089035091496287,1.7968387958067198,1.0585876518438173,-0.8430978699938729,0.1687842363345937,1.0,0.0,0.0,0.0,0.0,1.0,0.0,5.82
STU-12479,-0.1731962431327315,1.1917348869570692,-0.6763033953508719,0.023165320260409614,0.31368605295158947,0.5649814529399367,1.8760567953634353,1.0,0.0,0.0,0.0,0.0,1.0,0.0,5.1
STU-14645,0.08708001816705048,1.4714954765390378,1.5048481821057689,0.8750872258377707,1.0585876518438173,-0.7442852859283431,-0.1580103322093886,1.0,0.0,0.0,0.0,0.0,1.0,0.0,5.81
STU-14948,1.1281850633661783,0.624045515396579,0.3002284788476874,0.819223494324501,0.36493412806917447,1.0837475192839718,-0.8665742565290508,1.0,0.0,0.0,0.0,0.0,0.0,1.0,4.79
STU-13163,-1.4745775496316413,-0.10292360789671098,0.18470347451883845,0.023165320260409614,-0.4442080156887591,-1.0077855101030906,1.5614788462042746,0.0,1.0,0.0,0.0,0.0,0.0,1.0,4.32
STU-14093,1.3884613246659603,-1.3281524673797835,0.0657225939921197,-1.4711894977195534,-1.291605764816159,-0.7607540499392644,0.654394856881259,1.0,0.0,0.0,1.0,0.0,0.0,0.0,2.45
STU-12879,-1.4745775496316413,0.41167251308617986,1.5048481821057689,0.023165320260409614,0.36854314744365213,1.141388193322198,-1.0040112246082957,1.0,0.0,0.0,1.0,0.0,0.0,0.0,5.12
STU-13389,-0.9540250270320775,-0.31121251400883326,-0.2023546596427747,1.056644353255897,0.14334033847623392,-0.8760353980157165,-1.7400625425438068,1.0,0.0,1.0,0.0,0.0,0.0,0.0,4.33
STU-12636,-0.1731962431327315,-0.4031046784700636,-0.7236982689216807,-2.3650092019318683,-0.016900121750582534,-0.8101603419720301,0.654394856881259,1.0,0.0,0.0,0.0,0.0,0.0,1.0,3.23
STU-13747,-1.4745775496316413,-0.705327797142555,0.2883797604549859,-2.323111403296916,-0.8744031251265194,-0.5054882077699776,-0.6650000366794918,1.0,0.0,1.0,0.0,0.0,0.0,0.0,3.03
STU-11240,-0.1731962431327315,-0.3152966102071101,-1.9974354961371934,0.7912916285678668,0.27759585920681096,-0.3572693316716814,-0.9795779858386522,1.0,0.0,0.0,0.0,0.0,1.0,0.0,3.82
STU-11992,-1.4745775496316413,0.9323947783664857,0.4315517743668059,0.7214619641762801,1.0585876518438173,0.20266864469965792,1.5553705365118637,1.0,0.0,0.0,0.0,1.0,0.0,0.0,5.36
STU-13041,1.6487375859657423,1.2060292236510386,0.0657225939921197,-0.9684159141001275,1.0585876518438173,-1.1148324761740818,0.1871091654118262,0.0,1.0,0.0,0.0,0.0,0.0,1.0,5.49
STU-12922,1.1281850633661783,0.6934751507672864,0.6635891762238961,1.6571794670235462,1.0585876518438173,-0.1267066355187774,0.13213437818012835,1.0,0.0,0.0,0.0,1.0,0.0,0.0,5.79
STU-10247,-1.4745775496316413,-0.5746367187976937,-0.7276478417192488,-0.5215060619939701,-0.331606611205051,0.836716059120145,-0.6711083463719025,1.0,0.0,1.0,0.0,0.0,0.0,0.0,3.96
STU-13910,-0.4334725044325135,-0.3091704659096949,-0.08781704851331673,0.20472244767853576,-0.1078474099874237,0.02151224057951886,-0.18244357097903213,1.0,0.0,0.0,1.0,0.0,0.0,0.0,3.45
STU-12667,0.34735627946683245,-0.00286325103892666,-0.50153479905851,-2.5605322622283118,0.7258360655169596,-0.5878320278245861,-0.10914385467010149,1.0,0.0,1.0,0.0,0.0,0.0,0.0,3.2
STU-11283,-0.9540250270320775,0.08698686532316524,-0.6881521137435734,0.051097186017043834,-0.13671956498324692,0.9108254971692927,-0.5672670816009177,1.0,0.0,0.0,0.0,1.0,0.0,0.0,3.29
STU-13611,-1.2143012883318594,0.907890201176824,-0.14706064047682976,-0.35391486745416106,1.0585876518438173,0.5567470709344753,1.80581123390071,1.0,0.0,0.0,0.0,1.0,0.0,0.0,4.14
STU-13300,-1.4745775496316413,0.2605609537499342,-0.5894127938043865,0.8052575614461839,0.483309963552048,-1.4689109024089,2.5620963276923314,0.0,1.0,0.0,0.0,0.0,0.0,1.0,4.57
STU-12113,0.08708001816705048,-1.207671629530615,-0.6101480509916165,-1.0522115113700314,-0.14899023085647173,0.2850124647542664,0.3917375401075907,0.0,1.0,0.0,1.0,0.0,0.0,0.0,3.76
STU-11603,0.08708001816705048,1.4796636689355913,1.0308994463976717,-0.004766545496225848,0.8983471916170008,-2.2511771929276834,-0.38096363598238564,0.0,1.0,1.0,0.0,0.0,0.0,0.0,5.13
STU-14963,2.559704500514979,-0.2724136001252027,-2.2492207619821207,-2.6984458494016956,-0.12300529136023125,-0.17611292755154234,-0.3351513132893042,1.0,0.0,0.0,0.0,0.0,1.0,0.0,2.21
STU-13235,0.34735627946683245,0.6608023811810712,0.12151030975775873,0.7074960312979617,1.0585876518438173,-1.2218794422450738,-0.493967365291987,1.0,0.0,0.0,0.0,1.0,0.0,0.0,5.16
STU-10316,0.6076325407666144,-0.20298396475449532,-0.11645145129568157,1.0007806217426272,-1.3796658375534185,-2.5558493271297356,-0.6252960236788211,1.0,0.0,1.0,0.0,0.0,0.0,0.0,4.64
STU-13393,-1.2143012883318594,-0.8789018855693237,0.003023125830735468,0.27455211207012253,-1.272838864068874,1.9977639218901286,-1.4560261418467009,1.0,0.0,0.0,1.0,0.0,0.0,0.0,3.35
STU-14178,0.34735627946683245,-0.7563789996210164,-0.4640138574816194,0.8331894272028181,0.9539260899839594,2.434186168179556,-0.5794837009857394,0.0,1.0,0.0,0.0,0.0,0.0,1.0,4.68
STU-11082,0.08708001816705048,0.18092107788353434,-0.2546864992105425,0.6655982326630103,0.02929532624273399,-1.246582588261456,0.5291745081868359,0.0,1.0,0.0,0.0,0.0,0.0,1.0,4.69
STU-11054,-1.4745775496316413,0.9017640568794091,0.8669921752986216,1.1264740176474837,1.0585876518438173,-0.6866446118901167,-0.13052293859353967,1.0,0.0,0.0,0.0,0.0,1.0,0.0,5.31
STU-11661,-1.4745775496316413,0.6342557558922715,0.11657334376079966,0.14885871616526608,0.9517606783592726,-1.0818949481522384,-0.5061839846768087,0.0,1.0,1.0,0.0,0.0,0.0,0.0,4.95
STU-11658,0.34735627946683245,-0.0988395116984338,0.24888403247931054,-0.3259830016975256,1.0585876518438173,1.6601542596662326,-0.9032241146835162,0.0,1.0,0.0,0.0,0.0,1.0,0.0,5.22
STU-13002,-1.2143012883318594,0.632213707793133,0.5036314779224128,0.5957685682714223,1.0585876518438173,0.2932468467597278,0.33676275287589286,1.0,0.0,0.0,0.0,0.0,0.0,1.0,4.79
STU-11422,1.3884613246659603,1.7492140180218676,0.14718253294194786,1.7968387958067198,0.9741365984810354,-0.7854571959556473,-0.8451951726056127,0.0,1.0,1.0,0.0,0.0,0.0,0.0,5.29
STU-10370,-0.4334725044325135,-0.18256348376311046,-0.9685717823708648,-1.0661774442483485,-0.22117061834602875,-1.4689109024089,1.7813779951310664,1.0,0.0,0.0,0.0,0.0,1.0,0.0,3.22
STU-13981,-1.4745775496316413,-0.1641850508708644,-1.0752102479051866,-1.4572235648412364,-1.5225830047827416,-0.6619414658737338,2.5620963276923314,1.0,0.0,0.0,0.0,0.0,0.0,1.0,2.81
STU-13827,0.6076325407666144,-0.866649596974493,0.0657225939921197,0.3024839778267568,-0.9011098684976558,0.7708410030764586,-0.2954473002886335,0.0,1.0,0.0,0.0,1.0,0.0,0.0,4.63
STU-12603,0.08708001816705048,-0.45415588094852494,0.5431272058980882,-0.9265181154651749,-0.5965086332917253,-0.43961315172629056,0.17794670087321007,1.0,0.0,0.0,1.0,0.0,0.0,0.0,3.14
STU-11033,2.4295663698650882,-0.18052143566397205,-0.381072828732702,-1.4292916990846007,0.2941973483294083,-1.0571918021358562,-0.8848991856062834,1.0,0.0,0.0,0.0,1.0,0.0,0.0,3.49
STU-10996,-0.4334725044325135,-1.7488143758023051,-0.6782781817496553,-1.3734279675713312,-3.1643259182327137,0.10385606063412732,0.1260260684877176,0.0,1.0,0.0,0.0,1.0,0.0,0.0,1.92
STU-14076,0.08708001816705048,-0.3704319088838483,0.6211312686500451,1.4337245409704675,-1.22953063157514,1.5860448216170848,1.5889662398201234,0.0,1.0,0.0,0.0,0.0,0.0,1.0,4.43
STU-13222,0.6076325407666144,-0.3990205822717868,-0.5933623666019545,-0.04666434413117842,0.25594174295994304,0.7049659470327716,-0.15190202251697757,0.0,1.0,0.0,0.0,0.0,0.0,1.0,4.01
STU-14381,0.34735627946683245,0.6567182849827943,1.5048481821057689,0.972848755985993,-0.20962175634769883,-0.6866446118901167,-1.4987843096935771,1.0,0.0,0.0,0.0,0.0,1.0,0.0,5.24
STU-14410,0.34735627946683245,-1.1525363308538767,0.6507530646318009,0.35834770934002647,-0.7690197593917656,-1.7571142726000304,0.281787965644195,0.0,1.0,0.0,0.0,0.0,0.0,1.0,3.75
STU-12755,-0.9540250270320775,0.3034439638318415,-0.02956084974919747,0.12092685040863062,0.01485924874482341,0.02151224057951886,-1.352184877075716,0.0,1.0,0.0,0.0,0.0,0.0,1.0,4.95
STU-12921,0.34735627946683245,-0.05799854971566485,0.5421398126986958,0.4421433066099316,1.0585876518438173,0.16149673467235368,1.292713219738196,1.0,0.0,0.0,0.0,1.0,0.0,0.0,4.04
STU-11331,0.08708001816705048,1.4224863221597144,1.5048481821057689,-0.3399489345758439,1.0585876518438173,0.9355286431856763,-0.038898293207376214,1.0,0.0,1.0,0.0,0.0,0.0,0.0,5.41
STU-10421,0.6076325407666144,-1.432296920435845,-0.0967035873078439,-2.1136224101221543,-0.48823805205738985,0.8037785310983022,-0.4206676489830563,1.0,0.0,0.0,0.0,0.0,1.0,0.0,2.25
STU-14577,-0.9540250270320775,0.5301113028362102,1.5048481821057689,0.38627957509666194,1.0585876518438173,0.43323134085256265,-0.49702152013819234,0.0,1.0,0.0,0.0,1.0,0.0,0.0,4.62
STU-14238,-0.6937487657322955,-0.09271336740101857,-0.3820602219320943,-2.532600396471677,-0.42111029169210135,1.0178724632402847,-1.352184877075716,0.0,1.0,0.0,0.0,0.0,0.0,1.0,2.97
STU-11600,-1.4745775496316413,1.1529359730734392,-0.6368076673751966,1.0706102861342153,1.0585876518438173,1.5201697655733977,0.4009000046462071,1.0,0.0,0.0,0.0,1.0,0.0,0.0,4.88
STU-14943,0.34735627946683245,-0.6073094883839091,1.0318868395970626,1.321997077943928,-0.2060127369732212,-0.5466601177972819,-0.8085453144511474,0.0,1.0,0.0,0.0,0.0,1.0,0.0,4.16
STU-10619,-1.2143012883318594,-0.5399219011123401,0.9874541456244296,0.023165320260409614,-0.6282680037871303,0.7543722390655365,-1.0467693924551718,0.0,1.0,0.0,0.0,1.0,0.0,0.0,4.03
STU-14433,-0.4334725044325135,1.446990899349376,1.5048481821057689,1.4756223396054189,1.0585876518438173,0.6555596550000059,1.6164536334359725,0.0,1.0,0.0,0.0,1.0,0.0,0.0,5.93
STU-13884,0.08708001816705048,-0.578720814995971,-1.5876673183895669,-0.5494379277506043,-1.0187639001056334,1.009638081234824,0.578040985726123,1.0,0.0,0.0,0.0,0.0,0.0,1.0,2.39
STU-14729,1.6487375859657423,-1.6569222113410749,-2.2837795239608356,-0.8566884510735882,-1.7290189130028741,-0.1431753995296988,0.1687842363345937,1.0,0.0,0.0,1.0,0.0,0.0,0.0,2.11
STU-12467,-0.4334725044325135,0.5076487737456871,-0.539055740635402,-0.06063027700949553,1.0585876518438173,0.5485126889290146,-0.5061839846768087,1.0,0.0,0.0,0.0,0.0,0.0,1.0,3.9
STU-10101,0.08708001816705048,-0.20502601285363373,-0.6506311721666829,-0.43771046472406494,-1.5067033195350392,1.380185271480563,-0.5245089137540415,1.0,0.0,0.0,0.0,1.0,0.0,0.0,2.76
STU-10528,-0.9540250270320775,1.3224259653019306,1.083231285965441,0.26058617919180543,0.6348887772801173,-0.011425287442324671,0.7032613344205455,0.0,1.0,0.0,0.0,1.0,0.0,0.0,5.2
STU-10020,-1.4745775496316413,-1.43842306473326,-1.2805880333786954,0.023165320260409614,-0.5301026768013328,-0.3490349496662207,0.9659186511942138,0.0,1.0,0.0,0.0,0.0,1.0,0.0,2.66
STU-12955,1.1281850633661783,1.118221155388085,-0.9211769088000547,1.1264740176474837,0.1729342973469531,-1.946505058725631,-1.1139607990716915,0.0,1.0,0.0,0.0,0.0,0.0,1.0,4.56
STU-14925,0.08708001816705048,-1.0851487435823077,-0.6279211285806694,-0.9963477798567617,-0.06598278524348077,-1.0901293301576997,-0.20687680974867567,0.0,1.0,0.0,0.0,0.0,0.0,1.0,4.01
STU-10460,0.6076325407666144,-0.6501924984658168,0.11953552335897538,-2.2113839402703763,0.16355084697331,0.6884971830218495,1.4148794135864133,1.0,0.0,0.0,0.0,0.0,0.0,1.0,3.68
STU-12723,0.34735627946683245,0.5096908218448254,-0.34355188715581136,-0.1025280756444481,0.1729342973469531,0.10385606063412732,-1.2849934704591963,1.0,0.0,0.0,0.0,1.0,0.0,0.0,3.84
STU-12794,1.1281850633661783,-1.6426278746471057,-1.7960072834612526,-0.9823818469784447,-0.8238768538838294,1.4213571815078678,1.2774424455071687,1.0,0.0,0.0,1.0,0.0,0.0,0.0,2.07
STU-11300,-0.9540250270320775,0.35857926250857974,0.7109840497947049,0.9030190915944062,0.9957907147279024,2.38477987614679,1.451529271740879,1.0,0.0,0.0,1.0,0.0,0.0,0.0,4.48
STU-11654,-0.4334725044325135,-0.1641850508708644,-1.2973737177683573,-2.2951795375402804,-0.3994561754452345,-0.3078630396389165,0.11075529425669019,1.0,0.0,0.0,0.0,1.0,0.0,0.0,3.57
STU-13722,0.6076325407666144,-1.303647890190122,-0.4324172751010802,-0.6471994578988266,0.21118990271641838,0.7873097670873801,0.9078897091163101,0.0,1.0,0.0,0.0,1.0,0.0,0.0,3.74
STU-13399,-1.2143012883318594,-0.7441267110261855,-0.6911142933417491,-1.261700504544793,-1.2309742393249308,0.43323134085256265,-0.1457937128245668,1.0,0.0,0.0,0.0,0.0,0.0,1.0,2.95
STU-12588,-0.4334725044325135,-1.1729568118452611,-2.2186115728009725,-0.01873247837454296,-1.3991545421755986,1.511935383567937,1.3629587812009207,1.0,0.0,0.0,0.0,1.0,0.0,0.0,2.63
STU-12027,-0.9540250270320775,-1.9979442438971968,-1.4316591928856515,-0.7449609880470488,-3.005889967693138,1.0261068452457456,-0.5581046170623012,0.0,1.0,1.0,0.0,0.0,0.0,0.0,2.07
STU-13832,-1.4745775496316413,-0.588931055491663,-0.19939248004459897,0.1767905819219003,0.0386787766163771,-0.9666136000757863,-0.7535705272194495,1.0,0.0,1.0,0.0,0.0,0.0,0.0,3.72
STU-13383,2.559704500514979,1.140683684478608,1.5048481821057689,0.24662024631348708,1.0585876518438173,-0.3325661856552993,-0.1580103322093886,1.0,0.0,0.0,0.0,0.0,1.0,0.0,5.09
STU-10083,0.6076325407666144,-1.4629276419229216,-1.4346213724838273,-0.28408520306257423,0.0011449751218067172,2.5165299882341645,-1.0620401666861992,1.0,0.0,0.0,0.0,1.0,0.0,0.0,3.62
STU-12205,-0.9540250270320775,-0.09271336740101857,-0.8155258364651252,-0.4935741962373346,0.1390095152268614,1.1660913393385803,0.3123295141062493,1.0,0.0,1.0,0.0,0.0,0.0,0.0,4.32
STU-12528,0.8679088020663964,-1.091274887879723,-1.83155343863936,1.7968387958067198,-0.2875765748364213,0.6308565089836231,0.41617077887723425,0.0,1.0,0.0,0.0,0.0,1.0,0.0,4.36
STU-10129,1.1281850633661783,-0.21115215715104896,-0.09077922811149244,0.4421433066099316,0.1859267670950728,-0.8760353980157165,-0.7047040496801625,0.0,1.0,1.0,0.0,0.0,0.0,0.0,4.47
STU-13907,-1.4745775496316413,1.3550987348881458,0.2893671536543769,0.13489278328694773,0.8304976273768173,-0.4725506797481341,-0.7810579208352986,1.0,0.0,0.0,0.0,0.0,0.0,1.0,4.57
STU-12200,0.8679088020663964,-1.064728262590923,-2.0369312241128688,0.20472244767853576,-2.4623716498967734,0.33441875678703203,-0.3351513132893042,1.0,0.0,0.0,1.0,0.0,0.0,0.0,2.55
STU-14865,2.1692901085653062,1.1651882616682696,1.5048481821057689,1.6990772656584976,1.0585876518438173,-0.7525196679338038,-0.04806075774599261,1.0,0.0,0.0,0.0,1.0,0.0,0.0,5.98
STU-10640,-0.1731962431327315,-0.5664685264011401,-1.481028852855245,-1.3035983031797445,-0.6665236091565956,0.6143877449727017,-1.4010513546150027,0.0,1.0,0.0,1.0,0.0,0.0,0.0,3.41
STU-14297,0.34735627946683245,-0.5623844302028633,0.4809214343363994,-0.38184673321079526,-0.5661928705461113,-0.6125351738409689,0.4803080306475485,0.0,1.0,0.0,1.0,0.0,0.0,0.0,3.39
STU-13846,-0.4334725044325135,-0.521543468220094,-0.06905657772487142,1.7968387958067198,-0.8462527740055922,-0.6866446118901167,0.6818822504971079,0.0,1.0,0.0,0.0,0.0,1.0,0.0,3.98
STU-10221,-0.9540250270320775,-0.754336951521878,-0.2843082951922997,-1.6108488265027283,-0.003185848127565842,1.0178724632402847,0.25735472687455146,1.0,0.0,0.0,1.0,0.0,0.0,0.0,2.83
STU-12941,0.08708001816705048,0.6996012950647017,1.5048481821057689,1.6292476012669108,1.0585876518438173,2.2942016740867195,-0.8696284113752561,0.0,1.0,0.0,1.0,0.0,0.0,0.0,6.17
STU-11935,-1.2143012883318594,0.9017640568794091,0.7662780689606499,1.2800992793089756,1.0585876518438173,0.8778879691474499,0.3489793722607146,1.0,0.0,0.0,0.0,1.0,0.0,0.0,5.64
STU-10821,0.08708001816705048,-1.8754213579488896,-2.1208596460611773,-1.1499730415182536,-1.988146504090384,-0.7113477579064995,-0.3107180745196606,1.0,0.0,0.0,0.0,1.0,0.0,0.0,2.62
STU-10244,2.559704500514979,-1.8937997908411357,-1.2470166645993728,-0.14442587427939943,-0.6968393719022086,0.4414657228580233,-0.8207619338359692,1.0,0.0,0.0,1.0,0.0,0.0,0.0,2.61
STU-11446,0.34735627946683245,-0.3173386583062485,-0.9073534040085698,0.3723136422183448,-0.6066138875402624,-0.8760353980157165,1.1827636452747998,0.0,1.0,0.0,0.0,0.0,0.0,1.0,4.85
STU-11875,-0.1731962431327315,-1.2505546396125224,-1.9727506661523966,-1.0801433771266657,0.1729342973469531,-0.19258169156246446,-0.3992885650596184,0.0,1.0,1.0,0.0,0.0,0.0,0.0,3.6
STU-10834,-0.6937487657322955,-0.4745763619399098,-0.5054843718560781,-0.605301659263874,-0.16703532772886098,1.0343412272512063,-0.1580103322093886,0.0,1.0,0.0,1.0,0.0,0.0,0.0,3.49
STU-14856,0.6076325407666144,-1.6793847404315978,-1.7732972398752394,-1.8901674840690754,-1.6849888766342445,0.22737179071604074,-0.603916939755383,1.0,0.0,1.0,0.0,0.0,0.0,0.0,1.63
STU-11592,-1.4745775496316413,-0.023283732030311134,-0.5153583038499961,0.023165320260409614,-0.631877023161608,0.5567470709344753,0.18100085571941546,0.0,1.0,1.0,0.0,0.0,0.0,0.0,4.29
STU-13379,1.6487375859657423,2.5884957867677723,1.5048481821057689,0.6097345011497406,1.0585876518438173,0.5649814529399367,-1.6117880390031785,1.0,0.0,0.0,0.0,0.0,0.0,1.0,5.96
STU-12756,-0.6937487657322955,-0.023283732030311134,1.5048481821057689,-0.1025280756444481,0.988572675978947,-0.06083157947509033,0.7918318249605036,0.0,1.0,0.0,1.0,0.0,0.0,0.0,5.05
STU-13634,0.34735627946683245,-1.1709147637461228,0.693210972205652,-1.1080752428833012,-0.3792456669481584,0.12855920665051015,2.166201505752952,0.0,1.0,0.0,0.0,0.0,0.0,1.0,4.52
STU-10054,-0.1731962431327315,-2.0857523121601504,-0.3958837267235806,-1.778440021042536,-0.08330607824097408,-0.20081607356792516,-0.7047040496801625,1.0,0.0,1.0,0.0,0.0,0.0,0.0,3.87
STU-14040,0.34735627946683245,-0.3867682936769559,0.0657225939921197,0.98681468886431,-1.9044172546024976,1.1990288673604246,0.7735068958832708,0.0,1.0,0.0,0.0,0.0,0.0,1.0,3.63
STU-13307,-0.9540250270320775,-0.38881034177609436,0.05634235859789565,-0.004766545496225848,1.0585876518438173,-0.17611292755154234,0.25124641718214047,1.0,0.0,1.0,0.0,0.0,0.0,0.0,4.0
STU-12397,0.34735627946683245,0.23197228036199571,1.3537770225988126,0.9588828231076758,0.1729342973469531,0.34265313879249276,1.7813779951310664,1.0,0.0,0.0,0.0,0.0,0.0,1.0,4.62
STU-10851,0.08708001816705048,1.1631462135691308,-0.16878329086345079,0.8052575614461839,1.0585876518438173,-0.7195821399119602,-1.5537590969252748,0.0,1.0,0.0,0.0,1.0,0.0,0.0,5.33
STU-14889,0.6076325407666144,2.595387699102364,1.5048481821057689,1.7968387958067198,1.0585876518438173,-0.6866446118901167,-1.5934631099259458,1.0,0.0,0.0,0.0,1.0,0.0,0.0,5.82
STU-13479,1.3884613246659603,-0.023283732030311134,1.3182308674207055,-0.28408520306257423,1.0585876518438173,-0.34080056766076,0.275679655951784,0.0,1.0,0.0,0.0,0.0,1.0,0.0,4.4
STU-10201,0.6076325407666144,0.2626030018490726,0.24987142567870294,1.2800992793089756,1.0585876518438173,-1.7488798905945697,-0.7902203853739148,1.0,0.0,0.0,0.0,0.0,0.0,1.0,5.46
STU-10155,0.8679088020663964,-0.2662874558277871,-0.5420179202335776,-1.1080752428833012,0.1512801811000862,0.6802628010163888,2.5620963276923314,0.0,1.0,0.0,0.0,0.0,0.0,1.0,3.94
STU-11902,0.08708001816705048,-2.0857523121601504,-0.6753160021514796,-1.764474088164219,-2.9575291080751347,-0.29962865763345575,0.37952092072276894,1.0,0.0,0.0,0.0,0.0,0.0,1.0,3.04
STU-14216,0.34735627946683245,-1.199503437134061,0.36144685720998376,-0.8846203168302224,0.9806328333550958,0.5320439249180933,-0.42677595867546736,1.0,0.0,0.0,1.0,0.0,0.0,0.0,3.0
STU-14326,0.34735627946683245,0.27485529044390344,-0.2556738924099349,0.6795641655413275,1.0585876518438173,0.8531848231310664,-0.4603716619837273,1.0,0.0,0.0,0.0,1.0,0.0,0.0,4.52
STU-14553,-0.9540250270320775,-0.023283732030311134,-1.2065335434243052,-0.40977859896743074,0.1729342973469531,0.02974662258497956,-0.06333153197701977,1.0,0.0,0.0,0.0,0.0,0.0,1.0,3.06
STU-13001,0.6076325407666144,0.6015829863060561,1.5048481821057689,1.1125080847691666,0.5987985835353388,-0.8760353980157165,-0.13052293859353967,1.0,0.0,0.0,0.0,0.0,0.0,1.0,4.73
STU-13645,0.34735627946683245,-0.0416621649225572,-0.9271012679964061,-0.14442587427939943,0.1729342973469531,0.04621538659590096,0.3031670495676329,1.0,0.0,0.0,0.0,0.0,0.0,1.0,3.39
STU-11856,0.34735627946683245,0.6056670825043329,1.5048481821057689,0.8471553600811365,0.5612647820407695,0.8120129131037629,-1.040661082762761,1.0,0.0,0.0,0.0,0.0,0.0,1.0,5.26
STU-10957,-0.6937487657322955,-0.6951175566468626,-1.4918901780485556,1.056644353255897,-0.12156168361043937,2.0883421239501976,-1.2636143865357583,0.0,1.0,0.0,0.0,0.0,1.0,0.0,4.61
STU-13536,1.6487375859657423,1.545009208108022,0.0657225939921197,1.7968387958067198,1.0585876518438173,-0.21728483757884656,-0.8604659468366399,1.0,0.0,0.0,1.0,0.0,0.0,0.0,5.86
STU-11349,0.08708001816705048,0.6669285254784867,-0.18458158205372036,-0.24218740442762168,-0.018343729500373388,-0.4890194437590555,2.1020642539826375,0.0,1.0,0.0,0.0,0.0,0.0,1.0,4.12
STU-13499,-0.4334725044325135,-0.6767391237546165,-0.7661561764955318,0.3164499107050751,-0.21900520672134194,-1.403035846365213,-0.8971158049911052,1.0,0.0,1.0,0.0,0.0,0.0,0.0,3.25
STU-11556,-0.6937487657322955,1.2019451274527617,0.5016566915236295,1.3918267423355148,0.035791561116794365,-0.793691577961108,-0.23131004851831924,1.0,0.0,0.0,0.0,1.0,0.0,0.0,4.81
STU-10977,-1.2143012883318594,0.7955775557242095,-0.7394965601119516,-0.07459620988781264,0.29275374057961745,-0.5219569717808991,-1.1903146702268275,0.0,1.0,0.0,0.0,0.0,1.0,0.0,4.12
STU-10406,0.8679088020663964,1.8390641343839598,1.5048481821057689,0.5818026353931052,1.0585876518438173,-0.8348634879884123,-0.1580103322093886,1.0,0.0,0.0,0.0,1.0,0.0,0.0,5.13
STU-10253,0.08708001816705048,1.1917348869570692,0.6645765694232871,1.3918267423355148,0.7503773972634091,-0.6619414658737338,1.7538906015152176,1.0,0.0,0.0,1.0,0.0,0.0,0.0,4.23
STU-14201,1.1281850633661783,0.7608627380388554,-0.9981935783526206,-0.8008247195603185,-1.1804479680822408,-0.42314438771536844,-0.7627329917580659,1.0,0.0,0.0,1.0,0.0,0.0,0.0,4.01
STU-13951,0.08708001816705048,-0.6583606908623705,-2.1702293060307705,1.0287124874992626,-2.361319107411394,-0.8842697800211778,0.6391240826502316,0.0,1.0,0.0,0.0,1.0,0.0,0.0,2.83
STU-12082,0.34735627946683245,1.181524646461377,0.1758169357243127,0.023165320260409614,0.1729342973469531,-0.7607540499392644,-0.47564243621475444,0.0,1.0,0.0,0.0,0.0,1.0,0.0,4.15
STU-14719,-1.4745775496316413,-0.023283732030311134,-1.1166807622796453,-0.6471994578988266,0.3014153870783646,-1.584192250485352,0.22986733325870254,0.0,1.0,1.0,0.0,0.0,0.0,0.0,4.41
STU-13085,-0.1731962431327315,-1.3996241508496297,-0.18951854805067944,-0.9544499812218091,-0.03205800312338906,1.1002162832948932,-1.4407553676156737,1.0,0.0,0.0,0.0,0.0,1.0,0.0,2.82
STU-10933,-0.6937487657322955,-0.9054485108581236,0.8403325589150401,0.7912916285678668,-0.41822307619251864,-1.1724731502123082,-1.4651886063853174,1.0,0.0,0.0,1.0,0.0,0.0,0.0,4.25
STU-10487,-0.1731962431327315,0.8139559886164556,0.27455625566349967,0.972848755985993,1.0585876518438173,0.35088752079795343,-0.4115051844444402,1.0,0.0,0.0,0.0,1.0,0.0,0.0,4.8
STU-14928,-1.4745775496316413,-0.4173990151640328,0.7692402485588256,-0.8287565853169527,0.9358809931115701,0.7790753850819193,-0.6985957399877515,1.0,0.0,0.0,0.0,0.0,0.0,1.0,5.29
STU-12906,0.8679088020663964,-0.7461687591253239,-1.9895363505420585,-1.2756664374231101,-1.4576206560421399,0.21090302670511862,-1.028444463377939,0.0,1.0,0.0,0.0,0.0,0.0,1.0,3.25
STU-10388,0.08708001816705048,-0.8155983944960318,0.8265090541235538,-0.5075401291156529,1.0585876518438173,-1.6171297785071956,-0.9826321406848575,0.0,1.0,0.0,0.0,0.0,0.0,1.0,4.2
STU-12324,1.1281850633661783,-1.3975821027504913,0.6033581910609922,0.7633597628112313,0.1729342973469531,1.1825601033495017,-0.16106448705559395,0.0,1.0,0.0,0.0,0.0,1.0,0.0,4.1
STU-10648,0.34735627946683245,0.23401432846113412,0.24888403247931054,1.7968387958067198,0.8160615498789058,1.6601542596662326,-0.23131004851831924,1.0,0.0,0.0,0.0,0.0,1.0,0.0,4.98
STU-13259,0.8679088020663964,-0.41535696706489444,0.9746180340323344,-0.2561533373059388,-2.0379509714581783,0.21913740871057932,-0.46953412652234344,1.0,0.0,0.0,0.0,0.0,1.0,0.0,3.31
STU-14330,0.08708001816705048,0.5546158800258716,1.5048481821057689,0.4980070381232013,-0.005351259752252634,0.7296690930491537,-0.3443137778279203,1.0,0.0,0.0,1.0,0.0,0.0,0.0,4.7
STU-12681,1.3884613246659603,-0.24790902293554107,-0.4857365078682404,0.35834770934002647,0.6399414044043868,-0.4478475337317513,0.6360699278040262,1.0,0.0,1.0,0.0,0.0,0.0,0.0,4.85
STU-11975,-0.1731962431327315,-1.3669513812634144,1.5048481821057689,-1.4711894977195534,0.1729342973469531,0.7379034750546151,0.4406040176468778,1.0,0.0,0.0,0.0,0.0,1.0,0.0,3.61
STU-14274,0.34735627946683245,-1.2444284953151072,0.0657225939921197,-1.5270532292328232,1.0585876518438173,-0.06906596148055104,-0.5061839846768087,1.0,0.0,0.0,0.0,0.0,0.0,1.0,3.19
STU-12350,-1.2143012883318594,-0.8768598374701851,0.9993028640171311,0.7214619641762801,0.1729342973469531,-1.3948014643597522,0.21765071387388077,1.0,0.0,1.0,0.0,0.0,0.0,0.0,3.98
STU-11964,0.08708001816705048,0.3504110701120261,0.4848710071339675,-0.6192675921421923,1.0585876518438173,1.3637165074696416,-0.10303554497769046,1.0,0.0,0.0,0.0,0.0,0.0,1.0,4.53
STU-11617,0.08708001816705048,0.36878950300427216,-0.5311565950402671,0.023165320260409614,1.0585876518438173,0.19443426269419722,-0.5855920106781501,1.0,0.0,0.0,0.0,1.0,0.0,0.0,4.35
STU-14088,-1.2143012883318594,0.9916141732415006,1.0585464559806441,0.4561092394882487,1.0585876518438173,-1.518317194441665,-0.9826321406848575,1.0,0.0,0.0,0.0,0.0,1.0,0.0,5.37
STU-10841,-0.6937487657322955,0.440261186474118,0.10274983896931342,1.7968387958067198,0.6305579540307438,-0.6619414658737338,-0.1580103322093886,0.0,1.0,0.0,0.0,1.0,0.0,0.0,4.5
STU-10509,-0.9540250270320775,-0.4704922657416326,1.152348809922872,-1.094109310004984,0.6103474455336687,0.02974662258497956,0.8804023155004611,1.0,0.0,1.0,0.0,0.0,0.0,0.0,4.82
STU-11876,-0.4334725044325135,0.12578577920679615,0.2913419400531602,0.8890531587160878,0.7496555933885132,-1.5347859584525871,0.4039541594924125,0.0,1.0,0.0,0.0,0.0,1.0,0.0,4.21
STU-12143,-0.6937487657322955,-0.34796937979332543,-0.555841425025064,-0.7030631894120962,-1.6351844092664503,-0.20905045557338586,0.11075529425669019,1.0,0.0,0.0,1.0,0.0,0.0,0.0,3.1
STU-12120,1.1281850633661783,0.11353349061196531,0.20445133850667613,-0.42374453184574784,-0.0306143953735982,-0.3819724776880642,-0.1946601903638539,0.0,1.0,0.0,0.0,0.0,1.0,0.0,3.98
STU-14909,-0.1731962431327315,0.4504714269698104,0.3170141632373493,0.26058617919180543,0.8110089227546362,-0.18434730955700304,-0.1977143452100593,0.0,1.0,0.0,0.0,0.0,1.0,0.0,4.62
STU-13063,-0.6937487657322955,-0.27649769632347954,-0.03351042254676417,-0.8846203168302224,-0.36986221657451634,0.07915291461774449,0.34592521741450927,1.0,0.0,0.0,0.0,0.0,1.0,0.0,3.58
STU-13938,-0.4334725044325135,0.056356143836088717,1.5048481821057689,1.0985421518908494,0.15272378884987706,0.12032482464504946,-0.4206676489830563,1.0,0.0,0.0,0.0,0.0,0.0,1.0,5.0
STU-14160,-0.6937487657322955,-0.7114539414399702,-1.3615542757288295,-2.2393158060270104,-0.5091703644293608,-1.3042232622996823,0.9659186511942138,1.0,0.0,0.0,1.0,0.0,0.0,0.0,2.53
STU-10314,1.6487375859657423,1.0835063377027316,1.2787351394450301,-0.03269841125286007,0.6168436804077281,0.9602317892020584,1.527883142896015,0.0,1.0,0.0,0.0,0.0,0.0,1.0,5.3
STU-14997,-1.2143012883318594,1.0406233276208239,0.8768661072925397,0.1767905819219003,1.0585876518438173,0.013277858574057428,0.9567561866555971,1.0,0.0,0.0,0.0,0.0,1.0,0.0,5.33
STU-13723,-0.6937487657322955,0.8241662291121473,-0.44229120709499836,1.7968387958067198,0.6103474455336687,0.6143877449727017,0.6910447150357241,0.0,1.0,0.0,0.0,1.0,0.0,0.0,5.35
STU-10858,-1.4745775496316413,-0.8278506830908622,-1.6587596287457826,-0.758926920925366,-0.5820725557938138,-0.17611292755154234,0.17794670087321007,1.0,0.0,0.0,0.0,0.0,0.0,1.0,3.5
STU-14322,0.08708001816705048,1.038581279521685,1.3379787314085432,0.8611212929594536,1.0585876518438173,0.15326235266689298,0.037455577947759805,0.0,1.0,0.0,0.0,0.0,0.0,1.0,4.94
STU-10682,0.6076325407666144,-1.8917577427419974,-0.036472602144939886,0.38627957509666194,-0.22694504934519316,0.16149673467235368,-0.9429281276841869,1.0,0.0,0.0,0.0,0.0,0.0,1.0,2.89
STU-10318,-1.4745775496316413,-0.6358981617718475,-0.9586978503769467,-0.004766545496225848,0.06610732386240843,-1.0489574201303948,-1.6209505035417948,1.0,0.0,0.0,0.0,0.0,0.0,1.0,4.02
STU-12616,0.08708001816705048,0.05839819193522713,1.2273906930766532,-0.24218740442762168,1.0001215379772759,0.6555596550000059,-0.6619458818332862,1.0,0.0,0.0,0.0,1.0,0.0,0.0,5.21
STU-11488,0.08708001816705048,-0.5419639492114785,-0.8984668652140426,-0.8706543839519053,-0.9480271203658673,-0.8842697800211778,1.0086768190410897,1.0,0.0,0.0,0.0,0.0,1.0,0.0,3.09
STU-14590,0.34735627946683245,-1.54460956588846,-1.1206303350772133,0.023165320260409614,1.0585876518438173,-0.5878320278245861,-0.04806075774599261,0.0,1.0,0.0,1.0,0.0,0.0,0.0,2.81
STU-13622,0.08708001816705048,-1.3853298141556605,-1.8345156182375342,-1.261700504544793,-2.761920257978435,0.02151224057951886,0.12908022333392297,1.0,0.0,0.0,1.0,0.0,0.0,0.0,2.28
STU-12579,0.6076325407666144,0.20542565507319563,-0.243825174017232,0.051097186017043834,-0.04071964962213622,1.149622575327659,0.2970587398752222,0.0,1.0,0.0,0.0,0.0,0.0,1.0,4.54
STU-10066,-0.1731962431327315,-0.02940987632772637,0.0657225939921197,-0.06063027700949553,0.16427265084820591,0.47440325087986684,-1.6759252907734925,1.0,0.0,0.0,0.0,0.0,0.0,1.0,4.12
STU-13358,0.08708001816705048,-0.7870097211080932,-0.642732026571548,-0.4656423304807004,-0.08691509761545274,-0.8101603419720301,1.6622659561290543,0.0,1.0,0.0,0.0,0.0,1.0,0.0,3.21
STU-10285,-1.4745775496316413,-1.761066664397136,-1.1729621746449825,-1.9739630813389806,-0.9357564544926424,-2.5393805631188138,0.16267592664218267,1.0,0.0,0.0,0.0,1.0,0.0,0.0,2.25
STU-14181,0.34735627946683245,-1.379203669858245,-1.9855867777444904,-0.5215060619939701,-1.186944202956301,-0.10200348950239456,-1.361347341614332,1.0,0.0,0.0,0.0,0.0,0.0,1.0,2.58
STU-12777,-0.9540250270320775,0.06044024003436554,0.32886288163005223,-0.21425553867098746,0.4183476148114463,-0.637238319857351,0.2023799396428536,0.0,1.0,0.0,0.0,0.0,1.0,0.0,3.74
STU-11861,-1.4745775496316413,-1.0831066954831692,-0.7157991233265459,1.7968387958067198,-2.4291686716515772,1.0672787552730505,-0.9032241146835162,1.0,0.0,0.0,0.0,1.0,0.0,0.0,4.23
STU-12972,-0.4334725044325135,-1.9019679832376892,-2.2837795239608356,-0.5494379277506043,-1.487936418787754,-1.0077855101030906,-0.1580103322093886,0.0,1.0,0.0,0.0,0.0,0.0,1.0,3.01
STU-14391,0.34735627946683245,-0.08454517500446491,-1.4099365424990304,-0.6192675921421923,-0.4442080156887591,-0.7772228139501866,0.7032613344205455,0.0,1.0,0.0,0.0,1.0,0.0,0.0,3.06
STU-11381,1.9090138472655243,0.9487311631595936,0.24592185288113483,0.07902905177367806,0.4371145155587315,-0.5219569717808991,-0.9246031986069542,0.0,1.0,1.0,0.0,0.0,0.0,0.0,5.38
STU-14671,-1.4745775496316413,0.5076487737456871,-0.8629207100359354,-1.345496101814697,-0.3958471560707568,-1.8394580926546396,1.7080782788221358,0.0,1.0,0.0,0.0,0.0,1.0,0.0,4.74
STU-13522,0.34735627946683245,0.7016433431638405,1.5048481821057689,0.26058617919180543,1.0585876518438173,0.49087201489078824,0.7796152055756815,1.0,0.0,0.0,1.0,0.0,0.0,0.0,5.32
STU-14441,0.34735627946683245,-1.379203669858245,-1.2440544850011972,-0.06063027700949553,-1.8178007896150294,0.47440325087986684,-0.054169067438403634,1.0,0.0,0.0,1.0,0.0,0.0,0.0,2.79
STU-12782,0.6076325407666144,-0.22340444574587978,-0.7780048948882347,1.140439950525802,1.0564222402191306,0.08738729662320592,-0.39623441021341305,0.0,1.0,0.0,0.0,0.0,1.0,0.0,4.48
STU-12629,0.8679088020663964,2.3148613414832195,0.6161943026530861,-0.35391486745416106,0.1729342973469531,-0.3902068596935249,-0.1763352612866211,1.0,0.0,0.0,0.0,1.0,0.0,0.0,4.6
STU-12090,-0.9540250270320775,0.789451411426794,0.7554167437673394,0.3304158435833922,1.0585876518438173,0.08738729662320592,-0.7932745402201201,0.0,1.0,0.0,0.0,0.0,0.0,1.0,3.66
STU-13489,1.6487375859657423,1.2284917527415613,1.5048481821057689,0.8750872258377707,1.0585876518438173,-0.7360509039228816,0.1474051524111555,1.0,0.0,0.0,0.0,1.0,0.0,0.0,5.14
STU-12531,-1.4745775496316413,-0.15193276227603394,0.22518659569390617,0.2885180449484397,-0.45214785831261134,0.02151224057951886,0.9078897091163101,1.0,0.0,0.0,0.0,1.0,0.0,0.0,3.82
STU-14468,-1.4745775496316413,-0.597099247888217,-0.6279211285806694,-1.0661774442483485,-0.8462527740055922,-0.11023787150785526,0.1077011394104848,0.0,1.0,0.0,0.0,0.0,1.0,0.0,2.91
STU-14429,-0.9540250270320775,1.234617897038977,1.3468652702030703,0.40024550797497904,0.7698661018855892,0.14502797066143155,-0.6558375721408755,0.0,1.0,1.0,0.0,0.0,0.0,0.0,4.99
STU-10273,0.34735627946683245,-0.11925999268981864,0.6329799870427479,0.651632299784692,-0.104960194487842,-1.6171297785071956,0.03134726825534878,1.0,0.0,0.0,0.0,1.0,0.0,0.0,4.18
STU-10130,0.6076325407666144,0.46272371556464126,-0.9428995591866771,-0.36788080033247816,1.0585876518438173,-0.10200348950239456,-0.4878590555995762,1.0,0.0,0.0,0.0,0.0,1.0,0.0,3.29
STU-12428,0.08708001816705048,2.3883750730522038,1.5048481821057689,-0.6471994578988266,1.0585876518438173,-0.011425287442324671,0.5810951405723284,0.0,1.0,0.0,0.0,0.0,1.0,0.0,5.28
STU-13067,2.1692901085653062,0.13191192350421138,-0.29122004758804215,-0.11649400852276522,-0.04865949224598745,0.6967315650273102,-0.7260831336036006,0.0,1.0,0.0,0.0,0.0,1.0,0.0,4.53
STU-12988,0.6076325407666144,-0.9789622424271078,-0.9271012679964061,-0.43771046472406494,0.4645430628047628,-0.8430978699938729,-0.6894332754491354,1.0,0.0,0.0,1.0,0.0,0.0,0.0,3.69
STU-12305,-0.6937487657322955,-1.109653320771969,-1.1334664466693072,-0.758926920925366,-0.36986221657451634,-0.20081607356792516,-1.2178020638426765,0.0,1.0,0.0,0.0,0.0,0.0,1.0,3.31
STU-12245,0.8679088020663964,-0.12947023318551068,-1.8078560018539542,-1.862235618312441,1.0585876518438173,0.8696535871419893,0.6482865471888477,0.0,1.0,0.0,0.0,1.0,0.0,0.0,3.33
STU-12653,-1.4745775496316413,-0.7931358654055085,-1.8187173270472647,-1.4013598333279667,-1.136417931713611,-1.2959888802942217,0.9903518899638574,0.0,1.0,0.0,0.0,0.0,0.0,1.0,3.08
STU-14472,1.3884613246659603,0.48518624465516413,0.0657225939921197,0.9449168902293574,-0.7885084640139468,0.17796549868327508,-0.7749496111428876,1.0,0.0,0.0,0.0,0.0,1.0,0.0,4.64
STU-10194,-1.4745775496316413,1.7267514889313447,0.23901010048539242,1.6292476012669108,1.0585876518438173,0.8943567331583714,-0.30766391967345524,0.0,1.0,0.0,0.0,0.0,0.0,1.0,5.35
STU-13047,0.34735627946683245,-0.023283732030311134,-0.5232574494451324,1.7968387958067198,0.23500943058797208,-0.044362815464168204,-1.019281998839323,1.0,0.0,0.0,1.0,0.0,0.0,0.0,4.26
STU-10786,2.559704500514979,-0.7849676730089549,0.18865304731640656,1.3918267423355148,-0.383576490197532,-0.2502223656006901,0.19016332025803184,1.0,0.0,0.0,1.0,0.0,0.0,0.0,4.62
STU-14327,-0.9540250270320775,2.1760020707418044,0.32491330883248415,-0.4796082633590175,1.0585876518438173,-0.7113477579064995,-0.7138665142187788,1.0,0.0,0.0,0.0,0.0,1.0,0.0,4.46
STU-10990,0.34735627946683245,0.5341953990344871,0.6339673802421404,1.6851113327801805,-0.17425336647781628,1.4048884174969465,-0.2954473002886335,1.0,0.0,0.0,0.0,0.0,0.0,1.0,4.66
STU-12896,-0.6937487657322955,-0.8972803184615697,0.37329557560268667,1.0845762190125323,0.14622755397581666,-0.8101603419720301,-1.4163221288460301,1.0,0.0,0.0,1.0,0.0,0.0,0.0,4.22
STU-10864,-0.6937487657322955,0.8527549025000858,1.5048481821057689,1.7968387958067198,1.0160012232249784,1.6107479676334684,-1.2880476253054018,0.0,1.0,0.0,0.0,0.0,1.0,0.0,6.07
STU-10138,0.6076325407666144,-1.158662475151292,-0.8836559672231641,-0.9265181154651749,-0.5835161635436046,-0.8513322519993344,0.35203352710692004,1.0,0.0,1.0,0.0,0.0,0.0,0.0,3.1
STU-13299,-0.9540250270320775,-0.8176404425951701,0.43352656076559065,0.16282464904358318,-1.075786406222383,1.5695760576061635,0.32149197864486573,1.0,0.0,0.0,1.0,0.0,0.0,0.0,4.54
STU-14926,-1.4745775496316413,-0.7686312882158471,-0.9636348163739057,0.567836702514788,-1.0050496264826179,-0.5713632638136648,-0.1580103322093886,1.0,0.0,0.0,0.0,0.0,0.0,1.0,3.93
STU-10424,-0.1731962431327315,-0.615477680780463,-0.002901233365615976,1.7968387958067198,0.3577160893202192,-0.9172073080430214,-0.3168263842120714,0.0,1.0,0.0,1.0,0.0,0.0,0.0,4.77
STU-13191,2.559704500514979,0.015515181853319404,-0.6614924973599934,1.7968387958067198,-0.06381737361879397,-0.7195821399119602,0.6207991535729988,0.0,1.0,0.0,0.0,0.0,1.0,0.0,5.26
STU-10967,0.8679088020663964,1.3040475324096845,1.3142812946231373,1.7968387958067198,1.0585876518438173,-1.7241767445781868,1.1736011807361837,1.0,0.0,0.0,0.0,0.0,1.0,0.0,5.25
STU-12396,0.34735627946683245,1.8635687115736208,1.037811198793414,1.4895882724837373,1.0585876518438173,-0.6454727018628125,-0.6375126430636426,1.0,0.0,0.0,0.0,1.0,0.0,0.0,5.96
STU-14414,-1.4745775496316413,-0.023283732030311134,0.18470347451883845,0.0929949846519964,-0.135997761108351,0.8449504411256057,-1.1170149539178968,1.0,0.0,0.0,1.0,0.0,0.0,0.0,4.62
STU-11697,1.1281850633661783,1.4122760816640227,1.5048481821057689,0.7074960312979617,1.0585876518438173,-0.8513322519993344,0.9384312575783649,0.0,1.0,0.0,1.0,0.0,0.0,0.0,5.77
STU-12101,-0.4334725044325135,0.25035071325424174,-1.3408190185415994,-1.010313712735079,0.4616558473051811,1.6354511136498504,-1.165881431457184,1.0,0.0,1.0,0.0,0.0,0.0,0.0,4.36
STU-14715,0.6076325407666144,-0.4296513037588637,0.3229385224337008,-0.2002896057926691,-0.30778708333349736,0.49087201489078824,-0.5245089137540415,0.0,1.0,1.0,0.0,0.0,0.0,0.0,4.86
STU-12974,2.4295663698650882,-1.0259293487072925,-0.2586360720081106,0.40024550797497904,-1.0678465635985317,0.9767005532129798,0.9781352705790354,1.0,0.0,0.0,0.0,1.0,0.0,0.0,3.65
STU-12549,0.6076325407666144,-0.5072491315261247,-1.3269955137501146,-1.1220411757616182,-1.238192278073886,-0.5631288818082033,1.136951322581718,1.0,0.0,0.0,0.0,0.0,0.0,1.0,2.59
STU-10701,1.9090138472655243,-1.0953589840779998,-0.41958116350898494,-0.6890972565337792,-0.6665236091565956,-0.8183947239774908,-0.3931802553672074,1.0,0.0,1.0,0.0,0.0,0.0,0.0,3.45
STU-11881,-0.4334725044325135,0.9548573074570085,0.0657225939921197,0.7773256956895485,1.0585876518438173,-0.7772228139501866,-0.4115051844444402,1.0,0.0,0.0,0.0,0.0,0.0,1.0,4.99
STU-11490,-0.4334725044325135,0.5239851585387947,-0.8323115208547872,-0.8427225181952698,1.0585876518438173,0.3755906668143363,-1.0742567860710208,1.0,0.0,0.0,0.0,0.0,1.0,0.0,3.8
STU-14174,-0.1731962431327315,0.6056670825043329,0.5451019922968715,0.2885180449484397,1.0585876518438173,-0.036128433458707504,-0.47564243621475444,1.0,0.0,0.0,0.0,0.0,1.0,0.0,4.39
STU-10149,-0.4334725044325135,-1.1076112726728304,-0.9893070395580948,-0.7309950551687304,-0.9985533916085574,-1.2795201162832994,-1.4529719870004953,0.0,1.0,1.0,0.0,0.0,0.0,0.0,2.9
STU-11421,2.4295663698650882,-0.13968047368120312,0.0657225939921197,-0.6751313236554608,-0.04360686512171793,-0.29962865763345575,2.5620963276923314,1.0,0.0,0.0,0.0,0.0,0.0,1.0,3.96
STU-13107,0.8679088020663964,-0.46232407334507897,-1.8670995938174673,-1.6946444237726321,0.1729342973469531,1.3554821254641807,-0.0663856868232254,0.0,1.0,0.0,1.0,0.0,0.0,0.0,2.5
STU-10202,-0.6937487657322955,-0.5807628630951094,-0.8816811808243807,-0.11649400852276522,-0.682403294404298,0.26030931873788427,-0.24658082274934637,1.0,0.0,1.0,0.0,0.0,0.0,0.0,4.56
STU-13535,-1.4745775496316413,0.5913727458103637,0.0657225939921197,0.6097345011497406,0.813896138254219,-0.06083157947509033,-1.5568132517714806,1.0,0.0,0.0,1.0,0.0,0.0,0.0,4.58
STU-11597,-0.1731962431327315,-2.2695366410826114,-2.537539576204546,-0.11649400852276522,-1.8344022787376275,-0.06906596148055104,-0.5733753912933284,0.0,1.0,0.0,0.0,0.0,0.0,1.0,2.04
STU-10414,0.08708001816705048,0.4382191383749796,-0.05918264573095329,0.023165320260409614,0.8694750366211775,-1.8476924746601002,2.001277144057858,1.0,0.0,0.0,0.0,0.0,0.0,1.0,4.44
STU-11740,1.1281850633661783,-0.7359585186296319,1.5048481821057689,-0.4516763976023833,-2.883183308960891,0.38382504881979695,0.08937621033325228,0.0,1.0,0.0,0.0,1.0,0.0,0.0,3.77
STU-14709,0.34735627946683245,0.4504714269698104,0.6300178074445723,1.1264740176474837,0.7474901817638264,-0.08553472549147244,-1.1536648120723623,1.0,0.0,0.0,1.0,0.0,0.0,0.0,4.74
STU-14847,-1.4745775496316413,-1.7590246162979977,0.0657225939921197,-0.8427225181952698,-1.813469966365656,0.013277858574057428,1.3996086393553864,1.0,0.0,0.0,0.0,1.0,0.0,0.0,1.79
STU-14116,0.34735627946683245,0.9507732112587317,0.8156477289302433,0.8331894272028181,0.10869375248124731,1.511935383567937,-0.1580103322093886,1.0,0.0,0.0,0.0,0.0,0.0,1.0,4.7
STU-11721,0.8679088020663964,0.49948058134913337,0.4285895947686302,1.6851113327801805,0.6991293221458231,0.18619988068873652,-1.361347341614332,1.0,0.0,0.0,0.0,0.0,0.0,1.0,5.12
STU-12623,0.6076325407666144,0.6791808140733172,0.9361096992560514,1.2940652121872926,0.8059562956303677,-0.9419104540594035,-0.1580103322093886,0.0,1.0,0.0,0.0,0.0,0.0,1.0,5.45
STU-11094,-1.4745775496316413,0.8364185177069785,0.21531266369998664,-1.2058367730315234,1.0585876518438173,0.44970010486348405,0.12908022333392297,1.0,0.0,0.0,0.0,1.0,0.0,0.0,4.25
STU-14938,-0.9540250270320775,0.9221845378707932,1.1651849215149659,0.3164499107050751,0.02279909136867464,0.36735628480887556,0.7276945731901892,1.0,0.0,0.0,0.0,0.0,1.0,0.0,5.12
STU-10047,0.6076325407666144,-0.41944106326317127,1.1948067174967216,-0.5215060619939701,-0.9711248443625261,-0.8019259599665687,-0.4115051844444402,1.0,0.0,0.0,0.0,0.0,1.0,0.0,4.12
STU-14353,0.34735627946683245,-2.2695366410826114,-2.508905173422182,-2.4627707320800893,-3.018160633566362,-0.7195821399119602,0.43449570795446707,1.0,0.0,1.0,0.0,0.0,0.0,0.0,1.6
STU-11939,-0.4334725044325135,-2.2103172462075964,-2.388443203096374,-2.2812136046619633,-2.9257697375797296,-1.4195046103761344,0.006914029485705235,1.0,0.0,1.0,0.0,0.0,0.0,0.0,1.58
STU-12967,-0.4334725044325135,0.6077091306034713,0.22222441609573046,0.3024839778267568,0.5323926270449463,-0.2913942756279943,-1.0803650957634316,1.0,0.0,0.0,0.0,0.0,1.0,0.0,4.92
STU-12797,-0.9540250270320775,-0.6522345465649552,0.0657225939921197,-2.532600396471677,-1.662612956512482,-1.9135675307037874,-1.1964229799192385,1.0,0.0,0.0,0.0,0.0,1.0,0.0,2.93
STU-13579,0.34735627946683245,-0.4031046784700636,-1.0613867431137003,1.4616564067271016,-1.2670644330697094,0.3755906668143363,0.14129684271874476,1.0,0.0,0.0,0.0,0.0,0.0,1.0,4.69
STU-14877,0.6076325407666144,-0.3806421493795407,1.5048481821057689,-0.14442587427939943,1.0585876518438173,1.4625290915351714,-1.3033183995364288,1.0,0.0,0.0,1.0,0.0,0.0,0.0,5.15
STU-11387,-1.4745775496316413,2.1126985796685127,1.5048481821057689,1.7968387958067198,1.0585876518438173,-1.312457644305143,0.21765071387388077,0.0,1.0,0.0,0.0,0.0,0.0,1.0,6.61
STU-12220,-0.9540250270320775,-0.23974083053898743,-0.16285893166709933,-0.07459620988781264,0.3642123241942785,-0.6619414658737338,-0.5642129267547122,0.0,1.0,0.0,0.0,0.0,0.0,1.0,4.11
STU-13189,-0.4334725044325135,0.197257462676642,0.006972698628302161,0.023165320260409614,1.0585876518438173,0.268543700743345,-0.7260831336036006,0.0,1.0,0.0,0.0,1.0,0.0,0.0,5.09
STU-11314,-0.1731962431327315,0.6036250344051945,-0.31590487757283886,-0.9265181154651749,0.12890426097832336,1.1825601033495017,1.6072911688973563,1.0,0.0,0.0,0.0,0.0,1.0,0.0,4.45
STU-14570,0.08708001816705048,-0.023283732030311134,-0.5143709106506053,-0.4656423304807004,1.0585876518438173,-0.1267066355187774,-1.187260515380622,1.0,0.0,1.0,0.0,0.0,0.0,0.0,5.01
STU-13674,-0.6937487657322955,-0.8196824906943085,-1.2529410237957244,-2.323111403296916,-1.8221316128644025,-0.20905045557338586,0.08021374579463589,1.0,0.0,0.0,0.0,0.0,1.0,0.0,2.56
STU-11304,-0.1731962431327315,1.5184625828192224,1.5048481821057689,1.5175201382403714,1.0585876518438173,0.3591219028034149,1.576749620435302,1.0,0.0,0.0,1.0,0.0,0.0,0.0,5.75
STU-12798,0.6076325407666144,-0.7094118933408318,1.5048481821057689,-1.2198027059098404,1.0585876518438173,-0.5219569717808991,0.730748728036395,1.0,0.0,0.0,0.0,0.0,1.0,0.0,4.53
STU-11838,-0.4334725044325135,-0.9401633285434774,-0.4442659934937817,-0.7030631894120962,-2.023514893960267,1.215497631371346,1.717240743360752,0.0,1.0,0.0,0.0,0.0,0.0,1.0,3.55
STU-10345,-0.1731962431327315,-2.169476284224827,-0.7957779724772875,-2.3929410676885023,-2.2234545673063395,2.3353735841140244,-0.2160392742872918,1.0,0.0,0.0,0.0,0.0,1.0,0.0,2.92
STU-10044,2.4295663698650882,-0.4337353999571405,0.12151030975775873,-1.2337686387881577,0.1729342973469531,-0.1431753995296988,-0.49091321044578157,1.0,0.0,0.0,0.0,1.0,0.0,0.0,2.89
STU-12294,-0.6937487657322955,-2.177644476621381,-0.7394965601119516,0.4561092394882487,-1.6597257410128994,-0.8925041620266386,-1.48351353546255,0.0,1.0,1.0,0.0,0.0,0.0,0.0,3.49
STU-12154,-0.4334725044325135,0.22176203986630327,1.5048481821057689,-0.4935741962373346,-0.9646286094884657,0.20266864469965792,-0.3229346939044824,1.0,0.0,0.0,0.0,0.0,0.0,1.0,4.34
STU-11703,-0.6937487657322955,0.5852466015129485,1.5048481821057689,0.7214619641762801,1.0585876518438173,0.24384055472696214,-1.181152205688211,0.0,1.0,0.0,0.0,0.0,0.0,1.0,5.37
STU-11016,0.34735627946683245,-0.8564393564788007,-0.9271012679964061,-0.772892853803683,-1.311094469438339,-0.26669112961161223,0.006914029485705235,1.0,0.0,1.0,0.0,0.0,0.0,0.0,3.53
STU-10909,-1.2143012883318594,0.18908927028008798,-0.16878329086345079,-0.22822147154930458,1.0585876518438173,-0.052597197469628904,0.6879905601895187,1.0,0.0,0.0,1.0,0.0,0.0,0.0,4.27
STU-13516,0.8679088020663964,0.21971999176716486,-0.9369751999903256,1.1823377491607534,1.0585876518438173,-0.5384257357918212,-0.723028978757395,1.0,0.0,0.0,0.0,0.0,1.0,0.0,4.47
STU-11045,1.9090138472655243,0.8915538163837167,0.6438413122360584,0.651632299784692,1.0585876518438173,-1.5265515764471256,-0.8177077789897638,1.0,0.0,0.0,0.0,0.0,0.0,1.0,5.67
STU-11405,0.8679088020663964,-1.8325383478669819,-1.0989076846905923,-0.605301659263874,-2.520837763763315,-2.6134900011679614,-0.038898293207376214,0.0,1.0,0.0,0.0,0.0,0.0,1.0,2.38
STU-10234,-1.4745775496316413,-0.345927331694187,-0.478824755472498,0.051097186017043834,-1.352959094182282,-0.2749255116170729,1.3812837102781537,0.0,1.0,0.0,0.0,0.0,1.0,0.0,4.03
STU-10225,-0.9540250270320775,-0.023283732030311134,0.08398936818086812,0.5818026353931052,1.0585876518438173,-1.246582588261456,-0.24047251305693534,0.0,1.0,1.0,0.0,0.0,0.0,0.0,5.47
STU-13145,-0.1731962431327315,-0.503165035327848,0.028695349014923186,-1.1360071086399353,0.7482119856387224,1.5448729115897812,-1.144502347533746,1.0,0.0,1.0,0.0,0.0,0.0,0.0,4.86
STU-14229,-0.1731962431327315,-0.7257482781339395,0.23802270728600003,0.7354278970545971,0.14983657335029432,0.10385606063412732,0.14129684271874476,1.0,0.0,0.0,0.0,0.0,1.0,0.0,8.007299994402032
STU-11534,-0.4334725044325135,-1.8141599149747358,-1.5659446680029458,-2.6984458494016956,-1.147244989837045,1.0837475192839718,0.7765610507294762,1.0,0.0,0.0,0.0,0.0,0.0,1.0,1.95
STU-12451,0.08708001816705048,-2.2286956790998422,-0.15397239287257217,-0.7868587866820002,-2.251604918427267,0.6308565089836231,1.0667057611189934,1.0,0.0,0.0,1.0,0.0,0.0,0.0,3.49
STU-14897,-0.1731962431327315,-1.2280921105219995,-1.3092224361610603,-1.010313712735079,-1.3753350143040448,-0.9172073080430214,-0.4298301135216727,1.0,0.0,0.0,0.0,0.0,1.0,0.0,2.2
STU-10968,0.8679088020663964,1.1774405502631,-0.4748751826749299,0.553870769636471,1.0585876518438173,-0.21728483757884656,-0.5947544752167665,1.0,0.0,1.0,0.0,0.0,0.0,0.0,5.21
STU-11013,-0.1731962431327315,0.18092107788353434,1.5048481821057689,-0.9265181154651749,0.7532646127629908,-0.06906596148055104,1.194980264659622,1.0,0.0,0.0,0.0,0.0,1.0,0.0,4.38
STU-11095,0.34735627946683245,-1.3404047559746144,-1.9944733165390176,0.07902905177367806,-1.3904928956768525,0.9602317892020584,-0.1580103322093886,1.0,0.0,0.0,0.0,0.0,1.0,0.0,3.13
STU-12114,0.34735627946683245,-0.3500114278924638,-0.17865722285736893,-0.4935741962373346,-0.1677571316037559,2.718272347367955,-1.5232175484632207,1.0,0.0,0.0,0.0,0.0,0.0,1.0,4.07
STU-13566,0.34735627946683245,-0.06820879021135727,0.4098291239801849,0.819223494324501,-1.445349990168915,0.8284816771146842,-0.1580103322093886,1.0,0.0,0.0,1.0,0.0,0.0,0.0,5.1
STU-11067,-1.4745775496316413,-1.5915766721686444,-2.3607961935134014,-1.8063718867991716,-1.1616810673349567,0.9108254971692927,-1.5568132517714806,1.0,0.0,0.0,1.0,0.0,0.0,0.0,2.22
STU-10547,-0.9540250270320775,-1.1280317536642153,-0.0473339273382504,0.9169850244727232,-1.0187639001056334,1.511935383567937,-0.9490364373765977,1.0,0.0,0.0,0.0,0.0,0.0,1.0,3.94
STU-14663,0.8679088020663964,-0.05391445351738803,0.08793894097843621,-1.4851554305978705,0.39813710631437027,0.02151224057951886,0.1077011394104848,1.0,0.0,0.0,1.0,0.0,0.0,0.0,3.92
STU-12745,-0.1731962431327315,-1.630375586052275,0.0657225939921197,-1.3035983031797445,-0.8910046142491178,0.11209044263958802,0.9628644963480084,1.0,0.0,0.0,0.0,1.0,0.0,0.0,2.9
STU-14763,-1.4745775496316413,0.34224287771547207,1.5048481821057689,-0.4935741962373346,0.1729342973469531,-0.3737380956826035,-0.8543576371442291,1.0,0.0,0.0,0.0,0.0,0.0,1.0,5.76
STU-11189,0.08708001816705048,0.7322740646509169,1.081256499566656,1.7968387958067198,0.13684410360217458,-0.26669112961161223,1.4454209620484681,1.0,0.0,0.0,0.0,1.0,0.0,0.0,5.45
STU-14251,1.6487375859657423,0.9446470669613161,0.3071402312434312,0.4840411052448829,0.2819266824561835,-0.6043007918355082,0.9384312575783649,0.0,1.0,0.0,0.0,0.0,0.0,1.0,4.65
STU-11739,-0.1731962431327315,-0.5725946706985553,-0.3534258191497295,-0.3259830016975256,-1.2778914911931434,0.24384055472696214,0.019130648870527008,1.0,0.0,0.0,0.0,0.0,0.0,1.0,3.13
STU-12758,-1.4745775496316413,0.39125203209479503,0.23901010048539242,-0.14442587427939943,0.5807534866629496,1.1249194293112754,-0.4359384232140837,1.0,0.0,1.0,0.0,0.0,0.0,0.0,4.92
STU-12918,1.6487375859657423,1.3040475324096845,-0.046346534138858024,0.40024550797497904,1.0585876518438173,1.6025135856280062,-1.1414481926875404,0.0,1.0,1.0,0.0,0.0,0.0,0.0,5.04
STU-10410,-0.1731962431327315,-0.7665892401167088,-0.3238040231679737,-2.2253498731486934,-0.5878469867929782,1.0261068452457456,-0.46953412652234344,1.0,0.0,0.0,0.0,0.0,1.0,0.0,2.95
STU-14879,-0.6937487657322955,0.2952757714352879,-1.6034656095798379,1.5454520039970068,0.23212221508838934,-0.637238319857351,0.26957134625937323,1.0,0.0,0.0,0.0,0.0,0.0,1.0,4.81
STU-10912,-0.1731962431327315,-1.4057502951470449,-0.4551273186870922,-1.345496101814697,-0.9523579436152408,-1.2301138242505345,1.002568509348679,1.0,0.0,0.0,0.0,0.0,1.0,0.0,2.84
STU-13331,1.1281850633661783,-0.18664757996138764,0.0657225939921197,0.21868838055685288,1.0585876518438173,1.6519198776607718,1.680590885206287,0.0,1.0,0.0,0.0,0.0,1.0,0.0,4.95
STU-11038,-1.4745775496316413,-1.032055493004708,1.4426424105440816,0.26058617919180543,-0.28035853608746497,-0.8266291059829515,-1.0925817151482533,1.0,0.0,0.0,0.0,0.0,1.0,0.0,4.04
STU-14121,2.4295663698650882,2.359786399664266,1.2708359938498952,1.7968387958067198,1.0585876518438173,-2.716419776236223,-1.0040112246082957,1.0,0.0,0.0,0.0,1.0,0.0,0.0,4.76
STU-12594,0.34735627946683245,-0.6951175566468626,-0.6397698469733724,0.03713125313872672,-0.2897419864611081,-1.9959113507583959,0.33981690772209827,0.0,1.0,0.0,0.0,0.0,1.0,0.0,4.19
STU-12469,0.6076325407666144,-0.3990205822717868,0.46512314314612985,0.5259389038798356,0.1967538252185068,0.12855920665051015,-0.5611587719085066,0.0,1.0,0.0,0.0,0.0,1.0,0.0,4.48
STU-14304,-0.4334725044325135,0.21359384746974963,-0.08979183491210148,-0.4935741962373346,1.0585876518438173,0.21913740871057932,-1.336914102844689,1.0,0.0,1.0,0.0,0.0,0.0,0.0,5.27
STU-13224,0.34735627946683245,1.5715558333968218,-0.8668702828335021,0.40024550797497904,1.0585876518438173,1.618982349638929,-0.5886461655243558,1.0,0.0,0.0,0.0,1.0,0.0,0.0,4.75
STU-14166,0.6076325407666144,0.9099322492759627,-0.18161940245554464,-0.2980511359408914,0.844933704874729,0.5567470709344753,-1.0101195343007066,0.0,1.0,0.0,0.0,1.0,0.0,0.0,5.26
STU-14369,-1.4745775496316413,2.0718576176857435,1.5048481821057689,1.0426784203775796,1.0585876518438173,1.2484351593931888,-1.0162278439931174,1.0,0.0,0.0,1.0,0.0,0.0,0.0,5.8
STU-10623,0.6076325407666144,1.024286942827716,-0.3445392803552037,0.5957685682714223,0.9041216226161652,0.07915291461774449,-1.4254845933846463,1.0,0.0,0.0,0.0,0.0,1.0,0.0,4.65
STU-12430,-1.2143012883318594,-0.1601009546725876,-0.01672473815710221,0.051097186017043834,0.2696560165829587,-0.5878320278245861,1.176655335582389,1.0,0.0,0.0,0.0,0.0,1.0,0.0,4.14
STU-14053,-1.4745775496316413,0.5525738319267331,0.22518659569390617,-0.1025280756444481,1.0585876518438173,-0.8019259599665687,-0.5458879976774794,1.0,0.0,0.0,1.0,0.0,0.0,0.0,5.08
STU-14745,0.6076325407666144,0.6424239482888251,0.2755436488628906,1.0985421518908494,0.4905280023010033,-0.5219569717808991,-0.21909342913349744,0.0,1.0,0.0,0.0,1.0,0.0,0.0,5.34
STU-13186,2.559704500514979,-1.4404651128323989,-0.5370809542366186,-1.6387806922593624,-1.5788837070245956,0.19443426269419722,-1.1017441796868697,1.0,0.0,0.0,0.0,0.0,0.0,1.0,2.95
STU-13029,-0.4334725044325135,1.3183418691036537,1.3103317218255706,1.6851113327801805,1.0585876518438173,1.0837475192839718,-0.5519963073698905,1.0,0.0,1.0,0.0,0.0,0.0,0.0,6.0
STU-10357,-1.4745775496316413,-0.004905299138065071,1.1464244507265207,0.6376663669063749,-0.2846893593368386,-0.5713632638136648,2.5620963276923314,0.0,1.0,0.0,1.0,0.0,0.0,0.0,4.63
STU-14068,2.559704500514979,0.867049239194055,0.08596415457965147,-1.094109310004984,1.0585876518438173,0.47440325087986684,-1.2636143865357583,1.0,0.0,0.0,0.0,0.0,0.0,1.0,4.59
STU-13529,0.08708001816705048,-1.1668306675478457,-1.8572256618235476,-1.5549850949894586,-1.239635885823678,0.5155751609071711,-0.8421410177594073,1.0,0.0,1.0,0.0,0.0,0.0,0.0,3.47
STU-13385,0.6076325407666144,-0.9258689918495081,-1.064348922711876,-1.9320652827040279,-0.9422526893667028,-1.3865670823542908,0.4528206370316996,1.0,0.0,0.0,0.0,0.0,1.0,0.0,1.74
STU-10095,-0.4334725044325135,-0.30508636971141806,-2.8061105264391344,-0.15839180715771778,-1.0541322899755161,0.7873097670873801,-0.6985957399877515,1.0,0.0,0.0,0.0,1.0,0.0,0.0,3.43
STU-11359,-0.6937487657322955,1.0508335681165164,1.5048481821057689,1.1264740176474837,1.0585876518438173,0.07915291461774449,-0.16106448705559395,1.0,0.0,0.0,0.0,0.0,1.0,0.0,5.64
STU-13902,-0.1731962431327315,0.027767470448150235,-2.837830532969599,-1.345496101814697,1.0585876518438173,0.6308565089836231,-1.1170149539178968,1.0,0.0,0.0,0.0,0.0,1.0,0.0,3.56
STU-14524,-1.4745775496316413,-1.0259293487072925,-1.5817429591932168,-2.6984458494016956,-0.013291102376103864,-0.7360509039228816,-0.20076850005626465,0.0,1.0,0.0,0.0,1.0,0.0,0.0,2.37
STU-13180,0.08708001816705048,0.6036250344051945,0.3683586096057262,-0.5354719948722872,0.2119117065913133,0.11209044263958802,-0.6344584882174372,1.0,0.0,0.0,0.0,0.0,1.0,0.0,4.05
STU-11793,-0.4334725044325135,-0.6216038250778783,0.0622667177942471,-1.2896323703014272,0.23573123446286698,1.1002162832948932,0.4925246500323703,1.0,0.0,0.0,0.0,0.0,0.0,1.0,2.4
STU-10293,-1.2143012883318594,-0.6297720174744323,-1.1769117474425492,-0.9404840483434921,0.05383665798918362,-0.29962865763345575,-0.8635201016828453,1.0,0.0,0.0,0.0,0.0,0.0,1.0,3.54
STU-12560,0.08708001816705048,2.4904774780091263,0.8304586269211219,0.8890531587160878,1.0585876518438173,0.9108254971692927,-0.9246031986069542,1.0,0.0,0.0,0.0,0.0,1.0,0.0,5.93
STU-13947,-0.1731962431327315,0.029809518547288645,0.40390476478383347,-0.27011927018425713,-0.8715159096269367,0.3920594308252584,-0.7352455981422168,1.0,0.0,0.0,1.0,0.0,0.0,0.0,4.01
STU-11469,1.6487375859657423,0.32182239672408763,0.7929376853442314,1.7968387958067198,0.9106178574902256,1.4131227995024072,-0.20993096459488106,1.0,0.0,0.0,0.0,0.0,0.0,1.0,5.61
STU-14293,1.3884613246659603,-0.26424540772864874,-0.15792196567014027,-2.3650092019318683,1.0585876518438173,0.836716059120145,-1.040661082762761,1.0,0.0,1.0,0.0,0.0,0.0,0.0,3.32
STU-12577,1.3884613246659603,1.2897531957157151,0.12447248935593445,-0.2980511359408914,0.08415242073479769,-1.4689109024089,-1.0437152376089665,1.0,0.0,0.0,0.0,0.0,0.0,1.0,3.84
STU-11830,-0.4334725044325135,0.10536529821541167,-0.5360935610372263,-0.7030631894120962,0.1729342973469531,0.8531848231310664,-0.08165646105425256,1.0,0.0,0.0,1.0,0.0,0.0,0.0,4.57
STU-12417,-0.6937487657322955,0.6853069583707327,-1.0682984955094441,-1.2756664374231101,1.0585876518438173,2.1953890900211896,0.4711455661089324,1.0,0.0,0.0,0.0,0.0,0.0,1.0,4.33
STU-12319,-0.1731962431327315,-0.7951779135046468,-0.8362610936523539,-0.605301659263874,0.8066780995052637,0.672028419010928,-0.729137288449806,1.0,0.0,0.0,0.0,0.0,0.0,1.0,3.47
STU-10160,-0.4334725044325135,0.044103855241257886,1.4001845029702304,0.023165320260409614,1.0585876518438173,0.5073407789017104,0.9414854124245703,0.0,1.0,0.0,0.0,0.0,0.0,1.0,5.68
STU-14214,0.34735627946683245,0.09719710581885767,0.4670979295449132,0.3024839778267568,-0.20456912922343035,0.4579344868689447,0.9017813994238993,1.0,0.0,0.0,0.0,0.0,1.0,0.0,4.0
STU-11978,-0.4334725044325135,0.6097511787026098,0.20148915890850042,-1.359462034693014,-0.38141107857284523,-0.24198798359522938,0.9231604833473375,0.0,1.0,0.0,0.0,0.0,1.0,0.0,4.1
STU-14572,-0.1731962431327315,-1.6834688366298747,-0.29516962038561023,0.10696091753031352,-0.7350949772716739,-0.34080056766076,-0.1580103322093886,1.0,0.0,1.0,0.0,0.0,0.0,0.0,3.98
STU-11361,-1.4745775496316413,0.3667474549051337,0.7001227246013944,1.6013157355102765,0.8867983296186719,-1.106598094168621,-1.181152205688211,1.0,0.0,0.0,0.0,1.0,0.0,0.0,5.26
STU-11202,-0.1731962431327315,-0.8462291159831085,-0.4817869350706737,0.2885180449484397,-1.7218008742539188,0.16973111667781438,0.3550876819531257,1.0,0.0,0.0,0.0,1.0,0.0,0.0,3.38
STU-10401,0.34735627946683245,-1.0974010321771384,-0.7473957057070865,0.20472244767853576,0.003310386746493509,-0.9830823640867085,0.3764667658765636,0.0,1.0,0.0,0.0,0.0,0.0,1.0,4.15
STU-11090,0.08708001816705048,-0.6216038250778783,-1.4721423140607193,0.8052575614461839,-0.5604184395469469,0.606153362967241,-0.008356744745321915,0.0,1.0,0.0,0.0,0.0,0.0,1.0,4.43
STU-10297,-1.4745775496316413,1.5838081219916529,1.5048481821057689,1.0147465546209455,1.0585876518438173,-0.18434730955700304,0.08021374579463589,0.0,1.0,1.0,0.0,0.0,0.0,0.0,5.63
STU-12148,-1.4745775496316413,-0.22136239764674137,0.0657225939921197,0.5399048367581526,0.8485427242492066,0.02151224057951886,-0.1580103322093886,1.0,0.0,0.0,1.0,0.0,0.0,0.0,4.05
STU-12211,-1.2143012883318594,-0.3193807064053869,-0.26851000400202873,-0.22822147154930458,-2.0040261893380866,-0.6701758478791946,-0.646675107602259,1.0,0.0,0.0,0.0,0.0,0.0,1.0,3.38
STU-12662,-0.1731962431327315,1.2407440413363926,-1.0218910151380265,-0.17235774003603488,1.0585876518438173,1.5778104396116241,-0.6619458818332862,0.0,1.0,0.0,0.0,0.0,1.0,0.0,4.74
STU-14324,-1.4745775496316413,-1.334278611677199,1.2333150522730048,0.27455211207012253,-1.2338614548245137,-0.7854571959556473,-0.16717279674800498,1.0,0.0,0.0,0.0,0.0,0.0,1.0,3.83
STU-11350,-0.4334725044325135,-1.6426278746471057,-0.5982993325989137,-2.1415542758787898,-2.7980104517232136,0.14502797066143155,-0.03278998351496546,1.0,0.0,0.0,1.0,0.0,0.0,0.0,2.13
STU-12209,0.8679088020663964,0.18908927028008798,-1.1512395242583615,1.4616564067271016,0.8420464893751463,0.7543722390655365,-0.4023427199058238,0.0,1.0,0.0,1.0,0.0,0.0,0.0,4.28
STU-13824,-0.9540250270320775,-2.0918784564575654,-0.3139300911740555,-1.9879290142172976,-2.068988538078688,1.3719508894751022,-0.2679599066727843,1.0,0.0,0.0,0.0,0.0,0.0,1.0,2.08
STU-10386,-0.6937487657322955,-0.7380005667287702,-0.7681309628943152,-0.7030631894120962,-0.30345626008412374,-1.312457644305143,2.337234177140457,1.0,0.0,0.0,1.0,0.0,0.0,0.0,3.29
STU-14092,1.9090138472655243,-0.6318140655735707,-0.9567230639781633,-0.9125521825868579,-1.352959094182282,-0.4478475337317513,-0.1580103322093886,1.0,0.0,0.0,0.0,0.0,0.0,1.0,3.15
STU-14257,-0.6937487657322955,2.595387699102364,0.6290304142451799,0.051097186017043834,1.0585876518438173,-1.600661014496274,-0.3779094811361802,0.0,1.0,0.0,0.0,1.0,0.0,0.0,4.43
STU-10741,1.6487375859657423,1.3959396968709148,0.13533381454924495,-0.17235774003603488,1.0585876518438173,-0.26669112961161223,0.019130648870527008,1.0,0.0,0.0,0.0,0.0,1.0,0.0,4.9
STU-12102,-0.6937487657322955,-0.023283732030311134,-1.015966655941675,-0.7170291222904134,0.680362421398539,0.7461378570600758,-0.756624682065655,1.0,0.0,1.0,0.0,0.0,0.0,0.0,4.41
STU-14024,1.1281850633661783,0.01959927805159659,0.134346421349854,0.06506311889536094,0.60673842615919,1.380185271480563,0.7276945731901892,1.0,0.0,0.0,0.0,1.0,0.0,0.0,4.48
STU-13519,0.34735627946683245,0.3034439638318415,-0.29122004758804215,0.20472244767853576,1.0585876518438173,0.9025911151638321,-0.014465054437732936,1.0,0.0,0.0,0.0,0.0,1.0,0.0,5.16
STU-14894,0.34735627946683245,-1.43842306473326,-1.9895363505420585,0.3164499107050751,-2.4890783932679095,-0.7689884319447252,-1.5384883226942476,0.0,1.0,0.0,0.0,0.0,1.0,0.0,1.93
STU-13663,1.1281850633661783,1.001824413737193,1.363650954592731,1.7968387958067198,0.8304976273768173,-0.044362815464168204,-0.7963286950663256,1.0,0.0,0.0,0.0,0.0,0.0,1.0,5.43
STU-13387,-0.4334725044325135,1.7512560661210064,0.7376436661782864,0.8331894272028181,0.9301065621124057,-0.5219569717808991,-1.1353398829951296,0.0,1.0,0.0,0.0,0.0,0.0,1.0,5.8
STU-11092,1.1281850633661783,-0.10088155979757257,-0.1115144852987225,-0.772892853803683,0.7178962228931083,1.1660913393385803,-1.1292315733027187,1.0,0.0,0.0,1.0,0.0,0.0,0.0,3.84
STU-14619,0.34735627946683245,-0.8564393564788007,-2.0152085737262477,-0.7309950551687304,-1.4908236342873358,0.18619988068873652,0.18100085571941546,1.0,0.0,0.0,1.0,0.0,0.0,0.0,2.51
STU-10340,-1.2143012883318594,2.595387699102364,1.5048481821057689,0.023165320260409614,1.0585876518438173,-0.3490349496662207,-0.9215490437607488,1.0,0.0,1.0,0.0,0.0,0.0,0.0,5.84
STU-10807,-0.9540250270320775,-0.772715384414124,-1.1887604658352522,0.06506311889536094,0.5194001572968265,0.17796549868327508,-1.0009570697620902,0.0,1.0,0.0,0.0,1.0,0.0,0.0,4.1
STU-12107,0.6076325407666144,0.2095097512714728,0.43451395396498166,0.34438177646170937,-0.09485494023930398,0.20266864469965792,2.5620963276923314,1.0,0.0,0.0,0.0,1.0,0.0,0.0,3.98
STU-13445,0.6076325407666144,-0.5317537087157864,0.0657225939921197,-0.605301659263874,-1.6337408015166588,0.5238095429126318,-1.1536648120723623,1.0,0.0,0.0,0.0,0.0,1.0,0.0,3.24
STU-11443,-1.4745775496316413,0.5770784091163944,1.5048481821057689,1.0706102861342153,0.5280618037955737,0.02151224057951886,1.7141865885145466,1.0,0.0,1.0,0.0,0.0,0.0,0.0,5.86
STU-12374,2.1692901085653062,-0.5378798530132016,0.05930453819607138,-0.5773697935072397,1.0585876518438173,0.12032482464504946,-0.6558375721408755,1.0,0.0,0.0,0.0,0.0,0.0,1.0,3.47
STU-12997,-0.4334725044325135,0.2993598676335647,1.3053947558286116,0.553870769636471,1.0585876518438173,0.6555596550000059,0.12908022333392297,0.0,1.0,0.0,0.0,1.0,0.0,0.0,4.9
STU-12960,0.34735627946683245,0.4606816674655025,-0.2675226108026378,-0.28408520306257423,1.0585876518438173,0.8778879691474499,0.41617077887723425,0.0,1.0,0.0,0.0,1.0,0.0,0.0,4.34
STU-14520,0.8679088020663964,0.5750363610172561,0.16989257652796125,-0.4656423304807004,0.02279909136867464,0.7708410030764586,-0.24047251305693534,1.0,0.0,0.0,0.0,0.0,0.0,1.0,3.38
STU-14052,1.6487375859657423,0.08902891342230403,0.047455819803368486,0.2885180449484397,0.05672387348876635,0.5320439249180933,-1.3002642446902233,1.0,0.0,0.0,0.0,0.0,0.0,1.0,3.7
STU-14352,-0.1731962431327315,-0.5133752758235404,-1.158151276654104,0.4421433066099316,-0.569801889920589,1.4625290915351714,0.8009942894991198,0.0,1.0,0.0,0.0,1.0,0.0,0.0,4.32
STU-12874,0.8679088020663964,0.8609230948966394,1.2264032998772623,1.7968387958067198,1.0585876518438173,0.7955441490928408,2.092901789444021,0.0,1.0,0.0,0.0,1.0,0.0,0.0,5.77
STU-12455,-0.9540250270320775,-0.5092911796252635,0.7139462293928807,-1.3873939004496496,1.0585876518438173,0.6226221269781624,1.0819765353500204,1.0,0.0,0.0,0.0,0.0,0.0,1.0,3.39
STU-11543,-0.4334725044325135,0.5423635914310407,0.16001864453404172,-0.17235774003603488,0.9358809931115701,0.02151224057951886,-0.1580103322093886,0.0,1.0,0.0,0.0,0.0,1.0,0.0,4.5
STU-12800,1.3884613246659603,0.42800889787928753,0.09682547977296198,0.9169850244727232,0.6507684625278197,-0.15964416354062091,0.09548452002566303,1.0,0.0,0.0,0.0,0.0,0.0,1.0,4.89
STU-13125,-0.9540250270320775,-0.6073094883839091,-0.3968711199229729,-1.0382455784917144,-0.2348848919690444,-0.5137225897754384,-0.9673613664538304,1.0,0.0,0.0,1.0,0.0,0.0,0.0,3.7
STU-10310,-0.4334725044325135,0.17887902978439593,0.48980797313092655,0.14885871616526608,0.46093404343028516,1.0919819012894325,-0.04806075774599261,1.0,0.0,1.0,0.0,0.0,0.0,0.0,3.96
STU-11238,-1.4745775496316413,0.2666870980473494,0.11756073696019204,1.0147465546209455,0.1729342973469531,-0.3902068596935249,-0.7932745402201201,1.0,0.0,0.0,0.0,0.0,0.0,1.0,5.17
STU-12000,0.34735627946683245,0.11353349061196531,-0.2398756012196653,1.713043198536816,0.26315978170889937,0.20266864469965792,-0.1580103322093886,0.0,1.0,0.0,0.0,1.0,0.0,0.0,4.96
STU-13560,0.08708001816705048,0.33407468531891843,0.5431272058980882,-0.2980511359408914,1.0585876518438173,0.36735628480887556,0.8865106251928725,0.0,1.0,0.0,1.0,0.0,0.0,0.0,3.88
STU-10098,-0.6937487657322955,-0.8829859817676006,-0.8431728460480977,-1.513087296354506,-1.0404180163525003,2.5824050442778512,-0.2954473002886335,1.0,0.0,0.0,0.0,0.0,0.0,1.0,3.63
STU-11594,1.1281850633661783,-1.2811853610995994,-0.10164055330480296,1.7968387958067198,-0.8404783430064278,-0.4643162977426727,-0.729137288449806,1.0,0.0,0.0,0.0,0.0,0.0,1.0,4.06
STU-12523,1.3884613246659603,-1.787613289685936,-2.016195966925639,-1.4153257662062837,-0.32222316083140795,-0.3490349496662207,1.537045607434631,0.0,1.0,0.0,0.0,0.0,1.0,0.0,2.88
STU-11722,0.8679088020663964,0.7159376798578093,0.8758787140931473,0.023165320260409614,0.6089038377838768,0.7708410030764586,0.025238958562938032,1.0,0.0,1.0,0.0,0.0,0.0,0.0,5.03
STU-12035,0.8679088020663964,0.5770784091163944,-0.20827901883912472,0.35834770934002647,-0.27169688958871885,-1.8888643846874045,-0.6008627849091775,1.0,0.0,0.0,0.0,1.0,0.0,0.0,4.39
STU-10816,-0.1731962431327315,-0.11313384839240304,0.21037569770302758,1.4616564067271016,0.21696433371558282,0.02151224057951886,-1.4987843096935771,1.0,0.0,0.0,0.0,0.0,0.0,1.0,4.13
STU-14541,-0.4334725044325135,-1.0831066954831692,-1.4069743629008549,-1.2477345716664747,0.1729342973469531,0.06268415060682309,-1.575138180848713,1.0,0.0,0.0,1.0,0.0,0.0,0.0,2.48
STU-12436,-0.1731962431327315,-1.6017869126643367,0.0657225939921197,-0.24218740442762168,-0.23416308809414846,0.14502797066143155,-0.7902203853739148,1.0,0.0,0.0,0.0,0.0,1.0,0.0,2.88
STU-13028,-0.9540250270320775,-0.6726550275563397,-0.9952313987544449,-1.1080752428833012,0.18231774772059517,0.5155751609071711,-1.181152205688211,1.0,0.0,1.0,0.0,0.0,0.0,0.0,2.83
STU-13584,-1.4745775496316413,1.3571407829872846,1.0773069267690893,1.7968387958067198,1.0585876518438173,-0.26669112961161223,-1.0925817151482533,0.0,1.0,0.0,0.0,1.0,0.0,0.0,5.76
STU-10775,-0.9540250270320775,0.1359960197024882,0.37823254159964576,0.8611212929594536,0.29708456382899107,2.063638977933816,-0.7657871466042713,1.0,0.0,0.0,1.0,0.0,0.0,0.0,4.33
STU-14862,0.8679088020663964,0.9364788745647624,1.5048481821057689,0.023165320260409614,1.0585876518438173,-0.3819724776880642,-0.7474622175270386,1.0,0.0,0.0,0.0,1.0,0.0,0.0,4.47
STU-10776,0.34735627946683245,1.079422241504454,-0.03153563614798082,0.9449168902293574,0.1130245757306209,-1.3700983183433695,2.3708298804487167,1.0,0.0,0.0,0.0,0.0,0.0,1.0,4.87
STU-14784,1.6487375859657423,-0.1355963774829263,0.7376436661782864,1.0845762190125323,1.0585876518438173,-0.90897292603756,1.4454209620484681,1.0,0.0,0.0,0.0,0.0,1.0,0.0,4.98
STU-10601,1.9090138472655243,1.3632669272846993,-1.1068068302857272,0.051097186017043834,1.0044523612266496,-1.2877544982887603,0.3123295141062493,1.0,0.0,0.0,0.0,0.0,0.0,1.0,4.1
STU-12711,0.34735627946683245,-0.4296513037588637,-0.1490354268756131,-0.43771046472406494,-0.2161179912217592,0.02151224057951886,-0.9551447470690086,1.0,0.0,1.0,0.0,0.0,0.0,0.0,3.54
STU-13406,-0.4334725044325135,0.7690309304354095,0.0657225939921197,1.1823377491607534,1.0585876518438173,0.9767005532129798,-1.4774052257701389,0.0,1.0,0.0,0.0,1.0,0.0,0.0,5.33
STU-11110,1.9090138472655243,1.1611041654699927,0.8699543548967958,0.8471553600811365,0.4638212589298679,0.15326235266689298,-0.5458879976774794,1.0,0.0,0.0,0.0,0.0,1.0,0.0,5.05
STU-10546,0.8679088020663964,0.9466891150604548,0.0657225939921197,-0.9265181154651749,-0.929982023493478,0.02151224057951886,-0.8238160886821746,1.0,0.0,0.0,0.0,0.0,0.0,1.0,3.27
STU-14755,-0.9540250270320775,-0.06004059781480326,0.315039376838566,-0.28408520306257423,0.8745276637454471,1.1825601033495017,0.3337085980296875,0.0,1.0,0.0,1.0,0.0,0.0,0.0,3.61
STU-12787,-1.4745775496316413,-0.8646075488753545,-0.9369751999903256,-0.5215060619939701,-0.23777210746862612,-0.39844124169898637,-0.1580103322093886,0.0,1.0,1.0,0.0,0.0,0.0,0.0,3.85
STU-13472,0.6076325407666144,0.11557553871110372,-0.3711988967387838,-0.5634038606289227,-0.0522685116204651,-1.4771452844143607,0.6727197859584912,1.0,0.0,0.0,0.0,0.0,0.0,1.0,2.82
STU-10526,-0.4334725044325135,1.696120767444268,0.004997912229518815,0.6376663669063749,1.0585876518438173,-0.06906596148055104,-1.0864734054558427,0.0,1.0,1.0,0.0,0.0,0.0,0.0,4.76
STU-14666,-0.1731962431327315,-2.214401342405873,-2.8327701428227154,-1.1360071086399353,-2.059605087705046,0.36735628480887556,-0.041952448053581864,1.0,0.0,0.0,0.0,1.0,0.0,0.0,1.98
STU-13253,1.1281850633661783,-0.1927737242588029,0.5994086182634241,-0.27011927018425713,-0.09629854798909483,2.3765454941413293,1.1094639289658692,1.0,0.0,0.0,0.0,1.0,0.0,0.0,4.02
STU-14731,-0.1731962431327315,0.5464476876293175,1.1375379119319935,0.819223494324501,0.7222270461424819,1.0755131372785112,-0.6588917269870808,1.0,0.0,0.0,0.0,0.0,0.0,1.0,4.33
STU-14783,-1.2143012883318594,-0.9687520019314156,1.3271174062152327,-0.9265181154651749,-1.177560752582659,0.4661688688744062,-0.11525216436251223,1.0,0.0,0.0,0.0,0.0,1.0,0.0,3.42
STU-13648,-0.1731962431327315,-0.5828049111942478,0.216300056899379,0.5259389038798356,-0.3662531972000377,1.5778104396116241,-1.0620401666861992,0.0,1.0,1.0,0.0,0.0,0.0,0.0,5.62
STU-10205,0.6076325407666144,0.8915538163837167,0.8403325589150401,-0.4516763976023833,0.12890426097832336,-1.6583016885344999,-1.159773121764773,1.0,0.0,1.0,0.0,0.0,0.0,0.0,5.1
STU-10121,0.34735627946683245,-1.1668306675478457,0.5747237882786274,-0.8287565853169527,-1.1219818542156994,-0.08553472549147244,-0.4328842683678781,1.0,0.0,0.0,0.0,0.0,0.0,1.0,3.7
STU-11518,-0.9540250270320775,-0.7931358654055085,0.37724514840025336,-0.28408520306257423,0.524452784421095,-1.3536295543324472,-1.3002642446902233,1.0,0.0,1.0,0.0,0.0,0.0,0.0,3.71
STU-11500,-1.4745775496316413,-0.46232407334507897,-0.5143709106506053,-1.0661774442483485,-0.14032858435772455,1.042575609256667,-0.8054911596049419,1.0,0.0,0.0,0.0,0.0,0.0,1.0,3.48
STU-10541,-0.1731962431327315,-1.9121782237333818,-0.02758606335041272,-1.261700504544793,-3.1643259182327137,0.672028419010928,-0.06943984166943079,1.0,0.0,0.0,0.0,1.0,0.0,0.0,2.72
STU-14242,0.08708001816705048,-1.1892931966383689,-1.6291378327640256,-1.1499730415182536,-1.1082675805926838,0.07091853261228379,0.5016871145709867,1.0,0.0,1.0,0.0,0.0,0.0,0.0,3.05
STU-14200,-0.9540250270320775,1.818643653392575,1.1503740235240874,1.5454520039970068,1.0585876518438173,-0.45608191573721196,-0.49091321044578157,1.0,0.0,0.0,0.0,0.0,0.0,1.0,5.53
STU-14603,-0.1731962431327315,1.2203235603450078,1.1898697514997627,1.1963036820390716,1.0585876518438173,-0.3325661856552993,-0.12441462890112863,0.0,1.0,0.0,0.0,0.0,1.0,0.0,5.83
STU-14025,-0.1731962431327315,0.029809518547288645,-1.5995160367822696,0.023165320260409614,0.1729342973469531,-0.7772228139501866,0.6177449987267934,1.0,0.0,0.0,1.0,0.0,0.0,0.0,4.1
STU-14221,-0.6937487657322955,-0.6338561136727091,-0.09077922811149244,1.140439950525802,0.9856854604793643,0.7873097670873801,0.2023799396428536,1.0,0.0,0.0,0.0,0.0,0.0,1.0,4.71
STU-10684,1.3884613246659603,0.12782782730593456,-1.0041179375489722,0.553870769636471,-0.44059899631428145,0.8778879691474499,0.08326790064084126,0.0,1.0,0.0,0.0,1.0,0.0,0.0,4.22
STU-13576,-1.4745775496316413,0.19113131837922676,0.49079536633031895,1.727009131415133,1.0492042014701752,1.3966540354914843,-0.7596788369118603,1.0,0.0,0.0,0.0,0.0,0.0,1.0,4.94
STU-10636,2.559704500514979,-0.8707336931727699,-1.0288027675337688,-2.6984458494016956,-0.07825345111670558,-0.5384257357918212,-0.1580103322093886,1.0,0.0,0.0,1.0,0.0,0.0,0.0,2.42
STU-12672,0.8679088020663964,0.37083155110341054,1.5048481821057689,1.6292476012669108,0.8377156661257726,-0.11847225351331596,-0.5825378558319447,0.0,1.0,0.0,0.0,1.0,0.0,0.0,5.36
STU-12905,0.08708001816705048,0.22380408796544207,0.0657225939921197,-0.772892853803683,-0.28324575158704773,0.02151224057951886,0.41006246918482353,1.0,0.0,1.0,0.0,0.0,0.0,0.0,3.43
STU-12307,1.3884613246659603,-0.47866045813818664,0.9400592720536195,0.7354278970545971,1.0585876518438173,0.6967315650273102,2.5620963276923314,1.0,0.0,0.0,0.0,1.0,0.0,0.0,4.61
STU-14436,0.34735627946683245,-1.391455958453076,-0.6140976237891832,-0.605301659263874,-1.1104329922173706,0.7955441490928408,-0.5794837009857394,1.0,0.0,0.0,0.0,0.0,1.0,0.0,4.17
STU-13450,-0.1731962431327315,-0.12742818508637227,-0.5894127938043865,-0.6751313236554608,1.0585876518438173,1.643685495655311,-0.7718954562966821,1.0,0.0,0.0,0.0,0.0,1.0,0.0,3.03
STU-13091,1.1281850633661783,0.448429378870672,1.2115924018863837,0.023165320260409614,0.18231774772059517,-0.11847225351331596,-0.5367255331388633,1.0,0.0,0.0,0.0,1.0,0.0,0.0,5.01
STU-14737,-0.6937487657322955,-1.1341578979616305,-0.03153563614798082,0.6376663669063749,-0.4976215024310319,-0.2502223656006901,-0.1580103322093886,0.0,1.0,0.0,1.0,0.0,0.0,0.0,3.5
STU-13528,-0.6937487657322955,0.9589414036552854,0.654702637429369,1.5454520039970068,0.2992499754536779,0.7296690930491537,2.022656227981296,1.0,0.0,0.0,0.0,1.0,0.0,0.0,5.07
STU-10825,1.9090138472655243,-1.0545180220952308,-0.29122004758804215,-2.253281738905329,-0.7206588997737633,-1.3042232622996823,-0.9032241146835162,1.0,0.0,1.0,0.0,0.0,0.0,0.0,2.81
STU-12887,0.8679088020663964,-1.5977028164660596,-2.288716489957795,-1.345496101814697,-1.7910940462438931,0.8943567331583714,-0.9429281276841869,1.0,0.0,0.0,0.0,0.0,1.0,0.0,2.66
STU-12597,-1.4745775496316413,-0.20094191665535655,-1.2094957230224808,-0.01873247837454296,0.1729342973469531,1.2731383054095724,-0.38096363598238564,0.0,1.0,0.0,0.0,0.0,0.0,1.0,3.87
STU-10842,1.6487375859657423,-1.6283335379531365,-0.9922692191562705,-2.532600396471677,-1.3890492879270606,0.7461378570600758,-0.9398739728379814,1.0,0.0,1.0,0.0,0.0,0.0,0.0,2.73
STU-13553,-1.2143012883318594,-0.9422053766426157,-0.999180971552013,-1.0382455784917144,0.1729342973469531,0.6473252729945452,-1.4774052257701389,1.0,0.0,0.0,0.0,0.0,0.0,1.0,2.33
STU-12228,-0.4334725044325135,-1.019803204409877,-1.3299576933482888,0.5399048367581526,-0.7719069748913484,0.4991063968962497,-1.3033183995364288,0.0,1.0,0.0,0.0,0.0,0.0,1.0,3.59
STU-13530,-0.6937487657322955,1.5143784866209455,0.8511938841083506,0.6795641655413275,1.0585876518438173,-0.6043007918355082,-1.428538748230852,1.0,0.0,1.0,0.0,0.0,0.0,0.0,5.66
STU-10012,-0.4334725044325135,0.031851566646427056,-1.4356087656832197,-0.5354719948722872,-1.5644476295266845,0.5732158349453974,2.0196020731350908,1.0,0.0,0.0,0.0,1.0,0.0,0.0,3.15
STU-11442,1.1281850633661783,0.42596684978014876,-0.9517860979812028,-0.22822147154930458,1.0585876518438173,0.3920594308252584,-0.017519209283938315,0.0,1.0,0.0,1.0,0.0,0.0,0.0,4.47
STU-14451,1.3884613246659603,-1.611997153160029,-0.8885929332201231,0.023165320260409614,-1.808417339241387,-0.4807850617535948,-0.7199748239111896,1.0,0.0,0.0,0.0,0.0,1.0,0.0,2.05
STU-13161,0.08708001816705048,0.3830838396982414,-0.8866181468213398,0.14885871616526608,1.0585876518438173,-2.2017709008949176,1.0544891417341713,0.0,1.0,1.0,0.0,0.0,0.0,0.0,4.34
STU-12105,1.6487375859657423,-0.27649769632347954,0.3723081824032943,1.713043198536816,0.8853547218688801,-1.6912392165563432,0.15962177179597728,0.0,1.0,0.0,0.0,0.0,0.0,1.0,4.53
STU-14081,1.9090138472655243,-1.8366224440652588,0.6102699434567346,1.7968387958067198,0.39308447919010175,-0.39844124169898637,-0.723028978757395,0.0,1.0,1.0,0.0,0.0,0.0,0.0,4.68
STU-11448,-0.1731962431327315,-0.6624447870606476,-0.29516962038561023,-1.0522115113700314,-1.8827631383556307,-1.4359733743870564,1.7538906015152176,1.0,0.0,1.0,0.0,0.0,0.0,0.0,3.26
STU-10559,0.6076325407666144,-1.0361395892029848,-0.2319764556245305,-0.3259830016975256,-0.9162677498704623,0.836716059120145,1.106409774119664,0.0,1.0,0.0,0.0,1.0,0.0,0.0,4.54
STU-12255,-0.6937487657322955,-0.05799854971566485,0.5253541283090338,0.051097186017043834,0.1729342973469531,0.43323134085256265,0.2604088817207568,1.0,0.0,0.0,0.0,0.0,0.0,1.0,4.99
STU-11271,0.8679088020663964,-0.7094118933408318,-0.7246856621210731,-0.772892853803683,-1.0570195054750988,-0.637238319857351,-0.4115051844444402,0.0,1.0,0.0,0.0,0.0,1.0,0.0,3.31
STU-14944,0.8679088020663964,-1.9999862919963352,-1.1413655922644421,-0.7170291222904134,-1.6207483317685385,0.02974662258497956,0.5505535921102735,1.0,0.0,0.0,0.0,0.0,0.0,1.0,1.81
STU-13395,-1.4745775496316413,1.328552109599346,-0.5578162114238473,0.8052575614461839,-0.46297491643604427,0.03798100459044026,0.5291745081868359,0.0,1.0,0.0,0.0,1.0,0.0,0.0,4.52
STU-10708,-0.1731962431327315,-0.9605838095348618,-1.0228784083374174,0.7912916285678668,-0.024118160499537824,-1.131301240185004,-0.909332424375927,1.0,0.0,0.0,0.0,0.0,0.0,1.0,3.94
STU-13695,-0.9540250270320775,0.4443452826723948,1.5048481821057689,1.6711453999018633,1.0585876518438173,0.2932468467597278,1.784432149977272,0.0,1.0,0.0,0.0,0.0,0.0,1.0,5.76
STU-13481,0.08708001816705048,-0.24178287863812584,0.0657225939921197,-0.8147906524386356,0.4818663558022572,2.491826842217781,0.7063154892667515,1.0,0.0,0.0,0.0,1.0,0.0,0.0,3.96
STU-10301,0.6076325407666144,-2.202149053811042,-2.559262226591167,-2.3929410676885023,-1.5716656682756398,1.3637165074696416,2.5620963276923314,1.0,0.0,0.0,0.0,0.0,0.0,1.0,1.9
STU-13086,0.08708001816705048,-0.21115215715104896,-0.7009882253356687,0.009199387382091261,-1.4857710071630672,-1.2959888802942217,-0.45426335229131626,0.0,1.0,0.0,0.0,1.0,0.0,0.0,4.47
STU-13066,0.6076325407666144,-0.023283732030311134,1.1948067174967216,-1.4851554305978705,-1.290883960941263,0.836716059120145,-0.7535705272194495,0.0,1.0,0.0,0.0,0.0,1.0,0.0,3.37
STU-11206,-1.4745775496316413,-0.39493648607350995,1.0091767960110507,0.20472244767853576,-1.6597257410128994,-1.0818949481522384,-0.832978553220791,1.0,0.0,0.0,0.0,1.0,0.0,0.0,3.87
STU-13420,1.3884613246659603,-0.38881034177609436,-0.24579996041601673,-1.4153257662062837,-1.0902224837202945,-0.11847225351331596,-1.373563960999154,1.0,0.0,0.0,1.0,0.0,0.0,0.0,3.69
STU-11417,1.1281850633661783,-1.4159605356427374,0.0657225939921197,-0.8846203168302224,-0.32222316083140795,1.0755131372785112,1.4454209620484681,1.0,0.0,0.0,0.0,0.0,1.0,0.0,3.37
STU-10629,-0.1731962431327315,-0.023283732030311134,-2.279829951163268,-1.177904907274888,-3.121378587676429,-1.6912392165563432,0.9934060448100628,1.0,0.0,0.0,0.0,0.0,0.0,1.0,2.24
STU-12809,-0.6937487657322955,2.3740807363582346,1.5048481821057689,0.7354278970545971,1.0585876518438173,1.1907944853549624,1.7752696854386558,1.0,0.0,0.0,0.0,0.0,0.0,1.0,5.75
STU-10646,-0.6937487657322955,-0.28058179252175636,-0.5588036046232396,-1.2477345716664747,-1.2930493725659498,-2.1523646088621526,-0.5336713782926576,1.0,0.0,1.0,0.0,0.0,0.0,0.0,3.19
STU-10666,2.1692901085653062,-2.0775841197635967,0.8146603357308524,-0.8008247195603185,-1.074342798472592,-0.5301913537863597,-0.3779094811361802,1.0,0.0,1.0,0.0,0.0,0.0,0.0,3.41
STU-13940,-0.6937487657322955,1.7451299218235907,0.7643032825618665,0.8890531587160878,0.8932945644927313,-0.31609742164437715,-0.14884786767077218,0.0,1.0,0.0,0.0,0.0,0.0,1.0,5.71
STU-11081,0.6076325407666144,-0.8421450197848315,0.36638382320694285,1.7968387958067198,-0.4651403280607311,-0.08553472549147244,-0.07554815136184154,0.0,1.0,0.0,0.0,1.0,0.0,0.0,4.37
STU-10111,-0.1731962431327315,-0.866649596974493,-0.5765766822122926,-0.28408520306257423,-1.8979210197284377,0.44970010486348405,-0.5336713782926576,1.0,0.0,0.0,1.0,0.0,0.0,0.0,3.86
STU-12750,0.08708001816705048,-0.02940987632772637,-1.1709873882461979,0.07902905177367806,0.7568736321374685,-1.8970987666928651,1.3873920199705643,1.0,0.0,0.0,0.0,1.0,0.0,0.0,4.07
STU-14476,-0.4334725044325135,0.15845854879301144,0.857118243304702,0.4421433066099316,0.47464831705330085,1.536638529584319,0.34592521741450927,1.0,0.0,0.0,0.0,1.0,0.0,0.0,4.47
STU-13194,1.3884613246659603,-0.5746367187976937,-0.9261138747970151,0.1907565148002174,1.0585876518438173,0.7790753850819193,-0.7749496111428876,0.0,1.0,0.0,0.0,1.0,0.0,0.0,4.55
STU-12495,-0.9540250270320775,0.021641326150735,0.857118243304702,-1.8901674840690754,1.0585876518438173,-0.4725506797481341,-0.1580103322093886,1.0,0.0,0.0,1.0,0.0,0.0,0.0,3.95
STU-11367,2.4295663698650882,1.661405949758914,1.5048481821057689,-0.3399489345758439,1.0585876518438173,0.268543700743345,0.6940988698819295,0.0,1.0,0.0,0.0,0.0,1.0,0.0,5.08
STU-13825,0.08708001816705048,-0.1049656559958494,0.47993404113700844,0.553870769636471,0.3995807140641621,0.47440325087986684,-0.014465054437732936,0.0,1.0,0.0,0.0,0.0,0.0,1.0,4.87
STU-11062,-0.4334725044325135,-0.3602216683881562,-0.09867837370662724,1.6152816683885936,-2.079815596202121,0.09562167862866662,1.155276251658951,1.0,0.0,0.0,1.0,0.0,0.0,0.0,3.57
STU-14638,0.08708001816705048,-0.1315122812846491,0.14619513974255546,0.34438177646170937,0.13179147647790507,-1.0407230381249342,-0.603916939755383,0.0,1.0,0.0,0.0,1.0,0.0,0.0,4.57
STU-11005,0.08708001816705048,-2.2695366410826114,-2.130733578055096,-1.261700504544793,0.1729342973469531,0.24384055472696214,-0.11219800951630686,1.0,0.0,0.0,0.0,0.0,0.0,1.0,2.25
STU-14323,0.34735627946683245,-2.008154484392889,-0.7296226281180321,-1.024279645613396,-2.593018151252872,-1.584192250485352,-0.19160603551764827,0.0,1.0,0.0,0.0,1.0,0.0,0.0,3.16
STU-13784,0.08708001816705048,-0.7237062300348011,0.03461970821127463,-1.0661774442483485,-1.0909442875951905,0.02151224057951886,-0.7841120756815039,1.0,0.0,0.0,1.0,0.0,0.0,0.0,3.2
STU-13068,-0.1731962431327315,0.24014047275854936,0.15903125133465074,0.023165320260409614,0.47176110155371914,-0.43137876972082917,-1.4193762836922357,1.0,0.0,0.0,0.0,0.0,0.0,1.0,4.64
STU-11580,-1.4745775496316413,0.17683698168525752,-0.9853574667605267,0.27455211207012253,0.7749187290098577,-1.3783327003488302,-0.1580103322093886,1.0,0.0,0.0,0.0,0.0,0.0,1.0,4.66
STU-14062,-0.4334725044325135,0.5444056395301792,-0.402795479119323,-2.0158608799739333,1.0585876518438173,0.35088752079795343,1.1094639289658692,1.0,0.0,0.0,0.0,0.0,0.0,1.0,4.48
STU-10085,1.3884613246659603,-1.1014851283754152,0.0657225939921197,0.98681468886431,-0.7300423501474054,0.5896845989563189,1.1094639289658692,0.0,1.0,0.0,0.0,0.0,1.0,0.0,3.9
STU-10433,0.34735627946683245,0.17683698168525752,0.5006692983242371,-0.01873247837454296,0.7049037531449875,1.5201697655733977,-0.11219800951630686,0.0,1.0,0.0,1.0,0.0,0.0,0.0,3.91
STU-11260,0.08708001816705048,0.3095701081292571,1.5048481821057689,-0.9684159141001275,0.5006332565495413,0.16149673467235368,-0.9184948889145432,1.0,0.0,0.0,0.0,0.0,1.0,0.0,4.59
STU-12816,-1.4745775496316413,-0.25403516723295666,-1.0880463594972818,-0.07459620988781264,0.1390095152268614,1.9483576298573628,-0.07554815136184154,1.0,0.0,0.0,0.0,0.0,0.0,1.0,4.06
STU-14941,-0.1731962431327315,-0.09271336740101857,-1.0791598207027546,0.009199387382091261,-1.915966116600827,-0.6948789938955774,2.4196963579880038,0.0,1.0,0.0,0.0,0.0,0.0,1.0,4.12
STU-13524,-1.4745775496316413,0.39533612829307224,0.3219511292343084,1.1823377491607534,0.596633171910652,-0.15964416354062091,-0.10608969982389611,1.0,0.0,0.0,1.0,0.0,0.0,0.0,4.26
STU-14489,-0.4334725044325135,2.55173892098328,1.4890498909154992,1.7968387958067198,0.1729342973469531,-0.41491000570990777,-0.7718954562966821,1.0,0.0,0.0,0.0,0.0,0.0,1.0,6.02
STU-11554,0.08708001816705048,-0.7257482781339395,-0.07103136412365477,-0.9265181154651749,-1.2324178470747218,-0.3490349496662207,-0.39623441021341305,1.0,0.0,0.0,1.0,0.0,0.0,0.0,2.96
STU-14576,0.6076325407666144,-0.4459876885519713,-0.3129426979746632,0.3723136422183448,-1.0562977016002029,-1.5677234864744307,-0.3229346939044824,1.0,0.0,0.0,0.0,0.0,1.0,0.0,4.1
STU-14287,-0.4334725044325135,0.02368337424987341,-0.2319764556245305,-0.06063027700949553,-2.8030630788474826,0.36735628480887556,-0.8940616501448997,0.0,1.0,0.0,0.0,0.0,1.0,0.0,3.05
STU-13471,0.34735627946683245,0.12170168300851933,0.8442821317126081,1.5175201382403714,0.18881398259465554,-0.9913167460921691,-0.12136047405492326,0.0,1.0,1.0,0.0,0.0,0.0,0.0,5.36
STU-12792,-1.4745775496316413,-0.9136167032546775,-0.7098747641301959,-0.11649400852276522,-1.415034227423301,0.4085281948361798,0.4039541594924125,1.0,0.0,0.0,0.0,0.0,0.0,1.0,3.9
STU-10163,-0.9540250270320775,0.046145903340396296,0.6951857586044353,0.4561092394882487,0.669535363275105,0.8531848231310664,1.4484751168946735,1.0,0.0,1.0,0.0,0.0,0.0,0.0,6.1
STU-12363,-1.4745775496316413,-0.33163299500021776,-1.7486124098904425,-2.6582937923765333,0.3165732684511712,-0.4478475337317513,0.48641634033995956,1.0,0.0,1.0,0.0,0.0,0.0,0.0,3.14
STU-12985,0.34735627946683245,2.595387699102364,0.35058553201667325,-0.35391486745416106,1.0585876518438173,-1.765348654605491,-0.6375126430636426,1.0,0.0,0.0,0.0,0.0,1.0,0.0,5.15
STU-13024,1.3884613246659603,-2.2695366410826114,-0.5597909978226306,-1.7505081552859019,-1.3190343120621904,0.27677808274880566,-0.5947544752167665,1.0,0.0,0.0,0.0,0.0,0.0,1.0,3.43
STU-13847,0.08708001816705048,-1.1341578979616305,0.0657225939921197,-1.3035983031797445,0.10941555635614222,-0.3243318036498379,-0.37485532628997487,1.0,0.0,0.0,0.0,0.0,1.0,0.0,2.98
STU-12656,0.6076325407666144,1.5490933043062989,1.2816973190432057,-0.01873247837454296,0.7568736321374685,0.5896845989563189,-1.110906644225486,0.0,1.0,0.0,0.0,0.0,1.0,0.0,4.89
STU-10444,-1.4745775496316413,-0.10904975219412621,0.954870170044498,0.3164499107050751,-0.7004483912766873,0.06268415060682309,-0.7199748239111896,1.0,0.0,0.0,0.0,0.0,1.0,0.0,4.57
STU-10543,-0.1731962431327315,0.8588810467975013,1.5048481821057689,1.7968387958067198,1.0585876518438173,0.7049659470327716,-0.1580103322093886,0.0,1.0,0.0,0.0,0.0,0.0,1.0,5.48
STU-10119,0.6076325407666144,1.6409854687675292,1.0032524368146991,1.2521674135523413,0.03434795336700351,0.8449504411256057,1.9279774277489279,1.0,0.0,0.0,0.0,0.0,1.0,0.0,4.38
STU-11244,0.34735627946683245,0.42188275358187194,-1.2203570482157913,0.41421144085329614,0.22923499958880764,-2.21823966490584,2.5620963276923314,0.0,1.0,0.0,0.0,0.0,0.0,1.0,3.88
STU-10376,0.6076325407666144,0.38920998399565665,-0.8036771180724224,-0.15839180715771778,-0.32005774920672114,-1.2383482062559954,0.1565676169497719,1.0,0.0,0.0,0.0,0.0,0.0,1.0,3.84
STU-12738,1.3884613246659603,-0.39697853417264833,0.47598446833944036,0.023165320260409614,1.0585876518438173,-0.17611292755154234,0.006914029485705235,0.0,1.0,0.0,0.0,0.0,1.0,0.0,5.1
STU-14690,0.08708001816705048,-0.8789018855693237,1.5048481821057689,0.03713125313872672,-0.09990756736357248,0.03798100459044026,-0.06027737713081439,1.0,0.0,0.0,0.0,1.0,0.0,0.0,3.4
STU-12743,0.8679088020663964,1.5654296890994068,0.18569086771823082,-0.6751313236554608,1.0585876518438173,-1.5347859584525871,0.09243036517945766,1.0,0.0,0.0,0.0,0.0,1.0,0.0,4.83
STU-12132,0.6076325407666144,-0.023283732030311134,0.32886288163005223,-1.764474088164219,-0.9978315877336614,0.8202472951092236,-0.9887404503772684,1.0,0.0,0.0,0.0,0.0,0.0,1.0,3.58
STU-12752,-0.6937487657322955,1.8880732887632823,1.5048481821057689,0.7912916285678668,1.0585876518438173,0.5732158349453974,0.2084882493352644,0.0,1.0,0.0,1.0,0.0,0.0,0.0,5.42
STU-12065,-0.9540250270320775,1.1120950110906693,0.7307319137825425,0.8471553600811365,1.0585876518438173,0.32618437478157136,-0.6619458818332862,1.0,0.0,0.0,0.0,1.0,0.0,0.0,5.1
STU-10305,1.6487375859657423,-1.3240683711815069,1.2234411202790865,-0.39581266608911364,-1.1421923627127755,0.7379034750546151,-0.9887404503772684,1.0,0.0,0.0,0.0,0.0,1.0,0.0,3.84
STU-13207,0.34735627946683245,-0.08250312690532614,0.28739236725559353,0.42817737373161324,0.4284528690599843,0.8120129131037629,-1.03455277307035,0.0,1.0,0.0,0.0,0.0,0.0,1.0,4.9
STU-11645,-0.4334725044325135,0.33203263721978005,0.413778696777753,0.4700751723665658,-0.24065932296820886,1.2319663953822673,-0.576429546139534,0.0,1.0,0.0,1.0,0.0,0.0,0.0,5.48
STU-10210,0.34735627946683245,0.24218252085768813,-1.1759243542431583,-0.6890972565337792,0.21840794146537368,-1.0077855101030906,-1.2483436123047307,0.0,1.0,0.0,0.0,1.0,0.0,0.0,3.4
STU-13019,-0.4334725044325135,-0.023283732030311134,-0.65951771096121,0.5259389038798356,0.0069194061209721805,1.4625290915351714,-0.7688413014504768,1.0,0.0,0.0,1.0,0.0,0.0,0.0,3.96
STU-13872,-0.4334725044325135,-0.9626258576340002,0.5974338318646407,-0.5075401291156529,-0.2153961873468643,0.6226221269781624,0.22986733325870254,1.0,0.0,1.0,0.0,0.0,0.0,0.0,4.48
STU-14291,0.8679088020663964,-2.2695366410826114,-2.614556245757112,-2.6984458494016956,0.1729342973469531,-0.6290039378518903,-1.0437152376089665,1.0,0.0,0.0,0.0,1.0,0.0,0.0,1.0
STU-14442,0.34735627946683245,0.8221241810130092,1.5048481821057689,-0.004766545496225848,1.0585876518438173,-0.5713632638136648,-0.7963286950663256,1.0,0.0,0.0,0.0,1.0,0.0,0.0,4.97
STU-12542,1.6487375859657423,-0.04370421302169561,0.6853118266105171,0.7354278970545971,-0.671576236280864,0.672028419010928,1.766107220900039,1.0,0.0,0.0,0.0,0.0,0.0,1.0,4.76
STU-11962,0.34735627946683245,-0.24995107103467948,1.1651849215149659,-0.04666434413117842,1.0585876518438173,1.8001387537590674,-0.1580103322093886,1.0,0.0,1.0,0.0,0.0,0.0,0.0,4.37
STU-14308,-0.6937487657322955,2.595387699102364,-0.5064717650554704,-1.177904907274888,0.42123483031102904,0.9190598791747534,-0.09998139013148509,1.0,0.0,0.0,0.0,0.0,1.0,0.0,3.75
STU-13097,-1.4745775496316413,-0.027367828228587958,-0.22210252363061098,-0.14442587427939943,-0.2132307757221775,0.2850124647542664,-0.8879533404524889,1.0,0.0,0.0,1.0,0.0,0.0,0.0,3.62
STU-11770,-1.2143012883318594,-0.15805890657344918,0.9074752964736879,-0.6751313236554608,-1.2800569028178301,0.013277858574057428,0.25735472687455146,1.0,0.0,0.0,0.0,0.0,0.0,1.0,4.18
STU-10408,-0.9540250270320775,-2.2695366410826114,0.0657225939921197,-2.2253498731486934,-1.8813195306058395,-1.600661014496274,0.3123295141062493,1.0,0.0,0.0,0.0,0.0,0.0,1.0,1.48
STU-14460,2.559704500514979,0.3544951663103029,1.1671597079137492,1.3638948765788808,1.0585876518438173,0.7214347110436929,-1.2605602316895528,1.0,0.0,1.0,0.0,0.0,0.0,0.0,6.04
STU-13563,0.6076325407666144,2.1576236378495586,1.5048481821057689,1.7968387958067198,0.1729342973469531,-0.19258169156246446,1.2377384325064977,1.0,0.0,0.0,0.0,0.0,1.0,0.0,5.99
STU-14204,0.08708001816705048,-0.9503735690391696,-0.5509044590281035,-0.22822147154930458,-2.2862515044222547,-0.8430978699938729,-0.16717279674800498,1.0,0.0,0.0,0.0,0.0,0.0,1.0,3.01
STU-13373,0.6076325407666144,0.6465080444871019,-0.3178796639716222,-0.5215060619939701,0.6623173245261497,-0.7689884319447252,0.5200120436482192,1.0,0.0,0.0,0.0,0.0,1.0,0.0,3.24
STU-14971,1.1281850633661783,-2.2695366410826114,-0.24086299441905767,-0.605301659263874,-1.7124174238802763,-0.678410229884656,-1.1322857281489243,1.0,0.0,1.0,0.0,0.0,0.0,0.0,2.52
STU-14947,1.6487375859657423,0.9916141732415006,0.6428539190366661,0.4561092394882487,1.009504988350918,1.4625290915351714,0.08632205548704663,1.0,0.0,0.0,0.0,1.0,0.0,0.0,5.25
STU-11595,0.08708001816705048,-0.01511553963375749,0.2923293332525526,-0.758926920925366,-1.5016506924107698,0.5732158349453974,-0.16411864190179934,1.0,0.0,0.0,0.0,0.0,1.0,0.0,3.99
STU-11280,-1.4745775496316413,0.440261186474118,-0.3978585131223639,0.23265431343516998,0.27037782045785463,0.8614192051365286,-0.3931802553672074,1.0,0.0,0.0,0.0,1.0,0.0,0.0,5.03
STU-10114,2.4295663698650882,-0.8237665868925854,-2.1099983208678665,-0.4656423304807004,-0.9877263334851234,1.042575609256667,-1.373563960999154,0.0,1.0,0.0,0.0,0.0,1.0,0.0,3.4
STU-12044,0.6076325407666144,1.4245283702588531,0.8107107629332843,1.6152816683885936,0.07404716648625967,-1.0077855101030906,0.9995143545024735,1.0,0.0,0.0,0.0,0.0,0.0,1.0,5.78
STU-13606,-0.9540250270320775,-0.799262009702924,0.7129588361934897,1.3918267423355148,0.9748584023559314,0.02151224057951886,0.44671232733928884,0.0,1.0,0.0,0.0,0.0,0.0,1.0,6.12
STU-11064,0.6076325407666144,1.0263289909268547,1.097054790756927,1.238201480674023,1.0585876518438173,-0.23375360158976868,-0.1763352612866211,1.0,0.0,0.0,0.0,1.0,0.0,0.0,6.11
STU-14962,-0.1731962431327315,1.8023072685994677,0.8778535004919321,1.5175201382403714,1.0585876518438173,1.470763473540632,0.31843782379866037,0.0,1.0,0.0,0.0,1.0,0.0,0.0,5.13
STU-14189,-1.4745775496316413,1.702246911741683,0.852181277307743,0.6655982326630103,1.0585876518438173,1.6930917876880769,0.22375902356629152,0.0,1.0,0.0,0.0,0.0,1.0,0.0,5.97
STU-11694,2.4295663698650882,-0.4010626303709252,0.1412581737455964,-1.1080752428833012,0.5403324696687974,-0.11023787150785526,0.6055283793419719,1.0,0.0,0.0,0.0,0.0,0.0,1.0,4.11
STU-14507,-1.4745775496316413,0.2871075790387339,0.37132078920390194,-0.7309950551687304,0.1729342973469531,-1.699473598561804,1.0941931547348422,1.0,0.0,1.0,0.0,0.0,0.0,0.0,3.6
STU-12199,0.08708001816705048,0.6444659963879634,1.5048481821057689,0.7074960312979617,0.276874055331915,1.042575609256667,1.0880848450424316,1.0,0.0,1.0,0.0,0.0,0.0,0.0,5.09
STU-11131,-1.2143012883318594,-0.8074302020994777,-0.44525338669317405,-0.9963477798567617,-1.1609592634600607,-0.8183947239774908,2.0745768603667885,1.0,0.0,0.0,0.0,1.0,0.0,0.0,3.56
STU-10176,1.1281850633661783,1.2080712717501774,0.02672056261613984,0.819223494324501,0.895459976117418,-1.0654261841413168,1.3507421618160993,1.0,0.0,0.0,1.0,0.0,0.0,0.0,4.62
STU-11779,-1.4745775496316413,1.1876507907587925,1.5048481821057689,1.0007806217426272,1.0585876518438173,1.742498079720841,1.6347785625132052,1.0,0.0,0.0,1.0,0.0,0.0,0.0,5.58
STU-13279,0.6076325407666144,-2.16539218802655,-0.5084465514542538,-0.27011927018425713,-3.1643259182327137,-0.8348634879884123,0.4436581724930832,1.0,0.0,0.0,0.0,0.0,0.0,1.0,1.76
STU-14000,1.3884613246659603,0.9201424897716551,0.8976013644797683,0.3304158435833922,1.0585876518438173,-1.3948014643597522,0.6879905601895187,1.0,0.0,1.0,0.0,0.0,0.0,0.0,4.98
STU-13959,-1.4745775496316413,-0.021241683931172723,0.0997876593711377,-2.0158608799739333,0.9748584023559314,-0.43137876972082917,2.5620963276923314,1.0,0.0,1.0,0.0,0.0,0.0,0.0,3.33
STU-11231,0.8679088020663964,-0.8972803184615697,-0.7789922880876257,-1.2058367730315234,0.390197263690519,0.4661688688744062,-0.909332424375927,1.0,0.0,0.0,0.0,1.0,0.0,0.0,3.59
STU-11904,0.08708001816705048,-1.505810652004829,-1.656784842346998,-0.01873247837454296,0.1729342973469531,0.04621538659590096,-0.39623441021341305,1.0,0.0,0.0,0.0,0.0,1.0,0.0,3.31
STU-13400,2.1692901085653062,-1.8529588288583667,-0.29122004758804215,-0.8008247195603185,-2.7251082603587613,-1.0077855101030906,1.729457362745574,1.0,0.0,0.0,0.0,1.0,0.0,0.0,2.49
STU-13048,2.1692901085653062,0.9875300770432238,0.9874541456244296,-0.11649400852276522,-0.07680984336691472,-0.9007385440320993,0.678828095650902,1.0,0.0,0.0,0.0,0.0,0.0,1.0,4.23
STU-10562,-0.9540250270320775,-0.14580661797861835,1.0605212423794275,1.6571794670235462,-0.06381737361879397,-0.2584567476061508,1.5126123686649875,1.0,0.0,0.0,0.0,0.0,0.0,1.0,4.48
STU-10358,-0.9540250270320775,0.8241662291121473,0.30516544484464647,1.154405883404119,1.0585876518438173,-1.1148324761740818,-0.2954473002886335,0.0,1.0,0.0,0.0,0.0,0.0,1.0,5.15
STU-11878,0.6076325407666144,1.5123364385218068,-0.8698324624316778,0.972848755985993,0.0011449751218067172,-0.5466601177972819,-0.313772229365866,0.0,1.0,0.0,0.0,0.0,1.0,0.0,4.38
STU-11731,0.34735627946683245,-0.7277903262330778,-1.1571638834547116,0.12092685040863062,-0.5091703644293608,1.2731383054095724,0.025238958562938032,1.0,0.0,0.0,0.0,1.0,0.0,0.0,4.19
STU-14730,0.08708001816705048,0.6934751507672864,1.5048481821057689,1.7968387958067198,-0.12083987973554446,0.11209044263958802,0.3153836689524547,1.0,0.0,0.0,0.0,0.0,1.0,0.0,5.15
STU-10508,1.1281850633661783,0.7792411709311015,0.3861316871947805,-0.2561533373059388,-0.20456912922343035,0.36735628480887556,0.9445395672707757,1.0,0.0,0.0,0.0,1.0,0.0,0.0,3.7
STU-11593,1.9090138472655243,-0.22136239764674137,0.054367572199112306,-0.2561533373059388,1.0585876518438173,-0.9419104540594035,0.275679655951784,1.0,0.0,0.0,0.0,0.0,1.0,0.0,4.36
STU-14994,1.1281850633661783,-1.4935583634099985,0.2607327508720134,-0.5494379277506043,-2.2999657780452702,-1.0571918021358562,-0.4206676489830563,1.0,0.0,0.0,0.0,0.0,1.0,0.0,2.99
STU-11782,1.3884613246659603,-0.42556720756058686,0.5312784875053853,-0.4796082633590175,0.08270881298500683,0.6555596550000059,-0.8726825662214617,0.0,1.0,0.0,0.0,0.0,0.0,1.0,4.74
STU-10449,0.08708001816705048,-0.023283732030311134,-2.3983171350902928,-0.9265181154651749,-2.3569882841620204,-0.4643162977426727,-0.0877647707466633,1.0,0.0,1.0,0.0,0.0,0.0,0.0,2.28
STU-10620,1.1281850633661783,0.15845854879301144,1.5048481821057689,-0.08856214276612975,0.91639228848939,-1.106598094168621,0.6024742244957659,1.0,0.0,0.0,0.0,1.0,0.0,0.0,4.94
STU-12040,-0.1731962431327315,1.5776819776942372,-0.26554782440385444,0.009199387382091261,1.0585876518438173,-1.312457644305143,0.00385987463949986,1.0,0.0,1.0,0.0,0.0,0.0,0.0,7.628340680206097
STU-12028,0.8679088020663964,0.36470540680599534,0.8195973017278114,-0.5634038606289227,0.7373849275152884,0.7379034750546151,0.7643444313446547,1.0,0.0,0.0,0.0,0.0,0.0,1.0,4.78
STU-14970,1.3884613246659603,0.40146227259048745,-0.6200219829855347,-1.4153257662062837,0.06610732386240843,1.2319663953822673,2.459400370988674,1.0,0.0,0.0,1.0,0.0,0.0,0.0,3.31
STU-10518,-0.1731962431327315,-1.6957211252247055,-1.7881081378661166,-1.9879290142172976,-1.9917555234648616,-0.027894051453246804,-1.1628272766109786,0.0,1.0,0.0,1.0,0.0,0.0,0.0,1.96
STU-12447,0.8679088020663964,-0.5440059973106173,-1.0860715730984971,-1.4711894977195534,0.17870872834611753,0.6226221269781624,-0.08165646105425256,1.0,0.0,0.0,0.0,0.0,0.0,1.0,3.65
STU-12553,2.1692901085653062,-0.3500114278924638,0.3594720708112004,1.0845762190125323,-1.4792747722890067,0.5402783069235539,-0.041952448053581864,1.0,0.0,0.0,1.0,0.0,0.0,0.0,3.65
STU-10963,0.8679088020663964,-0.04370421302169561,1.5048481821057689,0.9449168902293574,0.04228779599085474,2.121279651972042,0.1871091654118262,1.0,0.0,0.0,0.0,1.0,0.0,0.0,4.63
STU-14678,0.6076325407666144,-1.0340975411038462,-1.7140536479117263,0.023165320260409614,-1.595485196147194,-0.9913167460921691,-0.42677595867546736,0.0,1.0,0.0,0.0,1.0,0.0,0.0,3.07
STU-13802,-0.4334725044325135,-1.787613289685936,-2.584934449775356,-1.6387806922593624,-0.6044484759155766,1.956592011862825,-0.03584413836117084,1.0,0.0,0.0,0.0,0.0,0.0,1.0,2.68
STU-12292,-1.4745775496316413,0.7016433431638405,1.5048481821057689,0.8611212929594536,1.0585876518438173,0.8696535871419893,0.44671232733928884,0.0,1.0,0.0,1.0,0.0,0.0,0.0,5.28
STU-10258,-0.1731962431327315,-0.2274885419441566,-0.03745999534433226,0.9309509573510404,0.1729342973469531,-1.4606765204034386,-0.3351513132893042,1.0,0.0,0.0,0.0,0.0,1.0,0.0,3.52
STU-14190,-0.1731962431327315,1.2958793400131308,0.0657225939921197,1.7968387958067198,1.0585876518438173,0.6390908909890846,0.0985386748718684,1.0,0.0,0.0,0.0,0.0,1.0,0.0,5.63
STU-13378,1.1281850633661783,0.5076487737456871,0.0657225939921197,0.14885871616526608,0.060332892863243996,-0.7031133759010381,-1.0956358699944588,1.0,0.0,0.0,1.0,0.0,0.0,0.0,3.87
STU-14898,0.08708001816705048,-0.9912145310219387,0.061279324594854724,-0.6751313236554608,-1.962883368469039,-1.1230668581795433,-1.1903146702268275,1.0,0.0,0.0,0.0,0.0,1.0,0.0,3.12
STU-10068,-0.1731962431327315,-0.4378194961554173,0.5757111814780197,0.6376663669063749,-0.2652006547146585,-0.7360509039228816,0.4039541594924125,1.0,0.0,0.0,1.0,0.0,0.0,0.0,4.41
STU-12289,-1.4745775496316413,-0.023283732030311134,-1.0949581118930243,0.023165320260409614,-2.439995729775011,0.5320439249180933,-0.4053968747520292,1.0,0.0,0.0,0.0,0.0,0.0,1.0,3.47
STU-13594,0.6076325407666144,0.7526945456423018,-1.9559649817627347,0.5119729710015184,-1.617139312394061,-0.9995511280976299,-0.9459822825303922,1.0,0.0,0.0,0.0,1.0,0.0,0.0,3.67
STU-10166,0.34735627946683245,0.7649468342371323,0.6379169530397071,0.6935300984196445,0.49197161005079515,-0.10200348950239456,0.08632205548704663,1.0,0.0,0.0,0.0,0.0,0.0,1.0,5.4
STU-10978,-0.6937487657322955,0.8507128544009477,1.3626635613933398,-0.2002896057926691,1.0585876518438173,0.13679358865597085,-0.6833249657567243,1.0,0.0,0.0,0.0,1.0,0.0,0.0,4.8
STU-11938,0.8679088020663964,-1.1974613890349226,0.0657225939921197,-1.0382455784917144,-1.3695605833048805,-0.18434730955700304,-0.5794837009857394,1.0,0.0,0.0,0.0,1.0,0.0,0.0,2.88
STU-13354,1.1281850633661783,-0.08046107880618773,1.5048481821057689,-0.08856214276612975,1.0448733782208015,0.5732158349453974,-0.7932745402201201,1.0,0.0,1.0,0.0,0.0,0.0,0.0,4.32
STU-13848,-0.4334725044325135,0.24422456895682654,0.18766565411701416,-0.7309950551687304,1.0585876518438173,0.27677808274880566,-0.2954473002886335,1.0,0.0,0.0,0.0,0.0,0.0,1.0,3.88
STU-13682,-0.4334725044325135,0.6750967178750403,1.1434622711283449,0.7633597628112313,-0.8881173987495351,0.21913740871057932,0.5963659148033552,1.0,0.0,0.0,0.0,1.0,0.0,0.0,5.06
STU-13684,-1.4745775496316413,0.17071083738784193,-0.2724595767995968,-0.8427225181952698,-0.6968393719022086,-0.09376910749693386,0.4650372564165214,1.0,0.0,1.0,0.0,0.0,0.0,0.0,4.78
STU-13073,-0.1731962431327315,0.6832649102715944,1.5048481821057689,1.573383869753641,0.1729342973469531,-0.4972538257645162,-1.4377012127694682,1.0,0.0,1.0,0.0,0.0,0.0,0.0,4.8
STU-14496,2.1692901085653062,-1.140284042259046,1.3053947558286116,-1.094109310004984,0.8146179421291149,0.8037785310983022,-0.9184948889145432,1.0,0.0,0.0,0.0,0.0,0.0,1.0,4.32
STU-12501,-0.9540250270320775,0.3830838396982414,0.1333590281504616,-0.22822147154930458,1.0585876518438173,1.0014036992293633,0.5688785211875063,1.0,0.0,0.0,0.0,1.0,0.0,0.0,3.97
STU-12572,-0.4334725044325135,-0.2581192634312335,0.6379169530397071,-0.15839180715771778,0.5915805447863836,-2.0864895528184655,-1.4804593806163444,1.0,0.0,1.0,0.0,0.0,0.0,0.0,4.8
STU-10024,1.1281850633661783,-1.6507960670436592,-1.3882138921124094,-2.6163959937415813,-0.775515994265826,0.10385606063412732,0.2970587398752222,0.0,1.0,0.0,0.0,0.0,1.0,0.0,2.42
STU-14106,1.1281850633661783,-0.7788415287115392,-1.5116380420363933,-0.8008247195603185,-2.6363263837466056,-1.3453951723269866,-1.0589860118399936,0.0,1.0,0.0,0.0,0.0,0.0,1.0,2.53
STU-11851,-0.9540250270320775,-0.44802973665110973,0.39205604639113195,-0.4656423304807004,-0.4723583668096864,0.606153362967241,-1.1689355863033895,0.0,1.0,0.0,1.0,0.0,0.0,0.0,3.82
STU-14502,0.34735627946683245,-0.37451600508212546,-1.6933183907244975,0.023165320260409614,-0.4203884878172054,0.9272942611802156,-0.9368198179917759,0.0,1.0,0.0,0.0,0.0,0.0,1.0,4.95
STU-10563,0.08708001816705048,0.7874093633276555,0.916361835268215,1.4476904738487846,0.648603050903133,-0.7360509039228816,-1.3857805803839758,0.0,1.0,0.0,0.0,0.0,1.0,0.0,4.98
STU-13486,0.08708001816705048,-1.4935583634099985,-1.260840169390859,-1.2198027059098404,-1.9145225088510356,0.3755906668143363,0.6666114762660805,0.0,1.0,0.0,0.0,0.0,0.0,1.0,2.28
STU-14230,1.6487375859657423,0.5750363610172561,-0.2665352176032454,0.567836702514788,1.0585876518438173,-0.3490349496662207,0.30622120441383854,0.0,1.0,0.0,0.0,0.0,0.0,1.0,4.74
STU-10398,-0.9540250270320775,-0.35205347599160225,0.0657225939921197,-0.4796082633590175,-0.021952748874851033,-0.22551921958430726,0.9231604833473375,1.0,0.0,0.0,0.0,0.0,1.0,0.0,3.94
STU-14618,2.1692901085653062,-0.7073698452416934,-0.4097072315150668,-0.4656423304807004,-0.3243885724560947,0.6637940370054666,0.7093696441129569,1.0,0.0,0.0,0.0,1.0,0.0,0.0,4.15
STU-14337,-0.4334725044325135,0.4239248016810103,0.6142195162543027,-1.3175642360580628,0.5482723122926497,1.3225445974423364,-1.0956358699944588,1.0,0.0,0.0,0.0,1.0,0.0,0.0,5.18
STU-13128,-0.1731962431327315,-0.1682691470691416,-1.162100849451672,0.4561092394882487,-1.08444805272113,-0.7360509039228816,1.1461137871203348,1.0,0.0,0.0,0.0,0.0,0.0,1.0,3.19
STU-10754,-0.4334725044325135,-0.3438852835950486,1.4910246773142826,-0.8706543839519053,0.9864072643542603,-1.0242542741140128,-0.9276573534531597,1.0,0.0,0.0,0.0,1.0,0.0,0.0,4.34
STU-10412,-0.4334725044325135,1.391855600672638,0.8423073453138248,1.7968387958067198,1.0585876518438173,0.19443426269419722,-0.15190202251697757,1.0,0.0,0.0,0.0,0.0,0.0,1.0,6.06
STU-12284,-0.6937487657322955,0.6362978039914098,0.6626017830245038,-0.3399489345758439,1.0585876518438173,0.9519974071965978,0.05883466187119771,1.0,0.0,1.0,0.0,0.0,0.0,0.0,4.38
STU-11513,0.6076325407666144,-1.9285146085264895,0.23703531408660766,0.24662024631348708,-0.27169688958871885,1.1907944853549624,-0.6863791206029297,1.0,0.0,0.0,1.0,0.0,0.0,0.0,3.58
STU-13474,-0.1731962431327315,0.6097511787026098,-0.21519077123486854,-0.2002896057926691,0.6514902664027157,0.23560617272150144,-0.057223222284609014,1.0,0.0,0.0,1.0,0.0,0.0,0.0,4.56
STU-12645,-0.1731962431327315,2.3842909768539267,0.8432947385132158,1.727009131415133,1.0585876518438173,0.5979189809617803,-0.7627329917580659,1.0,0.0,0.0,0.0,1.0,0.0,0.0,5.91
STU-11948,-0.4334725044325135,-0.6828652680520321,-2.147519262444758,-1.4572235648412364,-1.0411398202273963,0.9272942611802156,-0.3168263842120714,1.0,0.0,0.0,1.0,0.0,0.0,0.0,2.4
STU-11199,0.08708001816705048,0.9568993555561472,1.2797225326444224,-0.28408520306257423,1.0585876518438173,-0.3655037136771428,0.33065444318348214,1.0,0.0,0.0,1.0,0.0,0.0,0.0,4.79
STU-13062,1.1281850633661783,1.3203839172027918,1.5048481821057689,0.6795641655413275,0.18953578646955047,2.285967292081259,-0.33820546813550956,1.0,0.0,0.0,0.0,0.0,1.0,0.0,5.07
STU-12677,2.559704500514979,0.2074677031723344,1.2333150522730048,0.7633597628112313,1.0585876518438173,-1.2136450602396125,0.11075529425669019,1.0,0.0,0.0,0.0,0.0,0.0,1.0,4.24
STU-11581,-1.2143012883318594,0.6791808140733172,0.7119714429940973,0.10696091753031352,0.7987382568814124,0.4991063968962497,0.2268131784124969,1.0,0.0,0.0,0.0,1.0,0.0,0.0,4.28
STU-12444,0.8679088020663964,-0.9830463386253849,0.22716138209268952,0.35834770934002647,-0.8022227376369624,-1.0736605661467777,-0.3443137778279203,1.0,0.0,1.0,0.0,0.0,0.0,0.0,3.78
STU-14608,-1.4745775496316413,-0.0988395116984338,-0.47290039627614655,-1.1220411757616182,1.0477605937203833,0.05444976860136239,2.5620963276923314,0.0,1.0,1.0,0.0,0.0,0.0,0.0,4.44
STU-14400,0.34735627946683245,0.33815878151719525,0.95092059724693,0.8611212929594536,0.8528735474985802,-0.9419104540594035,-0.6100252494477937,1.0,0.0,0.0,0.0,0.0,1.0,0.0,4.41
STU-10749,-1.4745775496316413,1.6246490839744219,0.6556900306287614,1.4756223396054189,0.535279842544529,0.3014812287651885,-1.1536648120723623,1.0,0.0,0.0,0.0,1.0,0.0,0.0,5.73
STU-13627,0.08708001816705048,1.971797260827959,-0.005863412963791698,0.023165320260409614,1.0585876518438173,-1.4606765204034386,1.0544891417341713,1.0,0.0,0.0,0.0,0.0,0.0,1.0,5.29
STU-12491,0.08708001816705048,-0.14784866607775676,0.5924968658676817,0.972848755985993,0.4140167915620727,0.6143877449727017,0.13213437818012835,1.0,0.0,0.0,0.0,0.0,0.0,1.0,4.27
STU-10904,-0.4334725044325135,1.2264497046424234,0.9074752964736879,1.405792675213832,1.0585876518438173,0.02151224057951886,0.2451381074897297,0.0,1.0,0.0,0.0,1.0,0.0,0.0,5.72
STU-11006,-0.1731962431327315,-0.18664757996138764,-0.18951854805067944,-0.4516763976023833,-0.6997265874017914,0.606153362967241,0.6085825341881773,0.0,1.0,0.0,0.0,1.0,0.0,0.0,3.51
STU-10236,0.6076325407666144,-0.03757806872428038,1.126676586738683,0.6097345011497406,1.0585876518438173,1.3390133614532593,-0.05111491259219799,1.0,0.0,1.0,0.0,0.0,0.0,0.0,5.01
STU-12870,1.6487375859657423,0.6281296115948558,0.20346394530728376,1.7968387958067198,0.7799713561341273,1.0755131372785112,-0.08165646105425256,1.0,0.0,0.0,0.0,1.0,0.0,0.0,4.86
STU-13854,-1.2143012883318594,1.134557540181193,0.02968274221431556,0.7493938299329143,0.1729342973469531,-0.2502223656006901,-1.089527560302048,0.0,1.0,0.0,1.0,0.0,0.0,0.0,5.69
STU-11112,-0.9540250270320775,0.9446470669613161,-1.914494467388276,-0.03269841125286007,0.17221249347205714,1.6025135856280062,-0.42372180382926194,0.0,1.0,0.0,0.0,0.0,1.0,0.0,5.02
STU-12881,0.34735627946683245,-0.7604630958192932,-0.23000166922574575,-0.03269841125286007,-1.1212600503408046,1.8166075177699903,-0.3412596229817149,1.0,0.0,0.0,0.0,0.0,1.0,0.0,2.95
STU-12446,0.6076325407666144,2.595387699102364,-0.8165132296645177,-0.186323672914352,1.0585876518438173,-1.3783327003488302,-0.6497292624484644,1.0,0.0,0.0,1.0,0.0,0.0,0.0,3.89
STU-14175,1.1281850633661783,0.6465080444871019,-0.6545807449642509,-1.177904907274888,0.1476711617256075,-1.8147549466382566,0.4894704951861649,0.0,1.0,0.0,0.0,0.0,0.0,1.0,4.0
STU-12939,-1.2143012883318594,0.3667474549051337,-0.2625856448056787,-0.06063027700949553,0.7972946491316206,1.981295157879207,-0.9673613664538304,1.0,0.0,0.0,0.0,1.0,0.0,0.0,4.59
STU-10062,-1.4745775496316413,-0.5337957568149249,0.4779592547382237,0.023165320260409614,-0.03783243412255349,-0.6043007918355082,1.3537963166623046,0.0,1.0,0.0,0.0,0.0,0.0,1.0,5.15
STU-11247,-0.4334725044325135,-1.6569222113410749,-0.9577104571775543,-0.4935741962373346,-1.1970494572048391,-0.6454727018628125,0.23902979779731867,0.0,1.0,0.0,0.0,0.0,0.0,1.0,2.69
STU-10112,0.08708001816705048,0.21971999176716486,-0.6851899341453991,1.0426784203775796,-1.3688387794299846,0.48263763288532757,-0.6222418688326155,0.0,1.0,0.0,0.0,0.0,0.0,1.0,3.98
STU-12449,0.6076325407666144,-0.09475541550015698,-0.1569345724707479,-0.08856214276612975,0.9705275791065578,0.02151224057951886,-1.0742567860710208,0.0,1.0,0.0,0.0,0.0,0.0,1.0,4.47
STU-10003,-0.4334725044325135,0.09923915391799608,-0.16680850446466744,-1.163938974396571,-0.7704633671415575,-0.9419104540594035,-0.5092381395230141,0.0,1.0,0.0,0.0,0.0,1.0,0.0,3.36
STU-12026,0.34735627946683245,-0.3663478126855715,-0.3405897075576356,-1.4711894977195534,0.004032190621389448,1.9730607758737464,-0.8238160886821746,1.0,0.0,1.0,0.0,0.0,0.0,0.0,3.8
STU-13074,-0.6937487657322955,0.36878950300427216,0.0657225939921197,0.4700751723665658,0.7980164530065165,1.7919043717536067,1.335471387585072,0.0,1.0,0.0,0.0,0.0,1.0,0.0,5.16
STU-10078,0.6076325407666144,1.05900176051307,0.8778535004919321,1.7968387958067198,1.0585876518438173,0.8284816771146842,-0.8238160886821746,0.0,1.0,0.0,1.0,0.0,0.0,0.0,5.97
STU-10251,0.08708001816705048,-0.027367828228587958,1.240226804668747,1.4337245409704675,-0.5113357760540476,-0.40667562370444704,-0.9704155213000357,1.0,0.0,0.0,0.0,0.0,0.0,1.0,4.52
STU-12977,-1.4745775496316413,0.39533612829307224,-0.24876214001419247,-0.08856214276612975,1.0585876518438173,-1.0407230381249342,0.0008057197932944839,0.0,1.0,0.0,0.0,0.0,1.0,0.0,4.71
STU-12103,0.8679088020663964,-0.18460553186224887,-0.42649291590472876,-0.7170291222904134,-0.8859519871248484,-0.7772228139501866,-0.49091321044578157,0.0,1.0,0.0,0.0,0.0,0.0,1.0,3.95
STU-13822,0.8679088020663964,0.033893614745565466,-0.8224375888608677,1.4756223396054189,1.0585876518438173,0.6143877449727017,0.13518853302633374,0.0,1.0,0.0,0.0,0.0,1.0,0.0,4.68
STU-12628,-1.4745775496316413,0.8037457481207632,0.5549759242907897,0.8611212929594536,0.4898061984261084,0.6308565089836231,2.5620963276923314,0.0,1.0,0.0,0.0,0.0,1.0,0.0,5.58
STU-11727,0.6076325407666144,0.9466891150604548,1.0427481647903731,0.5818026353931052,1.0383771433467412,-0.044362815464168204,-0.24658082274934637,1.0,0.0,0.0,0.0,1.0,0.0,0.0,4.63
STU-14787,-0.4334725044325135,-0.4990809391295711,-0.4778373622731056,-0.4796082633590175,-0.857801636003921,-0.019659669447785372,-0.6985957399877515,1.0,0.0,0.0,0.0,1.0,0.0,0.0,3.43
STU-14488,-0.6937487657322955,-0.23157263814243342,1.5048481821057689,1.7968387958067198,-0.35903515845108236,-1.5430203404580478,1.6042370140511508,1.0,0.0,0.0,0.0,1.0,0.0,0.0,5.04
STU-13452,-0.9540250270320775,0.6383398520905482,-1.080147213902147,0.023165320260409614,-1.0165984884809467,0.606153362967241,0.7215862634977783,0.0,1.0,0.0,1.0,0.0,0.0,0.0,3.62
STU-11171,-0.4334725044325135,-1.1219056093667998,0.6102699434567346,-0.03269841125286007,0.1729342973469531,1.783669989748146,-0.10608969982389611,0.0,1.0,0.0,0.0,1.0,0.0,0.0,3.46
STU-14574,1.6487375859657423,-2.2695366410826114,0.07609022258573334,0.41421144085329614,-1.3442974476835359,0.02151224057951886,-0.1580103322093886,0.0,1.0,1.0,0.0,0.0,0.0,0.0,3.63
STU-11059,0.08708001816705048,-1.1974613890349226,-0.7148117301271549,-1.1220411757616182,-2.2487177029276846,-0.6701758478791946,-1.3644014964605378,0.0,1.0,0.0,0.0,1.0,0.0,0.0,2.55
STU-14597,1.6487375859657423,1.7165412484356521,1.081256499566656,-0.9125521825868579,1.0585876518438173,1.2319663953822673,0.37341261103035817,1.0,0.0,0.0,0.0,0.0,0.0,1.0,4.69
STU-14547,0.08708001816705048,-0.885028029866739,-0.3238040231679737,0.9449168902293574,-2.650040657369622,-0.23375360158976868,-1.0040112246082957,0.0,1.0,0.0,0.0,0.0,0.0,1.0,3.85
STU-12387,-0.4334725044325135,0.8364185177069785,1.363650954592731,0.023165320260409614,1.0585876518438173,-0.3737380956826035,-0.44510088775269985,1.0,0.0,0.0,1.0,0.0,0.0,0.0,4.57
STU-13178,-1.4745775496316413,-0.023283732030311134,-1.5323732992236232,-0.2980511359408914,-1.3269741546860416,-1.674770452545422,0.14129684271874476,0.0,1.0,0.0,1.0,0.0,0.0,0.0,2.22
STU-10817,-0.4334725044325135,0.39125203209479503,1.0012776504159158,0.98681468886431,0.8680314288713867,1.0672787552730505,-0.7902203853739148,0.0,1.0,0.0,0.0,0.0,0.0,1.0,5.46
STU-10643,-0.4334725044325135,-0.4766184100390482,0.4246400219710635,-0.8985862497085395,0.14983657335029432,0.943763025191137,0.4650372564165214,1.0,0.0,0.0,0.0,0.0,1.0,0.0,3.73
STU-11245,-1.4745775496316413,1.971797260827959,1.0555842763824683,1.7968387958067198,-0.32222316083140795,0.7214347110436929,-0.24658082274934637,1.0,0.0,0.0,0.0,0.0,0.0,1.0,4.99
STU-14922,-1.4745775496316413,0.7261479203535017,0.20050176570910944,-1.3873939004496496,1.0585876518438173,-0.1267066355187774,-0.4603716619837273,1.0,0.0,0.0,0.0,0.0,0.0,1.0,3.61
STU-14146,-0.4334725044325135,-0.4561979290476634,-0.7108621573295868,0.1767905819219003,-1.1421923627127755,0.3097156107706492,-0.16717279674800498,1.0,0.0,0.0,0.0,1.0,0.0,0.0,3.63
STU-12073,-1.4745775496316413,1.7573822104184211,1.1326009459350344,0.7773256956895485,1.0585876518438173,-0.793691577961108,-1.03455277307035,1.0,0.0,0.0,0.0,1.0,0.0,0.0,5.02
STU-10520,-0.4334725044325135,-0.08862927120274175,0.474009681940657,-0.17235774003603488,1.0585876518438173,1.3554821254641807,0.5139037339558085,1.0,0.0,0.0,0.0,0.0,1.0,0.0,4.81
STU-13105,0.08708001816705048,1.9983438861167588,1.4021592893690138,0.5119729710015184,1.0585876518438173,-1.600661014496274,-0.06943984166943079,1.0,0.0,0.0,0.0,0.0,1.0,0.0,5.1
STU-14087,0.08708001816705048,1.818643653392575,1.5048481821057689,0.023165320260409614,1.0585876518438173,-0.5631288818082033,0.4009000046462071,1.0,0.0,0.0,1.0,0.0,0.0,0.0,5.21
STU-10329,-0.6937487657322955,1.0324551352242703,0.36539643000755045,0.3723136422183448,0.9308283659873017,0.4085281948361798,-0.1580103322093886,1.0,0.0,0.0,0.0,1.0,0.0,0.0,4.83
STU-12959,1.6487375859657423,1.7859708838063597,0.9400592720536195,1.0426784203775796,1.0585876518438173,0.6143877449727017,0.428387398262056,1.0,0.0,0.0,0.0,0.0,1.0,0.0,5.11
STU-10591,0.8679088020663964,-0.34796937979332543,0.03264492181249128,-1.5549850949894586,-1.3587335251814465,-0.6454727018628125,-0.6588917269870808,1.0,0.0,1.0,0.0,0.0,0.0,0.0,3.5
STU-10536,-0.1731962431327315,-0.7604630958192932,1.1641975283155734,0.5259389038798356,-0.28902018258621215,1.3225445974423364,0.8040484443453251,1.0,0.0,0.0,0.0,1.0,0.0,0.0,4.19
STU-11430,-0.1731962431327315,0.564826120521564,-0.05424567973399422,-0.9265181154651749,1.0585876518438173,1.1331538113167374,-0.6955415851415461,1.0,0.0,1.0,0.0,0.0,0.0,0.0,5.12
STU-13289,-1.4745775496316413,-0.023283732030311134,-0.9596852435763377,-1.359462034693014,-0.9740120598621078,-0.42314438771536844,0.9078897091163101,1.0,0.0,1.0,0.0,0.0,0.0,0.0,3.13
STU-11533,-1.4745775496316413,0.5035646775474102,-0.818488016063301,1.6432135341452279,0.1729342973469531,0.23560617272150144,-0.7963286950663256,0.0,1.0,0.0,1.0,0.0,0.0,0.0,4.83
STU-10159,0.34735627946683245,0.26872914614648785,0.3110898040409979,-0.40977859896743074,0.5915805447863836,-0.044362815464168204,1.3324172327388666,0.0,1.0,0.0,0.0,1.0,0.0,0.0,4.53
STU-14565,-0.9540250270320775,0.0012208451593501623,-1.3803147465172747,-1.0801433771266657,-1.3897710918019566,-0.28315989362253363,-1.2605602316895528,1.0,0.0,0.0,0.0,0.0,1.0,0.0,2.89
STU-11842,0.8679088020663964,1.485789813233007,1.5048481821057689,1.7968387958067198,1.0585876518438173,-0.43961315172629056,-1.2575060768433473,1.0,0.0,0.0,0.0,1.0,0.0,0.0,5.83
STU-14012,0.34735627946683245,-0.023283732030311134,0.698147938202611,1.5454520039970068,0.24222746933692738,-0.3572693316716814,1.292713219738196,0.0,1.0,0.0,0.0,0.0,0.0,1.0,5.38
STU-10928,-0.6937487657322955,0.3259064929223648,0.3120771972403903,-0.17235774003603488,0.7474901817638264,1.1660913393385803,-0.6069710946015883,1.0,0.0,0.0,0.0,0.0,0.0,1.0,4.12
STU-14537,-1.4745775496316413,0.1033232501162729,0.3910686531917396,1.2102696149173888,0.720061634517795,0.3920594308252584,-1.4254845933846463,0.0,1.0,0.0,0.0,0.0,1.0,0.0,4.61
STU-14762,1.9090138472655243,-0.1355963774829263,0.4779592547382237,1.1683718162824361,0.29491915220430426,0.43323134085256265,-1.1780980508420058,0.0,1.0,0.0,0.0,0.0,0.0,1.0,4.57
STU-10584,-0.1731962431327315,-0.5460480454097556,-0.7918283996797209,0.24662024631348708,-0.6650800014068037,-1.4359733743870564,-0.9307115082993651,1.0,0.0,0.0,0.0,1.0,0.0,0.0,3.59
STU-11168,0.6076325407666144,-0.023283732030311134,1.5048481821057689,0.7633597628112313,1.0585876518438173,0.5732158349453974,-0.985686295531063,0.0,1.0,1.0,0.0,0.0,0.0,0.0,6.18
STU-12633,-0.6937487657322955,-1.1219056093667998,-1.8068686086545631,-2.0158608799739333,-1.5067033195350392,-0.15964416354062091,-0.5306172234464522,0.0,1.0,0.0,0.0,0.0,0.0,1.0,2.53
STU-14030,0.34735627946683245,0.05227204763781153,0.972643247633551,1.0287124874992626,-1.041861624102291,-0.1431753995296988,-0.2618515969803735,1.0,0.0,1.0,0.0,0.0,0.0,0.0,4.24
STU-14829,-0.1731962431327315,-0.9401633285434774,-1.0258405879355932,-0.27011927018425713,-0.8217114422591425,-0.09376910749693386,-1.3491307222295104,0.0,1.0,0.0,0.0,1.0,0.0,0.0,3.76
STU-12651,0.08708001816705048,-0.40514672656920203,-0.8678576760328944,-1.3873939004496496,-0.3460426887029616,-1.0077855101030906,0.013022339178116259,1.0,0.0,0.0,0.0,0.0,1.0,0.0,4.54
STU-12833,-0.4334725044325135,-0.27037155202606433,0.7692402485588256,-0.27011927018425713,0.1729342973469531,-0.8925041620266386,-0.9001699598373106,0.0,1.0,0.0,0.0,0.0,0.0,1.0,3.99
STU-14425,-0.1731962431327315,-0.5909731035908015,0.2241992024945138,-0.8427225181952698,0.9351591892366752,-0.5631288818082033,-0.9459822825303922,0.0,1.0,1.0,0.0,0.0,0.0,0.0,3.96
STU-13737,2.1692901085653062,-0.6073094883839091,0.8541560637065263,1.308031145065611,0.3526634621959497,0.4249969588471012,-0.5306172234464522,1.0,0.0,0.0,0.0,0.0,1.0,0.0,4.85
STU-12857,-0.1731962431327315,-0.9789622424271078,-1.2203570482157913,1.2102696149173888,-1.3089290578136523,0.21913740871057932,-1.3979971997687974,1.0,0.0,0.0,0.0,0.0,1.0,0.0,4.41
STU-10695,-1.4745775496316413,1.038581279521685,1.0911304315605757,1.1963036820390716,0.7402721430148711,1.4789978555460943,-0.46342581682993267,0.0,1.0,0.0,0.0,0.0,0.0,1.0,5.83
STU-11235,-0.1731962431327315,-0.5562582859054477,0.0657225939921197,0.24662024631348708,0.3938062830649977,-1.444207756392517,1.1583304065051563,0.0,1.0,0.0,0.0,1.0,0.0,0.0,4.27
STU-10588,-0.6937487657322955,0.26872914614648785,0.28640497405620113,0.07902905177367806,1.0585876518438173,-1.2218794422450738,-0.5428338428312741,0.0,1.0,0.0,0.0,0.0,0.0,1.0,4.84
STU-10573,-1.2143012883318594,0.999782365638055,0.8650173888998368,-0.43771046472406494,1.0585876518438173,1.1002162832948932,-0.7474622175270386,0.0,1.0,0.0,0.0,1.0,0.0,0.0,5.14
STU-11073,-0.1731962431327315,1.275458859021746,0.7672654621600422,-0.22822147154930458,0.5959113680357571,-0.4643162977426727,-0.1580103322093886,1.0,0.0,0.0,0.0,1.0,0.0,0.0,4.88
STU-11315,0.8679088020663964,-1.0667703106900615,0.0657225939921197,-2.574498195106629,-0.5560876162975733,-0.4972538257645162,2.5620963276923314,0.0,1.0,0.0,0.0,0.0,1.0,0.0,2.92
STU-11677,-1.2143012883318594,1.2897531957157151,1.5048481821057689,0.4980070381232013,1.0585876518438173,-0.8760353980157165,0.37952092072276894,1.0,0.0,1.0,0.0,0.0,0.0,0.0,5.31
STU-11630,0.34735627946683245,2.595387699102364,-0.36724932394121573,-1.4013598333279667,0.8839111141190892,-0.45608191573721196,0.22070486872008616,1.0,0.0,0.0,0.0,1.0,0.0,0.0,3.87
STU-12088,-1.4745775496316413,0.7118535836595324,-0.7454209193083031,-1.513087296354506,1.0477605937203833,-2.6134900011679614,1.613399478589767,1.0,0.0,1.0,0.0,0.0,0.0,0.0,3.66
STU-10535,-0.9540250270320775,0.031851566646427056,-1.4435079112783544,0.4980070381232013,0.3216258955754407,-0.9007385440320993,-0.03584413836117084,0.0,1.0,0.0,0.0,1.0,0.0,0.0,4.82
STU-10035,-0.9540250270320775,1.2060292236510386,1.2254159066778698,1.4476904738487846,1.0585876518438173,1.1166850473058145,-1.1139607990716915,1.0,0.0,0.0,0.0,0.0,0.0,1.0,5.45
STU-10417,-0.9540250270320775,-0.023283732030311134,-0.13619931528351925,0.34438177646170937,1.0585876518438173,-0.727816521917421,1.7325115175917793,1.0,0.0,0.0,0.0,0.0,0.0,1.0,4.75
STU-13302,2.1692901085653062,0.7424843051466093,0.07214064978816523,1.7968387958067198,0.21335531434110516,0.606153362967241,2.5620963276923314,1.0,0.0,0.0,1.0,0.0,0.0,0.0,4.97
STU-10519,1.3884613246659603,-0.10088155979757257,0.216300056899379,-0.11649400852276522,0.7568736321374685,-0.5878320278245861,-0.7902203853739148,1.0,0.0,1.0,0.0,0.0,0.0,0.0,4.12
STU-14575,1.1281850633661783,-1.2158398219271687,0.0657225939921197,-1.9739630813389806,-0.5654710666712154,-2.234708428916761,-1.019281998839323,0.0,1.0,0.0,1.0,0.0,0.0,0.0,2.07
STU-12013,-1.2143012883318594,2.3883750730522038,1.5048481821057689,1.7968387958067198,0.1729342973469531,0.5567470709344753,-0.7474622175270386,0.0,1.0,0.0,0.0,0.0,0.0,1.0,5.78
STU-10429,-1.4745775496316413,-0.6971596047460014,0.7722024281570012,-0.8147906524386356,-0.47668919005905996,0.4661688688744062,-1.4499178321542898,1.0,0.0,0.0,1.0,0.0,0.0,0.0,3.63
STU-10208,-0.4334725044325135,0.6015829863060561,1.0052272232134825,-0.6611653907771436,1.0585876518438173,1.1825601033495017,-1.4163221288460301,1.0,0.0,0.0,0.0,0.0,1.0,0.0,5.07
STU-12875,0.08708001816705048,2.595387699102364,1.5048481821057689,1.7968387958067198,1.0585876518438173,-0.3078630396389165,1.472908355664317,1.0,0.0,1.0,0.0,0.0,0.0,0.0,5.95
STU-13502,0.08708001816705048,1.4081919854657459,-0.08682965531392575,0.8052575614461839,1.0585876518438173,-0.6537070838682731,0.19321747510423723,0.0,1.0,0.0,0.0,0.0,0.0,1.0,5.17
STU-12232,-0.1731962431327315,-1.1790829561426766,0.7060470837977458,0.41421144085329614,-0.3287193957054683,1.7013261696935376,-0.8115994692973528,0.0,1.0,0.0,0.0,0.0,1.0,0.0,4.15
STU-10031,-1.4745775496316413,0.4361770902758412,0.2212370228963381,0.35834770934002647,1.0585876518438173,-0.5960664098300468,-0.5061839846768087,1.0,0.0,0.0,1.0,0.0,0.0,0.0,5.0
STU-12337,0.34735627946683245,-0.28466588872003323,-0.8826685740237731,0.4421433066099316,-2.079093792327226,2.549467516256007,-0.29239314544242784,0.0,1.0,1.0,0.0,0.0,0.0,0.0,4.33
STU-13875,-0.6937487657322955,1.487831861332145,0.5747237882786274,0.8052575614461839,1.0585876518438173,0.4249969588471012,-0.10608969982389611,1.0,0.0,0.0,0.0,0.0,0.0,1.0,5.55
STU-10652,0.6076325407666144,-0.12130204078895705,-0.3228166299685827,0.9588828231076758,-1.498041673036292,-0.6454727018628125,2.0806851700592,1.0,0.0,0.0,0.0,1.0,0.0,0.0,3.52
STU-13599,1.3884613246659603,-0.40514672656920203,-1.8513013026271963,-1.5689510278677756,-0.43193734981553533,1.5448729115897812,1.821082008131737,0.0,1.0,0.0,0.0,1.0,0.0,0.0,3.17
STU-14126,-0.1731962431327315,0.4443452826723948,0.3012158720470798,1.3359630108222453,0.1541673965996679,-0.2502223656006901,0.31843782379866037,1.0,0.0,0.0,0.0,0.0,1.0,0.0,4.89
STU-11155,0.6076325407666144,-0.08658722310360333,-2.1534436216411086,0.023165320260409614,-1.2223125928261838,-1.3206920263106037,-1.03455277307035,1.0,0.0,0.0,0.0,0.0,0.0,1.0,2.96
STU-12503,-1.2143012883318594,-0.08658722310360333,0.28640497405620113,-0.15839180715771778,0.1729342973469531,0.5732158349453974,2.0379270022123235,0.0,1.0,1.0,0.0,0.0,0.0,0.0,3.34
STU-14765,-0.1731962431327315,-2.0592056868713504,-0.9735087483678239,-1.3873939004496496,-1.6193047240187477,0.21090302670511862,0.7979401346529144,0.0,1.0,1.0,0.0,0.0,0.0,0.0,2.7
STU-13359,0.34735627946683245,-1.2301341586211378,-0.28628308159108307,-0.40977859896743074,-2.8182209602202897,-1.6912392165563432,-0.319880539058277,1.0,0.0,0.0,0.0,1.0,0.0,0.0,3.01
STU-10860,0.6076325407666144,-1.6426278746471057,-1.6538226627488222,-1.8063718867991716,-2.28697330829715,-1.8888643846874045,-0.8146536241435584,1.0,0.0,0.0,0.0,0.0,1.0,0.0,2.23
STU-12655,-0.1731962431327315,1.3673510234829762,1.5048481821057689,1.7968387958067198,0.7698661018855892,-0.036128433458707504,0.04356388764017056,1.0,0.0,0.0,0.0,1.0,0.0,0.0,5.29
STU-14741,1.1281850633661783,-0.4684502176424942,0.8640299957004458,-0.6890972565337792,0.6103474455336687,1.174325721344041,2.5620963276923314,1.0,0.0,1.0,0.0,0.0,0.0,0.0,3.7
STU-11560,0.08708001816705048,0.5382794952327639,-0.34256449395641897,0.41421144085329614,0.7626480631366339,0.02151224057951886,2.4563462161424687,1.0,0.0,0.0,0.0,1.0,0.0,0.0,4.79
STU-11449,-0.9540250270320775,1.0365392314225472,-0.2132159848360852,-0.28408520306257423,0.1729342973469531,-1.1395356221904647,-0.4328842683678781,1.0,0.0,0.0,0.0,0.0,0.0,1.0,4.13
STU-12333,-0.4334725044325135,-0.8196824906943085,0.04548103340458514,0.34438177646170937,-0.12156168361043937,1.1249194293112754,0.8590232315770235,1.0,0.0,0.0,0.0,1.0,0.0,0.0,2.98
STU-14050,0.08708001816705048,-1.032055493004708,-1.3131720089586283,-0.7449609880470488,-1.3616207406810292,1.149622575327659,0.7979401346529144,1.0,0.0,0.0,0.0,1.0,0.0,0.0,2.14
STU-10523,-0.1731962431327315,-0.8013040578020625,0.37033339600451093,0.7214619641762801,-0.7921174833884244,1.3966540354914843,-0.49702152013819234,0.0,1.0,1.0,0.0,0.0,0.0,0.0,3.95
STU-13497,0.08708001816705048,-1.7059313657203978,-1.9174566469864516,-0.8566884510735882,-2.8550329578399634,0.9849349352184406,0.9262146381935429,0.0,1.0,0.0,0.0,1.0,0.0,0.0,2.28
STU-13396,0.8679088020663964,-0.07841903070704932,0.0657225939921197,0.16282464904358318,0.5757008595386811,-1.0736605661467777,-0.6558375721408755,1.0,0.0,0.0,1.0,0.0,0.0,0.0,4.48
STU-10923,1.3884613246659603,0.9099322492759627,0.016846630622221703,0.972848755985993,0.8276104118772346,0.836716059120145,-0.6497292624484644,1.0,0.0,0.0,0.0,1.0,0.0,0.0,5.19
STU-10139,-1.4745775496316413,0.08902891342230403,0.18865304731640656,-0.186323672914352,-0.3287193957054683,-0.41491000570990777,1.2957673745844014,1.0,0.0,0.0,1.0,0.0,0.0,0.0,3.6
STU-10907,2.559704500514979,-0.7277903262330778,1.0565716695818594,0.3164499107050751,-0.009682083001626218,0.08738729662320592,0.83458999280738,1.0,0.0,0.0,0.0,1.0,0.0,0.0,4.03
STU-14885,0.6076325407666144,0.4749760041594717,-0.6516185653660752,0.5957685682714223,0.9467080512350041,2.718272347367955,-0.6680541915256972,0.0,1.0,1.0,0.0,0.0,0.0,0.0,5.31
STU-11053,1.3884613246659603,0.4831441965560257,-0.922164301999447,-0.22822147154930458,-0.5791853402942311,-1.5924266324908127,-0.7382997529884223,1.0,0.0,0.0,0.0,1.0,0.0,0.0,3.72
STU-10337,-1.4745775496316413,-0.1682691470691416,0.5806481474749787,1.1963036820390716,1.0585876518438173,-1.0654261841413168,-0.37485532628997487,0.0,1.0,1.0,0.0,0.0,0.0,0.0,4.57
STU-14383,-1.4745775496316413,-1.4568014976255061,-2.325250038335294,-2.0437927457305674,-0.4470952311883418,0.9190598791747534,0.6177449987267934,0.0,1.0,0.0,0.0,0.0,0.0,1.0,2.65
STU-12934,-0.1731962431327315,0.9038061049785471,0.9045131168755122,0.13489278328694773,1.0585876518438173,0.07091853261228379,-0.9459822825303922,1.0,0.0,1.0,0.0,0.0,0.0,0.0,4.77
STU-11507,1.3884613246659603,-0.7032857490434166,-0.11941363089385729,-0.40977859896743074,-0.15043383860626258,-1.8394580926546396,-1.6942502198507254,0.0,1.0,0.0,1.0,0.0,0.0,0.0,3.15
STU-10668,-0.6937487657322955,-0.24178287863812584,0.33478724082640365,-0.38184673321079526,0.927219346612824,0.3097156107706492,1.369067090893332,1.0,0.0,0.0,0.0,0.0,0.0,1.0,4.22
STU-12134,-0.9540250270320775,-0.9810042905262465,-0.1974176936458142,-0.8706543839519053,-1.9195751359753046,0.33441875678703203,0.037455577947759805,1.0,0.0,0.0,1.0,0.0,0.0,0.0,3.32
STU-14800,-0.4334725044325135,-0.006947347237203482,1.1592605623186145,-0.4796082633590175,1.0585876518438173,-1.3700983183433695,-0.756624682065655,1.0,0.0,0.0,0.0,0.0,0.0,1.0,4.81
STU-10400,-0.1731962431327315,-1.0974010321771384,0.4098291239801849,0.12092685040863062,0.843490097124937,-0.6948789938955774,-0.07249399651563616,1.0,0.0,1.0,0.0,0.0,0.0,0.0,5.07
STU-10922,-0.6937487657322955,-1.761066664397136,-1.5126254352357855,-2.2393158060270104,-2.1195148093213776,0.5485126889290146,-0.48480490075337057,1.0,0.0,0.0,0.0,0.0,1.0,0.0,2.36
STU-12880,0.34735627946683245,0.9283106821682088,-0.4373542410980393,0.009199387382091261,1.0585876518438173,0.7214347110436929,-0.991794605223474,1.0,0.0,0.0,0.0,0.0,0.0,1.0,4.77
STU-12731,0.08708001816705048,1.0038664618363318,0.28245540125863444,0.9309509573510404,0.349054442821472,1.0755131372785112,-1.2849934704591963,1.0,0.0,0.0,0.0,0.0,1.0,0.0,4.77
STU-11093,0.34735627946683245,0.7138956317586709,1.5048481821057689,-1.010313712735079,1.0585876518438173,1.0178724632402847,1.4270960329712354,1.0,0.0,1.0,0.0,0.0,0.0,0.0,4.35
STU-14495,0.8679088020663964,0.12578577920679615,-0.20136726644338232,0.023165320260409614,0.036513364991690306,-0.40667562370444704,-1.187260515380622,1.0,0.0,0.0,0.0,0.0,0.0,1.0,3.9
STU-10015,0.08708001816705048,-0.588931055491663,0.16199343093282645,-0.004766545496225848,0.7128435957688387,-0.974847982081247,-1.2086395993040602,0.0,1.0,0.0,0.0,0.0,1.0,0.0,4.1
STU-11911,-0.1731962431327315,0.24830866515510336,0.0657225939921197,-0.7449609880470488,0.772753317385172,1.4625290915351714,2.0654143958281725,0.0,1.0,0.0,0.0,0.0,0.0,1.0,4.36
STU-10918,0.34735627946683245,-0.07229288640963409,1.1424748779289524,-0.15839180715771778,0.49197161005079515,-0.9913167460921691,-0.12441462890112863,1.0,0.0,0.0,0.0,0.0,0.0,1.0,4.78
STU-12001,0.08708001816705048,-0.9544576652374464,0.8936517916822017,-1.3734279675713312,-1.0988841302190417,-1.0983637121631604,2.5620963276923314,1.0,0.0,0.0,0.0,0.0,1.0,0.0,3.72
STU-10109,2.1692901085653062,0.013473133754180992,-0.45611471188648456,-0.605301659263874,-0.6484785122842064,0.7708410030764586,-1.233072838073704,0.0,1.0,1.0,0.0,0.0,0.0,0.0,4.51
STU-12014,0.6076325407666144,-0.23361468624157183,1.5048481821057689,-0.17235774003603488,1.0585876518438173,-0.5795976458191254,-0.5917003203705612,1.0,0.0,1.0,0.0,0.0,0.0,0.0,4.07
STU-14267,0.8679088020663964,0.2605609537499342,0.46808532274430553,0.26058617919180543,0.09137045948375297,1.2484351593931888,-0.06027737713081439,0.0,1.0,0.0,1.0,0.0,0.0,0.0,4.43
STU-13834,-0.4334725044325135,-0.006947347237203482,1.2718233870492877,0.1907565148002174,-0.3164487298322435,-1.1724731502123082,-0.6130794042939993,1.0,0.0,1.0,0.0,0.0,0.0,0.0,4.54
STU-14483,2.1692901085653062,-0.4439456404528329,0.15903125133465074,-0.772892853803683,-0.07031360849285435,0.02151224057951886,1.6347785625132052,1.0,0.0,0.0,0.0,0.0,0.0,1.0,4.97
STU-12680,0.08708001816705048,-0.9238269437503697,-2.1297461848557044,-0.8287565853169527,-1.7773797726208775,-0.7031133759010381,-0.3259888487506878,1.0,0.0,0.0,0.0,0.0,0.0,1.0,2.29
STU-14658,1.3884613246659603,-0.6256879212761551,-0.0512835001358185,0.9169850244727232,-1.0375308008529187,0.02151224057951886,0.41006246918482353,1.0,0.0,0.0,1.0,0.0,0.0,0.0,4.29
STU-13490,0.6076325407666144,0.8690912872931937,0.8581056365040944,-0.6890972565337792,0.7063473608947795,-0.43137876972082917,-1.3888347352301813,1.0,0.0,0.0,0.0,0.0,0.0,1.0,4.11
STU-14406,-0.1731962431327315,-1.1954193409357843,1.023987694001928,0.7214619641762801,0.46093404343028516,-2.2511771929276834,0.6207991535729988,1.0,0.0,0.0,0.0,0.0,1.0,0.0,3.88
STU-11781,-0.4334725044325135,-0.023283732030311134,-1.0436136655246475,-1.5689510278677756,-1.269951648569292,0.44970010486348405,-1.336914102844689,1.0,0.0,0.0,0.0,0.0,1.0,0.0,2.62
STU-11887,-0.4334725044325135,-0.5583003340045861,1.1632101351161825,-0.39581266608911364,-0.2276668532200881,-0.4643162977426727,-1.1047983345330752,1.0,0.0,1.0,0.0,0.0,0.0,0.0,4.31
STU-11836,-0.1731962431327315,-0.4990809391295711,-0.008825592561967419,0.5818026353931052,0.3468890311967852,1.2319663953822673,0.5963659148033552,0.0,1.0,0.0,0.0,1.0,0.0,0.0,4.11
STU-12666,1.3884613246659603,-0.18052143566397205,-0.057207859332168536,0.023165320260409614,-0.6369296502858764,-0.9830823640867085,0.5505535921102735,0.0,1.0,0.0,0.0,1.0,0.0,0.0,3.66
STU-11003,-1.2143012883318594,0.046145903340396296,-0.020674310954670306,0.051097186017043834,-0.47380197455947826,0.38382504881979695,-1.028444463377939,1.0,0.0,0.0,0.0,0.0,0.0,1.0,4.07
STU-11648,1.3884613246659603,-0.9095326070564005,-0.3554006055485142,-0.39581266608911364,0.46959568992903233,0.5732158349453974,0.25124641718214047,1.0,0.0,0.0,0.0,0.0,0.0,1.0,3.58
STU-11289,-1.4745775496316413,-0.023283732030311134,-0.401808085919932,0.23265431343516998,-0.22333602997071553,0.02151224057951886,2.53575424214381,1.0,0.0,0.0,0.0,0.0,1.0,0.0,4.33
STU-11706,1.3884613246659603,2.595387699102364,1.5048481821057689,-0.3399489345758439,1.0585876518438173,-0.6290039378518903,2.5620963276923314,1.0,0.0,0.0,0.0,0.0,0.0,1.0,5.49
STU-10673,-1.2143012883318594,-0.023283732030311134,-0.1984050868452066,-0.06063027700949553,0.2934755444545134,-1.2877544982887603,-1.181152205688211,1.0,0.0,0.0,1.0,0.0,0.0,0.0,3.46
STU-10988,-0.4334725044325135,0.20542565507319563,0.35552249801363234,-0.9125521825868579,-0.37563664757368076,-0.5301913537863597,-0.3565303972127421,1.0,0.0,0.0,0.0,0.0,1.0,0.0,3.6
STU-12508,-0.4334725044325135,0.2278881841637189,1.1562983827204387,-0.15839180715771778,1.0585876518438173,-0.3737380956826035,-0.9184948889145432,0.0,1.0,0.0,0.0,0.0,0.0,1.0,4.44
STU-11489,1.1281850633661783,-1.2158398219271687,-0.7918283996797209,0.14885871616526608,-0.9999969993583483,1.849545045791833,-0.4298301135216727,0.0,1.0,1.0,0.0,0.0,0.0,0.0,3.81
STU-14028,0.6076325407666144,-2.1041307450523963,1.43671805134773,-0.4935741962373346,-0.7596363090181235,-0.7854571959556473,-0.7505163723732441,1.0,0.0,0.0,0.0,1.0,0.0,0.0,2.71
STU-13198,-1.4745775496316413,-0.8870700779658776,-1.4435079112783544,-0.17235774003603488,-2.013409639711729,-1.971208204742013,-1.3277516383060723,1.0,0.0,0.0,0.0,1.0,0.0,0.0,2.47
STU-11567,0.34735627946683245,0.4096304649870411,0.009934878226477883,-1.163938974396571,0.6810842252734338,-1.2136450602396125,-0.7902203853739148,1.0,0.0,0.0,0.0,0.0,0.0,1.0,4.65
STU-11355,-0.1731962431327315,-0.19889986855621813,0.9756054272317267,-0.38184673321079526,-0.0356670224978667,1.5448729115897812,0.38868338526138535,0.0,1.0,0.0,0.0,0.0,0.0,1.0,3.93
STU-12687,0.6076325407666144,0.9221845378707932,-0.07596833012061524,1.5035542053620543,1.0585876518438173,-0.974847982081247,-0.9123865792221324,0.0,1.0,0.0,0.0,0.0,1.0,0.0,5.24
STU-13281,0.34735627946683245,-0.05799854971566485,0.5905220794688969,1.056644353255897,-0.35542613907660475,-0.4725506797481341,1.488179129895344,1.0,0.0,0.0,0.0,1.0,0.0,0.0,3.38
STU-12639,0.34735627946683245,0.24626661705596495,0.9825171796274691,-1.163938974396571,-0.7618017206428104,1.553107293595242,0.5749868308799171,1.0,0.0,0.0,0.0,0.0,1.0,0.0,3.35
STU-14761,0.34735627946683245,1.077380193405316,-0.07498093692122287,-1.0522115113700314,0.7972946491316206,0.02151224057951886,0.013022339178116259,1.0,0.0,0.0,1.0,0.0,0.0,0.0,3.93
STU-13913,1.6487375859657423,-1.4853901710134447,-0.7088873709308035,-0.5354719948722872,-0.9704030404876302,0.16973111667781438,1.5889662398201234,1.0,0.0,1.0,0.0,0.0,0.0,0.0,3.51
STU-11585,-1.4745775496316413,-0.31121251400883326,-0.03745999534433226,0.6237004340280577,0.3100770335771108,0.48263763288532757,-0.21909342913349744,0.0,1.0,0.0,0.0,1.0,0.0,0.0,3.47
STU-13144,1.6487375859657423,0.007346989456765759,-1.07126067510762,0.023165320260409614,-0.1078474099874237,-0.3655037136771428,-0.2526891324417571,0.0,1.0,0.0,0.0,0.0,1.0,0.0,3.45
STU-11551,-0.6937487657322955,0.46476576366377964,0.6161943026530861,0.24662024631348708,0.1729342973469531,-1.0901293301576997,-1.6667628262348761,1.0,0.0,0.0,0.0,0.0,0.0,1.0,4.43
STU-14039,1.3884613246659603,0.2993598676335647,0.04548103340458514,0.7214619641762801,1.0585876518438173,0.07091853261228379,-0.127468783747334,1.0,0.0,0.0,0.0,1.0,0.0,0.0,4.28
STU-14614,0.8679088020663964,-0.9707940500305541,-0.4274803091041197,0.5818026353931052,-1.138583343338298,-0.011425287442324671,0.23292148810490793,0.0,1.0,0.0,0.0,1.0,0.0,0.0,4.13
STU-11236,-0.1731962431327315,0.6383398520905482,0.18174129492066274,1.7968387958067198,1.0585876518438173,-0.6043007918355082,-1.089527560302048,1.0,0.0,0.0,0.0,0.0,0.0,1.0,5.24
STU-13776,0.8679088020663964,-0.686949364250309,0.10274983896931342,-0.772892853803683,-1.2648990214450226,0.4085281948361798,0.3611959916455364,0.0,1.0,0.0,1.0,0.0,0.0,0.0,3.07
STU-11198,-0.4334725044325135,0.7996616519224864,1.5048481821057689,-0.6192675921421923,0.1729342973469531,-2.564083709135196,0.07105128125601948,1.0,0.0,0.0,0.0,1.0,0.0,0.0,4.19
STU-10063,1.6487375859657423,1.2407440413363926,0.698147938202611,1.0007806217426272,1.0585876518438173,0.12855920665051015,-1.0009570697620902,0.0,1.0,0.0,0.0,0.0,1.0,0.0,4.9
STU-12712,2.4295663698650882,0.056356143836088717,0.0657225939921197,0.6237004340280577,-1.2143727502023325,0.5238095429126318,-0.4573175071375216,0.0,1.0,0.0,0.0,0.0,1.0,0.0,3.96
STU-13077,-0.4334725044325135,0.5464476876293175,-0.5953371530007379,0.6655982326630103,0.6709789710248958,0.5320439249180933,-0.243526667903141,1.0,0.0,0.0,1.0,0.0,0.0,0.0,4.37
STU-13255,1.6487375859657423,-1.2628069282073533,-0.478824755472498,0.4700751723665658,-1.6106430775200007,0.07915291461774449,-1.1261774184565132,0.0,1.0,0.0,0.0,0.0,0.0,1.0,3.17
STU-12118,1.1281850633661783,2.595387699102364,-1.4464700908765302,-0.758926920925366,-2.125289240320542,-0.2584567476061508,0.46198310157031597,0.0,1.0,0.0,0.0,0.0,0.0,1.0,3.13
STU-10259,0.6076325407666144,0.885427672086301,1.5048481821057689,0.023165320260409614,1.0585876518438173,1.2978414514259544,-1.3827264255377703,1.0,0.0,1.0,0.0,0.0,0.0,0.0,5.64
STU-10590,-0.4334725044325135,-0.20706806095277214,1.251088129862059,0.5259389038798356,-0.941530885491807,0.02151224057951886,0.6452323923426423,0.0,1.0,0.0,0.0,0.0,0.0,1.0,4.13
STU-12507,0.34735627946683245,0.8935958644828547,0.5243667351096415,-0.3259830016975256,1.0585876518438173,-0.8678010160102557,-0.6283501785250265,1.0,0.0,1.0,0.0,0.0,0.0,0.0,4.69
STU-10192,-1.4745775496316413,-0.5072491315261247,-1.1226051214759967,-1.3175642360580628,0.3014153870783646,-0.11023787150785526,-0.1580103322093886,1.0,0.0,0.0,0.0,1.0,0.0,0.0,3.02
STU-11947,-0.1731962431327315,0.5015226294482718,1.3310669790127994,0.9030190915944062,0.9979561263525891,0.08738729662320592,-0.5031298298306034,0.0,1.0,0.0,0.0,0.0,1.0,0.0,5.89
STU-13376,0.08708001816705048,-1.2464705434142456,-0.46598864388040273,1.2661333464306586,-1.042583427977187,0.25207493673242287,-0.22520173882590822,1.0,0.0,0.0,1.0,0.0,0.0,0.0,3.62
STU-11767,1.3884613246659603,0.372873599202549,1.0565716695818594,-0.4516763976023833,1.0585876518438173,0.5567470709344753,0.006914029485705235,1.0,0.0,0.0,0.0,0.0,0.0,1.0,4.81
STU-10594,-0.1731962431327315,0.6383398520905482,1.220478940680911,0.4980070381232013,1.0585876518438173,-0.3325661856552993,-1.3094267092288399,1.0,0.0,0.0,0.0,0.0,0.0,1.0,4.18
STU-10344,1.3884613246659603,-0.4909127467330171,0.353547711614849,-0.9125521825868579,0.4876407868014216,0.3755906668143363,-0.9429281276841869,1.0,0.0,0.0,0.0,1.0,0.0,0.0,4.16
STU-11008,-0.1731962431327315,-1.4833481229143064,-2.2324350775924584,-1.3315301689363799,-0.43554636919001294,0.5979189809617803,-0.38096363598238564,0.0,1.0,0.0,0.0,0.0,0.0,1.0,2.96
STU-14509,-0.4334725044325135,-0.9034064627589851,0.6961731518038277,-0.4516763976023833,-0.5647492627963194,0.5155751609071711,1.307983993969223,0.0,1.0,0.0,0.0,0.0,0.0,1.0,4.04
STU-14386,1.3884613246659603,0.5954568420086405,1.5048481821057689,-0.13045994140108233,0.968362167481871,-0.003190905436863971,-0.9734696761462412,1.0,0.0,0.0,0.0,0.0,1.0,0.0,4.88
STU-11105,2.1692901085653062,-0.8013040578020625,0.21926223649755475,-0.5634038606289227,-1.7319061285024564,0.22737179071604074,1.3751754005857428,1.0,0.0,1.0,0.0,0.0,0.0,0.0,3.67
STU-13291,0.8679088020663964,-2.093920504556704,-2.3173508927401594,-2.0717246114872014,-1.3825530530530001,-0.29962865763345575,0.13518853302633374,1.0,0.0,0.0,1.0,0.0,0.0,0.0,2.43
STU-10486,0.8679088020663964,0.07473457672833478,-0.10855230570054678,-0.07459620988781264,-1.1818915758320327,-1.7488798905945697,0.4039541594924125,1.0,0.0,0.0,0.0,1.0,0.0,0.0,3.68
STU-11669,1.3884613246659603,-0.42556720756058686,-0.8313241276553949,-1.9879290142172976,0.3245131110750224,0.7296690930491537,-0.36569286175135846,1.0,0.0,0.0,1.0,0.0,0.0,0.0,2.03
STU-13381,0.34735627946683245,-0.3704319088838483,0.555963317490182,0.5399048367581526,-0.827485873258307,-1.016019892108552,-1.0162278439931174,0.0,1.0,0.0,0.0,0.0,0.0,1.0,3.73
STU-11117,0.08708001816705048,-0.7277903262330778,0.32392591563309314,0.023165320260409614,0.26171617395910746,-0.8348634879884123,0.11991775879530658,1.0,0.0,0.0,0.0,1.0,0.0,0.0,4.34
STU-12659,-0.1731962431327315,1.1468098287760236,0.34071160002275375,1.7968387958067198,1.0585876518438173,-1.584192250485352,0.32149197864486573,0.0,1.0,0.0,0.0,0.0,1.0,0.0,5.27
STU-12343,-0.6937487657322955,1.0283710390259928,0.8324334133199053,-1.0661774442483485,0.7915202181324561,-2.0288488787802392,-1.3338599479984832,1.0,0.0,0.0,0.0,0.0,0.0,1.0,4.51
STU-14611,0.08708001816705048,-0.1948157723579413,0.6685261422208553,0.26058617919180543,1.0585876518438173,-0.793691577961108,0.019130648870527008,1.0,0.0,0.0,0.0,0.0,0.0,1.0,4.61
STU-13193,0.34735627946683245,-0.1641850508708644,-0.6437194197709404,-0.07459620988781264,1.0585876518438173,-1.452442138397978,0.4131166240310289,1.0,0.0,0.0,0.0,0.0,0.0,1.0,4.05
STU-14935,-0.4334725044325135,-0.6624447870606476,-1.0603993499143094,-0.11649400852276522,0.22490417633943405,0.19443426269419722,-0.33820546813550956,0.0,1.0,0.0,0.0,0.0,0.0,1.0,3.01
STU-13217,-1.4745775496316413,0.26464504994821103,-0.8678576760328944,-0.4796082633590175,0.8146179421291149,1.8989513378245988,-0.3840177908285913,1.0,0.0,1.0,0.0,0.0,0.0,0.0,3.75
STU-14702,0.08708001816705048,-1.2015454852331995,-0.6733412157526962,0.8331894272028181,-0.6600273742825352,0.5485126889290146,-0.20993096459488106,0.0,1.0,1.0,0.0,0.0,0.0,0.0,3.8
STU-14625,-0.1731962431327315,-1.899925935138551,-1.3892012853118019,-0.28408520306257423,-0.40450880256950295,-0.08553472549147244,-1.2361269929199092,1.0,0.0,0.0,0.0,1.0,0.0,0.0,2.47
STU-14869,0.34735627946683245,1.3775612639786687,-0.33664013476006893,0.6655982326630103,1.0585876518438173,-0.8430978699938729,-0.014465054437732936,1.0,0.0,0.0,0.0,1.0,0.0,0.0,3.85
STU-11746,1.1281850633661783,-0.14784866607775676,1.0318868395970626,0.6795641655413275,-0.04793768837109151,-0.5301913537863597,-1.150610657226157,1.0,0.0,0.0,0.0,0.0,0.0,1.0,4.49
STU-14753,0.8679088020663964,-0.023283732030311134,0.0657225939921197,1.7549409971717673,0.19097939421934235,0.02151224057951886,-0.5092381395230141,1.0,0.0,0.0,0.0,0.0,0.0,1.0,5.65
STU-13442,-0.9540250270320775,0.7261479203535017,-0.04140956814189896,0.4561092394882487,-1.0815608372215484,0.20266864469965792,-0.7657871466042713,1.0,0.0,0.0,0.0,0.0,0.0,1.0,3.22
STU-12877,-0.4334725044325135,-0.9401633285434774,0.1679177901291765,0.3723136422183448,-1.95783074134477,0.12855920665051015,1.5339914525884257,1.0,0.0,0.0,0.0,1.0,0.0,0.0,3.74
STU-10415,0.34735627946683245,-0.1927737242588029,0.8798282868907155,-1.345496101814697,-0.2103435602225948,-1.8312237106491782,2.53575424214381,0.0,1.0,0.0,0.0,0.0,1.0,0.0,3.39
STU-12217,-1.4745775496316413,1.4367806588536838,-0.2507369264129758,1.7968387958067198,1.0463169859705925,0.6226221269781624,-0.6619458818332862,1.0,0.0,0.0,0.0,0.0,0.0,1.0,6.5
STU-13696,-0.6937487657322955,-1.023887300608154,0.2735688624641073,-0.5215060619939701,-0.6881777254034624,-0.5137225897754384,0.5597160566488902,1.0,0.0,0.0,0.0,0.0,1.0,0.0,3.65
STU-11480,-0.9540250270320775,-1.1300738017633536,-1.240104912203629,-0.3259830016975256,-1.7051993851313205,-1.5430203404580478,-0.20993096459488106,0.0,1.0,0.0,0.0,0.0,1.0,0.0,3.29
STU-11216,0.08708001816705048,0.6138352749008866,1.3182308674207055,0.42817737373161324,0.1729342973469531,0.4249969588471012,-0.6833249657567243,1.0,0.0,0.0,1.0,0.0,0.0,0.0,5.4
STU-11282,-0.6937487657322955,0.6485500925862403,0.003023125830735468,-0.6890972565337792,1.0585876518438173,-0.052597197469628904,0.9598103415018031,1.0,0.0,0.0,0.0,1.0,0.0,0.0,4.66
STU-14749,-0.1731962431327315,-0.44802973665110973,0.06819107699059854,0.8471553600811365,-0.4333809575653262,0.6226221269781624,-0.4725882813685491,0.0,1.0,0.0,0.0,1.0,0.0,0.0,4.17
STU-11123,0.08708001816705048,1.0569597124139312,-0.08781704851331673,1.4337245409704675,1.0376553394718453,0.05444976860136239,-0.1977143452100593,0.0,1.0,0.0,0.0,0.0,0.0,1.0,5.84
STU-14605,-1.4745775496316413,0.4382191383749796,0.5480641718950472,0.16282464904358318,0.10291932148208288,0.06268415060682309,-0.1946601903638539,1.0,0.0,1.0,0.0,0.0,0.0,0.0,3.84
STU-10906,-0.1731962431327315,-0.3132545621079717,0.17285475612613696,-0.7309950551687304,-1.5918761767727159,0.4085281948361798,-1.7339542328513962,1.0,0.0,1.0,0.0,0.0,0.0,0.0,3.45
STU-14396,-0.1731962431327315,1.2407440413363926,0.7919502921448389,0.1907565148002174,1.0585876518438173,-0.019659669447785372,-0.313772229365866,1.0,0.0,0.0,0.0,0.0,1.0,0.0,5.03
STU-11682,-1.4745775496316413,0.11353349061196531,0.32392591563309314,1.308031145065611,1.0585876518438173,1.4048884174969465,0.6116366890343826,1.0,0.0,0.0,0.0,0.0,1.0,0.0,4.71
STU-14774,1.6487375859657423,-0.5725946706985553,0.8274964473229462,-0.758926920925366,0.5944677602859653,-0.7772228139501866,-0.1580103322093886,1.0,0.0,0.0,0.0,0.0,0.0,1.0,4.21
STU-11826,-0.6937487657322955,0.09311300962058085,0.9835045728268615,0.5957685682714223,0.14694935785071261,1.684857405682616,0.3825750755689746,0.0,1.0,0.0,1.0,0.0,0.0,0.0,5.31
STU-13670,-0.4334725044325135,0.2932337233361495,0.06424150419303044,0.9588828231076758,0.37143036294323484,0.8696535871419893,-0.5825378558319447,0.0,1.0,0.0,0.0,0.0,1.0,0.0,4.18
STU-14905,-0.4334725044325135,-0.23974083053898743,-0.33664013476006893,-0.39581266608911364,-0.8303730887578897,-0.6454727018628125,1.0728140708114042,0.0,1.0,0.0,1.0,0.0,0.0,0.0,4.14
STU-14981,-1.4745775496316413,-0.6399822579701244,-0.3978585131223639,0.4840411052448829,0.1729342973469531,0.02151224057951886,-1.0162278439931174,1.0,0.0,0.0,0.0,0.0,0.0,1.0,4.17
STU-12509,0.8679088020663964,0.5423635914310407,-0.7839292540845861,-0.605301659263874,0.8059562956303677,0.16973111667781438,2.383046499833538,1.0,0.0,0.0,1.0,0.0,0.0,0.0,3.83
STU-13607,-0.9540250270320775,-0.19889986855621813,-0.7947905792778966,0.4421433066099316,-0.6087792991649491,-0.4643162977426727,-0.22520173882590822,0.0,1.0,0.0,1.0,0.0,0.0,0.0,4.01
STU-12126,-1.4745775496316413,-1.9509771376170122,-0.8718072488304611,-1.7365422224075848,-0.9018316723725508,0.21090302670511862,-0.7749496111428876,1.0,0.0,0.0,0.0,0.0,0.0,1.0,1.6
STU-12356,-0.1731962431327315,-1.2648489763064916,-0.11842623769446492,-0.28408520306257423,-0.5019523256804055,0.6637940370054666,-0.0663856868232254,1.0,0.0,0.0,0.0,0.0,0.0,1.0,3.44
STU-11021,-0.9540250270320775,-0.952415617138308,0.8818030732894988,0.3723136422183448,-0.5084485605544649,0.9849349352184406,0.7979401346529144,0.0,1.0,0.0,1.0,0.0,0.0,0.0,4.65
STU-14212,-0.1731962431327315,-0.7951779135046468,0.0657225939921197,-0.7309950551687304,-0.001020436502880075,0.8696535871419893,-0.5092381395230141,1.0,0.0,0.0,0.0,1.0,0.0,0.0,3.67
STU-10441,-0.1731962431327315,-1.7140995581169516,-1.9767002389499646,-0.3259830016975256,0.1729342973469531,-0.5301913537863597,-0.13357709343974503,1.0,0.0,0.0,0.0,0.0,1.0,0.0,2.1
STU-10257,2.1692901085653062,0.6893910545690096,1.5048481821057689,-0.07459620988781264,0.7344977120157067,0.12032482464504946,0.2878962753366058,1.0,0.0,0.0,0.0,0.0,0.0,1.0,4.56
STU-14650,-1.2143012883318594,-0.08250312690532614,0.8413199521144324,-0.5634038606289227,1.0224974580990387,-1.2877544982887603,-1.0650943215324045,1.0,0.0,0.0,0.0,0.0,0.0,1.0,4.1
STU-14991,-1.4745775496316413,-1.1790829561426766,-0.5755892890129002,-1.6248147593810454,-1.1826133797069276,-0.6125351738409689,-1.2116937541502657,1.0,0.0,0.0,0.0,0.0,0.0,1.0,2.75
STU-12004,0.08708001816705048,0.23809842465941095,-0.18556897525311275,0.4840411052448829,-1.3255305469362508,0.47440325087986684,-0.36569286175135846,1.0,0.0,0.0,0.0,0.0,0.0,1.0,4.82
STU-12524,-1.2143012883318594,1.7267514889313447,1.5048481821057689,1.7968387958067198,1.0585876518438173,-0.8842697800211778,-1.3888347352301813,1.0,0.0,0.0,0.0,1.0,0.0,0.0,5.5
STU-10875,-0.9540250270320775,1.8125175090951593,0.8966139712803773,0.42817737373161324,1.0585876518438173,-0.10200348950239456,1.210251038890649,1.0,0.0,0.0,0.0,0.0,0.0,1.0,5.23
STU-11373,-0.1731962431327315,-2.2695366410826114,-0.5104213378530371,-0.5075401291156529,-3.1643259182327137,-0.8183947239774908,-0.5947544752167665,1.0,0.0,0.0,0.0,0.0,0.0,1.0,2.85
STU-13230,-0.1731962431327315,-0.023283732030311134,0.17384214932552794,0.38627957509666194,0.12673884935363655,0.41676257684164053,0.08021374579463589,1.0,0.0,0.0,0.0,0.0,0.0,1.0,4.02
STU-12299,2.559704500514979,0.8874697201854398,1.5048481821057689,0.4840411052448829,1.0116703999756047,0.7132003290382323,-0.1580103322093886,1.0,0.0,1.0,0.0,0.0,0.0,0.0,5.66
STU-11716,-1.4745775496316413,1.7410458256253138,1.5048481821057689,0.03713125313872672,1.0585876518438173,0.03798100459044026,2.4166422031417985,1.0,0.0,0.0,0.0,1.0,0.0,0.0,5.44
STU-14296,0.8679088020663964,-0.7073698452416934,-2.3390735431267804,-0.01873247837454296,-1.1176510309663268,0.6473252729945452,-0.1580103322093886,0.0,1.0,1.0,0.0,0.0,0.0,0.0,3.05
STU-14002,0.08708001816705048,0.12578577920679615,0.7968872581417981,-0.38184673321079526,1.0585876518438173,-1.600661014496274,-1.0131736891469119,1.0,0.0,0.0,0.0,0.0,0.0,1.0,4.3
STU-10021,-1.4745775496316413,-0.023283732030311134,-0.7059251913326278,0.9309509573510404,0.4277310651850894,0.4085281948361798,-0.7260831336036006,0.0,1.0,0.0,0.0,0.0,1.0,0.0,5.42
STU-11378,-1.2143012883318594,0.37083155110341054,0.30812762444282216,1.238201480674023,0.9243321311132413,-0.42314438771536844,-0.8177077789897638,1.0,0.0,0.0,1.0,0.0,0.0,0.0,5.6
STU-11463,-0.1731962431327315,-0.19073167615966446,0.40785433758140155,-0.8147906524386356,-0.17569697422760713,1.1825601033495017,-0.16106448705559395,1.0,0.0,0.0,0.0,0.0,1.0,0.0,4.28
STU-10500,-0.4334725044325135,-0.731874422431355,0.413778696777753,0.12092685040863062,1.0585876518438173,0.20266864469965792,-1.1475565023799514,1.0,0.0,1.0,0.0,0.0,0.0,0.0,4.28
STU-13447,-0.4334725044325135,1.5735978814959606,0.20445133850667613,0.4421433066099316,1.0585876518438173,0.8778879691474499,2.5620963276923314,1.0,0.0,0.0,1.0,0.0,0.0,0.0,4.7
STU-12986,-0.6937487657322955,-0.12130204078895705,-0.4886986874664161,-0.9963477798567617,0.16210723922351913,0.18619988068873652,0.35814183679933104,1.0,0.0,0.0,0.0,1.0,0.0,0.0,3.52
STU-10881,-1.2143012883318594,-0.05799854971566485,-0.5212826630463476,-0.04666434413117842,0.0011449751218067172,-0.09376910749693386,-1.336914102844689,1.0,0.0,0.0,0.0,1.0,0.0,0.0,4.16
STU-13360,2.1692901085653062,-1.554819806384152,-0.8471224188456644,-0.17235774003603488,-1.8307932593631497,0.6637940370054666,-0.3931802553672074,0.0,1.0,0.0,0.0,0.0,0.0,1.0,3.82
STU-13011,1.9090138472655243,1.773718595211529,0.2320983480896486,0.2885180449484397,1.0585876518438173,0.5814502169508582,-1.489621845154961,1.0,0.0,0.0,0.0,1.0,0.0,0.0,4.92
STU-11837,0.8679088020663964,1.3816453601769454,0.11558595056140869,-0.35391486745416106,1.0585876518438173,-0.9007385440320993,-0.1580103322093886,1.0,0.0,0.0,0.0,0.0,0.0,1.0,5.47
STU-13564,1.1281850633661783,-0.4337353999571405,1.1513614167234796,1.0426784203775796,-1.7131392277551716,-0.7031133759010381,-1.1322857281489243,1.0,0.0,0.0,0.0,0.0,0.0,1.0,4.01
STU-10394,-0.4334725044325135,0.4749760041594717,0.9015509372773365,-0.5773697935072397,0.9301065621124057,0.5485126889290146,2.0867934797516106,0.0,1.0,0.0,0.0,0.0,0.0,1.0,3.92
STU-14584,1.3884613246659603,0.1339539716033498,-1.0613867431137003,-0.14442587427939943,0.027129914618047198,-0.6290039378518903,-0.6405667979098483,1.0,0.0,0.0,0.0,0.0,0.0,1.0,3.05
STU-13589,-0.6937487657322955,0.6199614191983022,-0.29122004758804215,-0.4516763976023833,1.0585876518438173,1.5778104396116241,-0.4328842683678781,1.0,0.0,0.0,0.0,0.0,1.0,0.0,4.23
STU-12370,0.8679088020663964,0.5811625053146716,0.0657225939921197,-0.5215060619939701,1.0585876518438173,2.4012486401577116,1.3232547682002505,1.0,0.0,0.0,0.0,0.0,0.0,1.0,5.02
STU-13141,1.1281850633661783,-1.0565600701943691,-0.98140789396296,0.8890531587160878,-1.0064932342324087,0.6555596550000059,-0.0877647707466633,1.0,0.0,0.0,0.0,0.0,0.0,1.0,4.03
STU-11149,-1.4745775496316413,-0.05391445351738803,0.14422035334377212,0.98681468886431,0.7142872035186306,0.9684661712075191,0.7857235152680929,1.0,0.0,0.0,1.0,0.0,0.0,0.0,5.11
STU-10369,0.08708001816705048,-1.0402236854012616,0.1333590281504616,-0.15839180715771778,-1.4698913219153646,-0.5878320278245861,0.21154240418146975,1.0,0.0,0.0,0.0,0.0,0.0,1.0,3.94
STU-12316,0.34735627946683245,0.4831441965560257,-0.33664013476006893,-0.21425553867098746,-0.9018316723725508,-0.4478475337317513,0.1382426878725391,1.0,0.0,0.0,0.0,0.0,0.0,1.0,4.02
STU-13192,-0.1731962431327315,-1.401666198948768,-1.6528352695494313,-1.9041334169473938,-0.2875765748364213,-1.6418329245235783,-1.3124808640750454,1.0,0.0,0.0,0.0,0.0,0.0,1.0,2.71
STU-14256,-0.1731962431327315,-0.4378194961554173,-0.8392232732505296,0.12092685040863062,0.023520895243569553,0.06268415060682309,2.5620963276923314,0.0,1.0,1.0,0.0,0.0,0.0,0.0,4.98
STU-10315,-0.4334725044325135,-0.229530590043295,0.6339673802421404,0.3723136422183448,1.0585876518438173,-0.9336760720539429,0.3550876819531257,1.0,0.0,0.0,0.0,0.0,1.0,0.0,3.74
STU-10105,0.6076325407666144,0.632213707793133,0.9272231604615255,1.1823377491607534,0.35915969707001005,0.4414657228580233,-0.3046097648272496,1.0,0.0,1.0,0.0,0.0,0.0,0.0,5.14
STU-10794,1.3884613246659603,1.3408043981941766,1.5048481821057689,1.056644353255897,0.9322719737370925,1.1825601033495017,0.3245461334910711,1.0,0.0,0.0,0.0,0.0,0.0,1.0,5.7
STU-11432,1.1281850633661783,-0.6583606908623705,-0.8382358800511387,0.3164499107050751,-2.663033127117742,1.0755131372785112,-1.2636143865357583,1.0,0.0,0.0,0.0,1.0,0.0,0.0,3.49
STU-13244,-1.2143012883318594,-0.4378194961554173,-0.5123961242518219,-0.758926920925366,-1.34357564380864,-0.06083157947509033,-0.5122922943692197,0.0,1.0,0.0,0.0,0.0,1.0,0.0,2.51
STU-13857,0.8679088020663964,0.740442257047471,0.8758787140931473,-0.28408520306257423,0.21840794146537368,0.38382504881979695,-0.22520173882590822,0.0,1.0,0.0,0.0,0.0,0.0,1.0,4.67
STU-14982,-1.2143012883318594,-0.41535696706489444,-0.2132159848360852,0.13489278328694773,0.5807534866629496,-0.41491000570990777,-0.15190202251697757,1.0,0.0,0.0,0.0,0.0,0.0,1.0,4.54
STU-11575,1.3884613246659603,0.06860843243091919,-0.5262196290433067,-0.5913357263855569,-0.7495310547695855,-0.5795976458191254,-1.0131736891469119,0.0,1.0,0.0,0.0,0.0,1.0,0.0,4.24
STU-14858,0.6076325407666144,1.8839891925650056,0.21926223649755475,-1.0801433771266657,1.0585876518438173,-0.9666136000757863,-0.9979029149158848,1.0,0.0,0.0,0.0,0.0,1.0,0.0,4.45
STU-12856,0.08708001816705048,-0.35205347599160225,0.21432527050059566,-0.8706543839519053,0.7438811623893488,-0.6866446118901167,-0.8299243983745855,1.0,0.0,0.0,0.0,0.0,0.0,1.0,3.46
STU-12652,-0.1731962431327315,-1.0667703106900615,0.2311109548902562,-0.13045994140108233,-0.5553658124226774,0.4991063968962497,-0.5917003203705612,1.0,0.0,0.0,0.0,0.0,0.0,1.0,3.5
STU-11710,0.34735627946683245,-0.09679746359929539,-2.2719308055681333,-0.6890972565337792,0.1924230019691332,0.48263763288532757,-0.7718954562966821,1.0,0.0,0.0,1.0,0.0,0.0,0.0,3.46
STU-12375,-1.4745775496316413,-1.562987998780706,-0.2507369264129758,-1.9599971484606635,-1.002884214857931,0.6226221269781624,-0.5947544752167665,1.0,0.0,0.0,0.0,0.0,0.0,1.0,2.5
STU-11566,1.1281850633661783,0.8119139405173168,1.5048481821057689,0.819223494324501,1.0585876518438173,0.36735628480887556,-0.20687680974867567,1.0,0.0,0.0,0.0,0.0,1.0,0.0,4.84
STU-10397,-1.4745775496316413,-2.016322676789443,-0.565715357018982,-0.4516763976023833,-2.9589727158249253,0.9931693172239027,0.1382426878725391,0.0,1.0,1.0,0.0,0.0,0.0,0.0,2.7
STU-12268,-0.1731962431327315,1.118221155388085,-0.8609459236371506,-0.35391486745416106,0.5648738014152471,-0.7689884319447252,-0.6558375721408755,0.0,1.0,0.0,0.0,0.0,0.0,1.0,4.54
STU-13022,0.34735627946683245,-1.91422027183252,-0.7029630117344521,-1.177904907274888,-1.5615604140271018,0.9108254971692927,-0.35958455205894774,1.0,0.0,0.0,0.0,0.0,0.0,1.0,3.23
STU-14445,1.3884613246659603,-0.6971596047460014,0.5421398126986958,0.7773256956895485,-0.8527490088796525,-0.1267066355187774,-0.020573364130143688,0.0,1.0,0.0,0.0,0.0,0.0,1.0,4.44
STU-12068,-0.1731962431327315,0.37083155110341054,0.4206904491734954,0.553870769636471,0.4753701209281968,0.5320439249180933,1.5187206783573983,1.0,0.0,0.0,0.0,0.0,0.0,1.0,4.43
STU-14061,0.34735627946683245,1.7410458256253138,1.5048481821057689,1.1823377491607534,1.0585876518438173,-0.8348634879884123,-0.1580103322093886,1.0,0.0,0.0,0.0,0.0,0.0,1.0,5.82
STU-13541,-1.4745775496316413,-0.5276696125175095,0.0657225939921197,0.27455211207012253,-0.1865240323510411,0.18619988068873652,0.2848421204904004,1.0,0.0,0.0,0.0,0.0,1.0,0.0,3.14
STU-11898,0.8679088020663964,0.8241662291121473,-1.2243066210133595,-0.5215060619939701,1.0585876518438173,-2.3170522489713696,1.5309372977422202,1.0,0.0,1.0,0.0,0.0,0.0,0.0,4.6
STU-11265,-0.1731962431327315,0.8772594796897474,1.5048481821057689,0.023165320260409614,1.0585876518438173,1.042575609256667,-0.1580103322093886,1.0,0.0,0.0,0.0,0.0,0.0,1.0,5.68
STU-13487,2.1692901085653062,-0.12130204078895705,0.0657225939921197,-0.8706543839519053,-2.0516652450811943,-0.15964416354062091,1.0453266771955552,1.0,0.0,0.0,0.0,1.0,0.0,0.0,2.87
STU-12399,0.08708001816705048,0.7649468342371323,-0.2665352176032454,1.7968387958067198,0.044453207615541536,0.7543722390655365,-1.1567189669185678,0.0,1.0,0.0,0.0,0.0,1.0,0.0,5.39
STU-12532,-0.1731962431327315,0.4872282927543025,0.6023707978615997,1.1264740176474837,0.9813546372299917,0.8120129131037629,-0.1580103322093886,1.0,0.0,0.0,0.0,0.0,0.0,1.0,5.31
STU-10133,-0.6937487657322955,-0.0416621649225572,-0.18951854805067944,-0.5354719948722872,1.0585876518438173,-0.5301913537863597,-0.7382997529884223,0.0,1.0,0.0,0.0,1.0,0.0,0.0,3.7
STU-14721,0.08708001816705048,0.515816966142241,1.5048481821057689,1.7968387958067198,1.0455951820956966,-0.17611292755154234,-0.570321236447123,0.0,1.0,1.0,0.0,0.0,0.0,0.0,5.96
STU-13498,0.8679088020663964,1.1896928388579313,1.5048481821057689,0.07902905177367806,1.0585876518438173,-0.23375360158976868,0.18405501056562082,1.0,0.0,1.0,0.0,0.0,0.0,0.0,5.54
STU-14954,-0.6937487657322955,0.4382191383749796,-0.5360935610372263,-0.3120170688192085,1.0585876518438173,-0.8513322519993344,0.8040484443453251,1.0,0.0,1.0,0.0,0.0,0.0,0.0,4.8
STU-13049,0.34735627946683245,0.21767794366802645,-0.28035872239473164,0.27455211207012253,0.5793098789131587,-0.8925041620266386,0.07105128125601948,1.0,0.0,0.0,1.0,0.0,0.0,0.0,4.73
STU-12023,-0.1731962431327315,-0.4296513037588637,0.0657225939921197,0.023165320260409614,1.0585876518438173,-2.3417553949877523,-1.6056797293107674,0.0,1.0,0.0,0.0,0.0,0.0,1.0,3.32
STU-12331,-0.6937487657322955,-0.4643661214442174,0.0657225939921197,0.03713125313872672,1.0585876518438173,-0.43961315172629056,-1.2880476253054018,1.0,0.0,0.0,0.0,0.0,1.0,0.0,4.41
STU-14887,0.34735627946683245,1.4020658411683304,1.5048481821057689,1.4756223396054189,1.0585876518438173,0.5073407789017104,0.3611959916455364,1.0,0.0,0.0,0.0,1.0,0.0,0.0,5.89
STU-10359,-0.4334725044325135,-0.3295909469010793,-0.9192021224012713,-0.6332335250205094,-1.585379941898656,0.606153362967241,-1.4438095224618792,1.0,0.0,0.0,1.0,0.0,0.0,0.0,3.32
STU-14208,-0.6937487657322955,-0.7706733363149856,-1.4069743629008549,1.3499289437005624,-1.4179214429228837,-1.5594891044689692,-0.13052293859353967,1.0,0.0,1.0,0.0,0.0,0.0,0.0,3.64
STU-14115,1.1281850633661783,0.6628444292802095,0.7445554185740288,0.13489278328694773,1.0282718890982032,1.2649039234041102,0.6391240826502316,1.0,0.0,0.0,0.0,0.0,0.0,1.0,4.67
STU-12722,-0.1731962431327315,2.1943805036340507,0.5885472930701136,1.7968387958067198,1.0585876518438173,0.5238095429126318,0.35814183679933104,1.0,0.0,0.0,1.0,0.0,0.0,0.0,5.2
STU-10326,-1.2143012883318594,-0.023283732030311134,-0.8698324624316778,1.6851113327801805,0.7799713561341273,-0.9419104540594035,-1.2727768510743744,0.0,1.0,0.0,0.0,0.0,1.0,0.0,4.09
STU-14227,1.1281850633661783,0.14824830829731903,1.0792817131678727,1.7968387958067198,0.896181779992314,0.4414657228580233,1.155276251658951,1.0,0.0,0.0,0.0,0.0,0.0,1.0,5.4
STU-10665,-1.4745775496316413,0.7445263532457478,1.5048481821057689,-0.7868587866820002,1.0585876518438173,-0.637238319857351,-0.9215490437607488,1.0,0.0,0.0,0.0,0.0,0.0,1.0,5.03
STU-12478,-1.4745775496316413,0.9466891150604548,-0.42649291590472876,0.3304158435833922,1.0585876518438173,-0.28315989362253363,-0.646675107602259,1.0,0.0,0.0,1.0,0.0,0.0,0.0,3.91
STU-11424,0.34735627946683245,0.673054669775902,1.5048481821057689,-0.2980511359408914,0.15849821984904147,0.08738729662320592,-1.7064668392355469,0.0,1.0,0.0,0.0,0.0,1.0,0.0,4.72
STU-14418,0.34735627946683245,-0.15601685847431077,1.5048481821057689,-1.9599971484606635,0.8492645281241016,0.4249969588471012,-1.0803650957634316,1.0,0.0,0.0,1.0,0.0,0.0,0.0,3.77
STU-12983,-1.4745775496316413,-2.2695366410826114,0.22222441609573046,0.7912916285678668,-3.1643259182327137,0.672028419010928,1.5614788462042746,1.0,0.0,0.0,0.0,0.0,0.0,1.0,2.32
STU-11279,0.08708001816705048,-0.09067131930188016,-1.3279829069495055,0.972848755985993,0.05888928511345314,-0.1267066355187774,0.9872977351176521,1.0,0.0,0.0,0.0,0.0,0.0,1.0,4.62
STU-14696,0.8679088020663964,-0.413314918965756,-0.5084465514542538,0.20472244767853576,-0.14899023085647173,1.783669989748146,-1.028444463377939,1.0,0.0,0.0,0.0,0.0,0.0,1.0,4.7
STU-10999,0.08708001816705048,0.035935662844703876,1.0763195335696971,0.27455211207012253,0.2905883289549307,0.7873097670873801,0.8406983024997907,0.0,1.0,1.0,0.0,0.0,0.0,0.0,4.85
STU-11075,1.6487375859657423,1.3060895805088233,1.5048481821057689,1.7968387958067198,0.6190090920324148,1.9977639218901286,-0.002248435052911163,1.0,0.0,0.0,0.0,0.0,0.0,1.0,6.15
STU-12961,-0.1731962431327315,-1.154578378953015,-0.9586978503769467,-1.3175642360580628,-0.9256512002441044,-1.8394580926546396,0.02829311340914341,1.0,0.0,0.0,0.0,0.0,1.0,0.0,2.66
STU-12924,1.3884613246659603,-1.3322365635780606,-0.6239715557831027,0.16282464904358318,0.0025885828715985957,-0.5713632638136648,-0.3259888487506878,0.0,1.0,0.0,0.0,1.0,0.0,0.0,3.78
STU-12622,-0.4334725044325135,1.199903079353623,0.03856928100884273,-0.14442587427939943,1.0585876518438173,-0.24198798359522938,0.2665171914131679,1.0,0.0,0.0,1.0,0.0,0.0,0.0,4.08
STU-10703,-1.4745775496316413,-1.1811250042418149,-1.0218910151380265,-0.2980511359408914,1.0585876518438173,-0.5878320278245861,1.0789223805038148,0.0,1.0,0.0,0.0,1.0,0.0,0.0,4.13
STU-14312,-1.2143012883318594,-0.5235855163192324,-1.4652305616649755,-0.5354719948722872,-2.0365073637083873,0.40029381283071913,-0.1580103322093886,1.0,0.0,0.0,0.0,1.0,0.0,0.0,3.58
STU-14430,-0.1731962431327315,0.5444056395301792,0.6941983654050443,0.40024550797497904,1.0585876518438173,0.3591219028034149,-0.6375126430636426,0.0,1.0,0.0,0.0,1.0,0.0,0.0,5.39
STU-14934,-0.4334725044325135,-0.06004059781480326,0.6231060550488284,0.9169850244727232,-0.6982829796520005,-1.0242542741140128,0.006914029485705235,0.0,1.0,1.0,0.0,0.0,0.0,0.0,4.09
STU-10377,-0.1731962431327315,-0.5950571997890786,-0.1559471792713555,-0.6332335250205094,-0.23777210746862612,0.36735628480887556,-1.3552390319219214,1.0,0.0,0.0,0.0,1.0,0.0,0.0,3.25
STU-12635,-0.9540250270320775,1.1386416363794698,0.06621629059181519,0.5399048367581526,1.0585876518438173,1.3225445974423364,1.036164212656939,1.0,0.0,0.0,0.0,0.0,0.0,1.0,5.57
STU-13598,0.34735627946683245,-0.938121280444339,-0.06609439812669571,-1.2198027059098404,0.032182541742316724,0.04621538659590096,0.1168636039491012,0.0,1.0,1.0,0.0,0.0,0.0,0.0,4.33
STU-14506,0.8679088020663964,-0.39085238987523313,-0.4077324451162834,0.1767905819219003,-0.4485388389381327,-1.3865670823542908,0.538336972725452,1.0,0.0,0.0,0.0,0.0,0.0,1.0,4.61
STU-13710,0.6076325407666144,0.24422456895682654,1.0585464559806441,-0.8985862497085395,1.0585876518438173,1.2731383054095724,-0.7627329917580659,1.0,0.0,0.0,1.0,0.0,0.0,0.0,4.61
STU-14125,-0.9540250270320775,-0.30508636971141806,0.0657225939921197,-0.5354719948722872,-0.5199974225527948,0.7955441490928408,1.2621716712761413,0.0,1.0,0.0,1.0,0.0,0.0,0.0,4.55
STU-13869,0.6076325407666144,-0.6767391237546165,-1.8690743802162506,-0.5494379277506043,-1.6250791550179122,0.07915291461774449,-0.6894332754491354,1.0,0.0,0.0,1.0,0.0,0.0,0.0,2.07
STU-13568,-0.1731962431327315,1.683868478849437,1.0891556451617923,-0.7030631894120962,1.0585876518438173,-1.0818949481522384,-0.9826321406848575,1.0,0.0,1.0,0.0,0.0,0.0,0.0,5.15
STU-12244,-0.4334725044325135,0.5852466015129485,0.8462569181113915,0.3024839778267568,0.6861368523977034,-0.678410229884656,0.8590232315770235,0.0,1.0,0.0,1.0,0.0,0.0,0.0,4.2
STU-14194,-1.4745775496316413,2.500687718504819,0.5934842590670726,0.009199387382091261,1.0585876518438173,-0.1431753995296988,0.10464698456427943,1.0,0.0,1.0,0.0,0.0,0.0,0.0,4.22
STU-10007,0.08708001816705048,0.5362374471336255,-0.36823671714060807,0.38627957509666194,0.1729342973469531,-2.1111926988348477,-0.6436209527560537,0.0,1.0,0.0,0.0,0.0,0.0,1.0,4.28
STU-14124,0.34735627946683245,0.4075884168879027,1.355751808997596,0.023165320260409614,1.0585876518438173,0.7708410030764586,-1.0956358699944588,1.0,0.0,0.0,0.0,0.0,0.0,1.0,4.88
STU-10525,-1.4745775496316413,0.1339539716033498,-0.5686775366171578,-0.9823818469784447,-0.36120057007576917,-0.07730034348601174,-1.040661082762761,1.0,0.0,0.0,0.0,0.0,0.0,1.0,3.59
STU-14567,0.08708001816705048,0.6832649102715944,-1.015966655941675,0.023165320260409614,0.29491915220430426,0.02151224057951886,0.7429653474212166,1.0,0.0,0.0,0.0,0.0,1.0,0.0,4.33
STU-11720,-0.9540250270320775,-0.6910334604485857,-0.3484888531527704,0.12092685040863062,-0.6520875316586839,-0.2749255116170729,-0.4786965910609598,1.0,0.0,0.0,0.0,1.0,0.0,0.0,3.6
STU-11208,-0.1731962431327315,-1.1790829561426766,-1.501764110042475,-1.2477345716664747,-0.6232153766628608,-1.4853796664198213,0.019130648870527008,1.0,0.0,0.0,0.0,0.0,1.0,0.0,3.19
STU-14321,0.8679088020663964,1.1284313958837775,1.4673272405288782,-0.2002896057926691,1.0585876518438173,-0.5301913537863597,0.9934060448100628,0.0,1.0,0.0,0.0,1.0,0.0,0.0,4.94
STU-10453,-1.4745775496316413,-0.5378798530132016,0.11163637776384058,0.3304158435833922,0.7525428088880959,-0.3572693316716814,1.4362584975098516,1.0,0.0,0.0,0.0,0.0,0.0,1.0,4.3
STU-10767,-1.4745775496316413,1.2958793400131308,0.33972420682336274,-0.6890972565337792,0.990016283728738,-1.6583016885344999,0.016076494024321635,0.0,1.0,0.0,0.0,0.0,0.0,1.0,5.25
STU-12125,-0.9540250270320775,0.5239851585387947,-0.09374140770966817,1.0147465546209455,1.0585876518438173,-0.7607540499392644,0.016076494024321635,0.0,1.0,0.0,0.0,0.0,0.0,1.0,4.7
STU-12611,0.8679088020663964,-1.3587831888668604,0.022770989818571744,-0.8985862497085395,-0.8419219507562186,0.3920594308252584,-0.2618515969803735,1.0,0.0,1.0,0.0,0.0,0.0,0.0,3.18
STU-12248,0.8679088020663964,-2.0387852058799663,-0.8806937876249883,-1.4013598333279667,-1.8726578841070927,0.8449504411256057,-1.0956358699944588,1.0,0.0,1.0,0.0,0.0,0.0,0.0,3.31
STU-11663,-1.4745775496316413,0.33407468531891843,0.11163637776384058,-0.5634038606289227,0.25594174295994304,0.34265313879249276,-0.029735828668760088,0.0,1.0,0.0,0.0,1.0,0.0,0.0,4.72
STU-10537,-1.2143012883318594,0.5913727458103637,-0.637795060574589,-0.6890972565337792,0.9337155814868834,0.22737179071604074,-0.1580103322093886,1.0,0.0,0.0,0.0,0.0,0.0,1.0,4.69
STU-14545,0.8679088020663964,0.740442257047471,-0.37712325593513524,0.3723136422183448,0.33534016919845633,-1.016019892108552,0.6024742244957659,0.0,1.0,0.0,0.0,0.0,0.0,1.0,4.16
STU-12796,0.34735627946683245,1.6450695649658067,0.9262357672621332,1.0147465546209455,1.0585876518438173,0.40029381283071913,2.5620963276923314,1.0,0.0,0.0,0.0,0.0,0.0,1.0,5.31
STU-13821,1.3884613246659603,-0.023283732030311134,1.2106050086869913,-0.4656423304807004,0.1729342973469531,0.10385606063412732,0.27262550110557865,1.0,0.0,0.0,0.0,0.0,0.0,1.0,5.0
STU-14049,0.8679088020663964,0.5341953990344871,1.1335883391344252,1.3359630108222453,0.586527917662114,-0.052597197469628904,1.384337865124359,1.0,0.0,0.0,0.0,0.0,0.0,1.0,4.83
STU-12349,-0.9540250270320775,0.8282503253104249,0.5569507106895744,1.6152816683885936,0.793685629757143,-0.4643162977426727,-0.7260831336036006,1.0,0.0,0.0,1.0,0.0,0.0,0.0,5.07
STU-12096,-0.4334725044325135,-0.21319420525018737,0.38810647359356387,-0.8287565853169527,0.27326503595743734,-0.4643162977426727,0.27873381079798965,1.0,0.0,0.0,0.0,0.0,1.0,0.0,3.44
STU-11894,-0.9540250270320775,2.1208667720650665,1.5048481821057689,1.7968387958067198,1.0585876518438173,0.9025911151638321,-0.6130794042939993,1.0,0.0,0.0,0.0,0.0,1.0,0.0,6.37
STU-12978,-0.1731962431327315,0.10536529821541167,0.27949322166045876,0.41421144085329614,-0.31933594533182624,0.32618437478157136,0.578040985726123,0.0,1.0,0.0,0.0,0.0,1.0,0.0,4.8
STU-11187,-0.6937487657322955,1.9963018380176207,1.5048481821057689,1.6990772656584976,1.0585876518438173,-1.016019892108552,-0.6222418688326155,1.0,0.0,0.0,0.0,0.0,1.0,0.0,5.54
STU-13804,0.08708001816705048,0.013473133754180992,0.023758383017964117,-0.7309950551687304,-0.22117061834602875,0.02151224057951886,-0.44510088775269985,1.0,0.0,0.0,0.0,0.0,1.0,0.0,4.02
STU-12179,0.8679088020663964,0.44230323457325643,-0.3494762463521628,-0.5075401291156529,0.5172347456721397,1.6683886416716933,1.537045607434631,1.0,0.0,0.0,0.0,1.0,0.0,0.0,4.71
STU-10004,-0.4334725044325135,0.5709522648189792,-0.04535914093946705,0.6237004340280577,-1.394823718926225,-1.1724731502123082,0.7460195022674219,0.0,1.0,1.0,0.0,0.0,0.0,0.0,3.9
STU-10026,1.1281850633661783,-0.7931358654055085,0.9617819224402405,0.26058617919180543,0.42917467293488026,-1.9629738227365523,0.13518853302633374,1.0,0.0,0.0,0.0,0.0,0.0,1.0,3.79
STU-12368,1.1281850633661783,-1.5895346240695059,1.0861934655636165,-0.6890972565337792,-1.2251998083257665,1.0755131372785112,-0.8696284113752561,1.0,0.0,0.0,1.0,0.0,0.0,0.0,3.61
STU-12092,1.1281850633661783,0.6975592469655633,1.5048481821057689,1.3778608094571978,1.0585876518438173,-1.3618639363379088,-0.3779094811361802,0.0,1.0,0.0,0.0,0.0,0.0,1.0,4.69
STU-11944,-0.1731962431327315,-0.21319420525018737,-0.0739935437218305,0.8471553600811365,-1.1804479680822408,0.02151224057951886,-0.25879744213416817,1.0,0.0,0.0,0.0,0.0,0.0,1.0,4.03
STU-10306,-1.4745775496316413,0.046145903340396296,1.5048481821057689,0.98681468886431,0.1729342973469531,1.4460603275242498,0.040509732793965185,1.0,0.0,0.0,0.0,1.0,0.0,0.0,5.55
STU-11676,-0.1731962431327315,0.2074677031723344,-1.7624359146819288,-1.2198027059098404,-0.6665236091565956,-0.7113477579064995,0.8804023155004611,0.0,1.0,0.0,0.0,0.0,0.0,1.0,3.16
STU-11420,-1.4745775496316413,0.8997220087802703,1.0338616259958473,1.7968387958067198,-0.40378699869460805,-0.3325661856552993,1.155276251658951,0.0,1.0,1.0,0.0,0.0,0.0,0.0,5.32
STU-12864,-0.1731962431327315,-1.1423260903581844,-0.20334205284216567,-0.01873247837454296,-0.41822307619251864,0.12032482464504946,-1.428538748230852,1.0,0.0,0.0,0.0,0.0,1.0,0.0,3.32
STU-14231,-0.1731962431327315,-0.7767994806124008,0.07905240218390905,-0.07459620988781264,0.04661861924022833,0.6967315650273102,0.7368570377288057,1.0,0.0,0.0,0.0,0.0,1.0,0.0,3.93
STU-11058,-0.4334725044325135,-2.1082148412506734,0.08596415457965147,-1.4711894977195534,-1.4532898327927664,1.0178724632402847,-1.1017441796868697,1.0,0.0,1.0,0.0,0.0,0.0,0.0,3.38
STU-10157,-0.6937487657322955,-0.19685782045707972,0.023758383017964117,-0.7170291222904134,0.7453247701391396,-0.9007385440320993,1.9646272859033929,1.0,0.0,0.0,0.0,0.0,1.0,0.0,3.8
STU-12948,-0.4334725044325135,-0.023283732030311134,1.5048481821057689,0.35834770934002647,1.0585876518438173,0.41676257684164053,1.2682799809685525,1.0,0.0,0.0,0.0,0.0,0.0,1.0,4.94
STU-12944,0.6076325407666144,1.6879525750477138,1.1691344943125326,1.4756223396054189,1.0585876518438173,0.04621538659590096,0.6452323923426423,0.0,1.0,0.0,0.0,1.0,0.0,0.0,6.23
STU-13488,0.8679088020663964,1.3203839172027918,0.6043455842603831,-0.5634038606289227,1.0585876518438173,0.2932468467597278,-0.45426335229131626,1.0,0.0,0.0,0.0,0.0,1.0,0.0,5.04
STU-11375,-1.4745775496316413,-0.36226371648729466,0.9193240148663894,0.3304158435833922,0.16788167022268358,-0.8842697800211778,-0.9795779858386522,1.0,0.0,0.0,0.0,1.0,0.0,0.0,4.65
STU-10606,0.6076325407666144,-0.2826238406208948,0.7771393941539604,1.5314860711186886,-0.2161179912217592,-1.584192250485352,1.6836450400524923,0.0,1.0,0.0,0.0,0.0,1.0,0.0,4.71
STU-11795,1.9090138472655243,-1.1382419941599073,-1.4346213724838273,0.5957685682714223,-1.0202075078554242,0.5402783069235539,-0.1457937128245668,1.0,0.0,0.0,0.0,0.0,0.0,1.0,3.26
STU-14864,1.6487375859657423,-1.0075509158150464,0.7919502921448389,1.4476904738487846,-0.43771178081469975,-0.31609742164437715,-1.0986900248406644,1.0,0.0,1.0,0.0,0.0,0.0,0.0,3.39
STU-12581,-0.1731962431327315,-0.6032253921856322,-1.0653363159112685,-1.4153257662062837,0.43855812330852234,1.618982349638929,-0.20687680974867567,1.0,0.0,0.0,0.0,0.0,1.0,0.0,3.63
STU-13493,-1.4745775496316413,-0.29691817731486403,0.6675387490214628,0.5957685682714223,-0.7401476043959434,-1.131301240185004,-0.8360327080669964,1.0,0.0,0.0,0.0,0.0,0.0,1.0,4.07
STU-11660,0.08708001816705048,-1.4731378824186139,0.741593238975853,-1.0661774442483485,-0.5055613450548831,2.022467067906512,1.527883142896015,1.0,0.0,0.0,0.0,0.0,1.0,0.0,3.24
STU-13615,-1.4745775496316413,1.2836270514182997,0.254808391675662,0.5119729710015184,1.0585876518438173,-0.7442852859283431,-0.28017652605760607,1.0,0.0,0.0,0.0,0.0,0.0,1.0,4.48
STU-10224,0.8679088020663964,2.290356764293558,0.0657225939921197,0.5957685682714223,1.0585876518438173,-1.0736605661467777,-0.61918771398641,1.0,0.0,0.0,0.0,0.0,0.0,1.0,5.25
STU-10972,1.3884613246659603,-0.021241683931172723,0.3012158720470798,0.8611212929594536,-0.07969705886649643,2.1542171799938847,-0.7749496111428876,0.0,1.0,1.0,0.0,0.0,0.0,0.0,4.73
STU-13889,-1.4745775496316413,0.6199614191983022,0.4404383131613331,0.35834770934002647,1.0354899278471594,-1.8394580926546396,1.0483808320417607,1.0,0.0,1.0,0.0,0.0,0.0,0.0,4.93
STU-14108,1.9090138472655243,-0.705327797142555,-0.21617816443426094,0.8052575614461839,-0.4774109939339559,0.20266864469965792,-1.5904089550797402,1.0,0.0,0.0,1.0,0.0,0.0,0.0,3.35
STU-11760,-1.4745775496316413,-1.2975217458927069,0.8640299957004458,0.023165320260409614,-0.6174409456636963,0.5155751609071711,1.6714284206676704,0.0,1.0,1.0,0.0,0.0,0.0,0.0,4.26
STU-10288,-0.6937487657322955,-1.513978844401383,1.355751808997596,1.7549409971717673,-0.43265915369043023,-0.974847982081247,-0.3992885650596184,0.0,1.0,0.0,0.0,1.0,0.0,0.0,4.75
STU-10427,-0.6937487657322955,-0.5909731035908015,-1.8246416862436161,-0.21425553867098746,-1.5124777505342035,0.9602317892020584,0.32760028833727645,0.0,1.0,1.0,0.0,0.0,0.0,0.0,3.39
STU-11674,0.8679088020663964,0.8752174315906086,1.2708359938498952,0.06506311889536094,0.5424978812934843,-0.9666136000757863,-1.587354800233535,1.0,0.0,0.0,1.0,0.0,0.0,0.0,4.54
STU-14350,0.08708001816705048,-1.7283938948109208,-0.955735670778771,-0.5075401291156529,-0.6073356914151583,0.16973111667781438,-1.0314986182241446,1.0,0.0,0.0,0.0,0.0,0.0,1.0,3.0
STU-14740,1.3884613246659603,-0.1049656559958494,0.7455428117734212,-0.24218740442762168,0.2595507623344217,-0.7689884319447252,-0.1580103322093886,1.0,0.0,0.0,0.0,0.0,0.0,1.0,4.46
STU-12811,0.08708001816705048,0.5586999762241484,1.5048481821057689,0.07902905177367806,0.40246792956374383,-1.0983637121631604,-0.8085453144511474,1.0,0.0,0.0,0.0,1.0,0.0,0.0,4.02
STU-13698,-0.9540250270320775,0.381041791599103,0.5934842590670726,1.7968387958067198,1.0585876518438173,1.1907944853549624,-1.0528777021475826,1.0,0.0,0.0,0.0,0.0,0.0,1.0,5.29
STU-14606,-0.9540250270320775,-1.4363810166341218,-1.39907521730572,-0.01873247837454296,0.47031749380392723,0.4579344868689447,2.5620963276923314,1.0,0.0,0.0,0.0,0.0,0.0,1.0,3.29
STU-13650,-0.6937487657322955,-0.18664757996138764,0.0657225939921197,0.4980070381232013,-0.3886291173218005,0.836716059120145,-1.0528777021475826,1.0,0.0,1.0,0.0,0.0,0.0,0.0,3.56
STU-14912,-0.1731962431327315,-1.2730171687030454,-1.2124579026206566,1.0147465546209455,-0.4860726404327031,-1.9959113507583959,0.8284816831149687,0.0,1.0,0.0,0.0,0.0,0.0,1.0,3.79
STU-14630,0.08708001816705048,-0.7155380376382474,-0.2586360720081106,-2.337077336175233,-1.0064932342324087,-0.044362815464168204,2.5620963276923314,1.0,0.0,0.0,0.0,0.0,0.0,1.0,3.01
STU-13775,-0.9540250270320775,-1.0851487435823077,1.1592605623186145,0.009199387382091261,0.09137045948375297,1.1331538113167374,0.22986733325870254,1.0,0.0,0.0,1.0,0.0,0.0,0.0,4.22
STU-12067,1.1281850633661783,2.051437136694359,-1.07126067510762,0.98681468886431,1.0585876518438173,-0.31609742164437715,-0.40845102959823454,1.0,0.0,0.0,0.0,1.0,0.0,0.0,4.2
STU-13700,-1.4745775496316413,-0.6338561136727091,-0.33565274156067654,0.34438177646170937,-0.029170787623806323,-0.5137225897754384,1.3110381488154284,1.0,0.0,0.0,1.0,0.0,0.0,0.0,3.65
STU-13431,-0.4334725044325135,1.2611645223277768,0.4246400219710635,0.34438177646170937,1.0585876518438173,0.6802628010163888,-0.6955415851415461,1.0,0.0,0.0,0.0,0.0,1.0,0.0,3.95
STU-13798,-1.2143012883318594,-0.023283732030311134,-1.5856925319907835,0.16282464904358318,-1.2360268664492005,-0.637238319857351,0.025238958562938032,1.0,0.0,0.0,0.0,0.0,1.0,0.0,3.18
STU-10174,0.08708001816705048,1.3898135525734998,-0.20630423244034138,0.023165320260409614,0.9799110294801999,0.8202472951092236,1.0056226641948842,1.0,0.0,1.0,0.0,0.0,0.0,0.0,4.66
STU-11476,-0.6937487657322955,2.1923384555349124,1.152348809922872,1.7968387958067198,1.0585876518438173,-0.20905045557338586,0.052726352178786955,0.0,1.0,0.0,0.0,1.0,0.0,0.0,6.03
STU-12323,-0.1731962431327315,-0.4010626303709252,-0.7167865165259383,-2.2253498731486934,1.0585876518438173,0.9272942611802156,-0.22825589367211357,1.0,0.0,0.0,0.0,1.0,0.0,0.0,3.37
STU-12772,1.6487375859657423,1.834980038185683,0.9825171796274691,0.9030190915944062,1.0585876518438173,-1.3618639363379088,-0.3351513132893042,0.0,1.0,0.0,0.0,0.0,1.0,0.0,4.83
STU-14427,-1.4745775496316413,-1.9918180995997816,-0.36823671714060807,-0.14442587427939943,0.24222746933692738,1.0343412272512063,-0.22520173882590822,1.0,0.0,0.0,0.0,0.0,1.0,0.0,4.36
STU-14838,0.6076325407666144,2.1126985796685127,1.5048481821057689,1.7968387958067198,1.0585876518438173,0.06268415060682309,-1.03455277307035,1.0,0.0,1.0,0.0,0.0,0.0,0.0,5.86
STU-12432,0.08708001816705048,-0.529711660616648,-0.2329638488239215,-0.758926920925366,0.017024660369509177,0.8696535871419893,-0.017519209283938315,1.0,0.0,0.0,1.0,0.0,0.0,0.0,3.82
STU-12916,-0.6937487657322955,-0.7114539414399702,-0.9843700735611344,-1.2756664374231101,-0.6188845534134871,1.7919043717536067,1.4148794135864133,1.0,0.0,1.0,0.0,0.0,0.0,0.0,3.38
STU-12034,-0.4334725044325135,-0.04574626112083402,-0.6526059585654662,0.023165320260409614,1.0585876518438173,-0.6207695558464297,0.040509732793965185,1.0,0.0,0.0,1.0,0.0,0.0,0.0,4.25
STU-12704,0.8679088020663964,-0.6542765946640936,-0.6802529681484386,-0.14442587427939943,-1.3154252926877128,-0.7772228139501866,-0.08165646105425256,1.0,0.0,0.0,0.0,0.0,1.0,0.0,3.78
STU-13509,1.1281850633661783,0.00938903755590417,0.058317144996679,0.5119729710015184,0.3194604839507539,0.3179499927761099,-0.6985957399877515,1.0,0.0,0.0,0.0,1.0,0.0,0.0,3.9
STU-13421,-0.1731962431327315,0.9364788745647624,1.5048481821057689,1.308031145065611,1.0448733782208015,0.4085281948361798,0.9811894254252407,1.0,0.0,1.0,0.0,0.0,0.0,0.0,5.63
STU-11316,0.8679088020663964,-1.136199946060769,0.0657225939921197,-0.9963477798567617,0.132513280352801,0.08738729662320592,-0.5611587719085066,1.0,0.0,0.0,0.0,0.0,0.0,1.0,3.7
STU-13890,-0.1731962431327315,-0.023283732030311134,-0.7385091669125593,-2.2812136046619633,-2.691183478238669,-0.4725506797481341,-0.9520905922228031,1.0,0.0,0.0,0.0,0.0,0.0,1.0,1.15
STU-11877,1.1281850633661783,1.1672303097674077,-1.1166807622796453,-1.0801433771266657,1.0585876518438173,-0.18434730955700304,-0.7077582045263678,1.0,0.0,0.0,0.0,0.0,0.0,1.0,4.21
STU-14933,0.6076325407666144,-0.3357170911984946,0.4048921579832258,0.3723136422183448,-0.32727578795567747,-0.5384257357918212,2.5620963276923314,0.0,1.0,0.0,0.0,0.0,0.0,1.0,5.24
STU-14120,0.08708001816705048,-0.9319951361469235,0.22222441609573046,-0.04666434413117842,-1.3045982345642788,0.2932468467597278,-0.13052293859353967,0.0,1.0,0.0,0.0,1.0,0.0,0.0,3.31
STU-14946,-0.6937487657322955,-1.1892931966383689,-1.3121846157592358,-1.8901674840690754,-0.5416515387996617,0.606153362967241,0.7338028828826004,1.0,0.0,1.0,0.0,0.0,0.0,0.0,3.23
STU-14893,0.34735627946683245,-0.18460553186224887,-1.0080675103465402,0.023165320260409614,-1.1645682828345383,0.5732158349453974,0.6482865471888477,0.0,1.0,0.0,0.0,1.0,0.0,0.0,3.77
STU-11590,1.1281850633661783,-0.03145192442686478,-0.8431728460480977,1.1125080847691666,1.0585876518438173,-1.5512547224635085,1.320200613354045,1.0,0.0,1.0,0.0,0.0,0.0,0.0,4.57
STU-10964,0.08708001816705048,-2.267494592983473,-0.8658828896341111,-2.6163959937415813,-1.3796658375534185,-0.637238319857351,1.0605974514265821,1.0,0.0,0.0,1.0,0.0,0.0,0.0,2.09
STU-12466,-0.1731962431327315,0.8262082772112861,-0.028573456549805098,-0.186323672914352,1.0585876518438173,-0.4890194437590555,-1.150610657226157,1.0,0.0,1.0,0.0,0.0,0.0,0.0,4.41
STU-12746,0.34735627946683245,0.39533612829307224,-0.25369910601115153,-0.1025280756444481,-0.6787942750298194,-1.5512547224635085,0.8132109088839418,1.0,0.0,0.0,0.0,0.0,0.0,1.0,3.7
STU-10122,1.1281850633661783,-1.1157794650693844,-1.5619950952053792,0.553870769636471,-1.0584631132248896,0.7626066210709972,-0.19160603551764827,0.0,1.0,0.0,0.0,0.0,0.0,1.0,3.51
STU-13018,0.6076325407666144,-0.20502601285363373,0.05535496539850328,-0.9404840483434921,-0.1648699161041742,0.9190598791747534,-1.2636143865357583,1.0,0.0,0.0,0.0,0.0,0.0,1.0,4.11
STU-13573,0.34735627946683245,0.6608023811810712,0.8037990105375419,1.4476904738487846,0.1354004958523827,-2.020614496774779,0.46809141126272674,0.0,1.0,0.0,0.0,0.0,1.0,0.0,5.25
STU-11550,0.34735627946683245,-0.6113935845821863,0.004997912229518815,0.6655982326630103,-0.7921174833884244,-1.9135675307037874,-1.4682427612315228,1.0,0.0,0.0,0.0,0.0,0.0,1.0,3.83
STU-13220,-0.1731962431327315,0.6179193710991637,0.6448287054354509,1.1683718162824361,-0.0688700007430635,-0.9254416900484821,0.025238958562938032,0.0,1.0,0.0,0.0,0.0,1.0,0.0,5.2
STU-10351,0.8679088020663964,-0.08658722310360333,-2.2689686259699577,-1.191870840153205,-0.610222906914741,-0.6701758478791946,2.007385453750269,0.0,1.0,1.0,0.0,0.0,0.0,0.0,3.64
STU-14228,1.6487375859657423,1.7471719699227295,1.1286513731374663,-0.15839180715771778,1.0585876518438173,0.7461378570600758,-0.570321236447123,1.0,0.0,0.0,0.0,0.0,0.0,1.0,5.36
STU-10291,2.559704500514979,-0.006947347237203482,0.6329799870427479,0.6655982326630103,-0.8209896383842477,2.022467067906512,0.5016871145709867,1.0,0.0,0.0,0.0,1.0,0.0,0.0,4.37
STU-14075,-0.9540250270320775,-0.22136239764674137,0.6319925938433556,0.023165320260409614,-0.6030048681657847,2.0883421239501976,-0.13357709343974503,0.0,1.0,0.0,1.0,0.0,0.0,0.0,5.05
STU-13814,-0.1731962431327315,1.3755192158795306,1.1474118439259116,0.9449168902293574,1.0585876518438173,0.8284816771146842,-1.0528777021475826,1.0,0.0,0.0,0.0,1.0,0.0,0.0,5.4
STU-12250,-0.6937487657322955,1.1284313958837775,0.9410466652530118,0.16282464904358318,1.0585876518438173,0.32618437478157136,-1.4926760000011663,1.0,0.0,1.0,0.0,0.0,0.0,0.0,5.78
STU-12322,0.8679088020663964,0.5219431104396562,-0.4640138574816194,-0.7030631894120962,0.05455846186407956,0.8037785310983022,-0.7993828499125311,1.0,0.0,0.0,0.0,0.0,1.0,0.0,3.68
STU-10274,-0.4334725044325135,0.031851566646427056,-1.656784842346998,-0.22822147154930458,0.6500466586529249,0.02151224057951886,-1.0925817151482533,1.0,0.0,0.0,0.0,0.0,0.0,1.0,3.61
STU-12889,0.08708001816705048,0.33815878151719525,0.5875598998707212,-0.4935741962373346,1.0585876518438173,-0.8101603419720301,-0.8696284113752561,1.0,0.0,0.0,1.0,0.0,0.0,0.0,4.26
STU-11217,-0.9540250270320775,0.9752777884483933,0.594471652266465,0.6097345011497406,-0.1525992502309494,-1.0983637121631604,-0.24047251305693534,1.0,0.0,1.0,0.0,0.0,0.0,0.0,5.01
STU-10838,-1.4745775496316413,0.22176203986630327,-0.7671435696949241,0.26058617919180543,-0.733651369521883,-1.0571918021358562,-0.6497292624484644,1.0,0.0,0.0,0.0,0.0,0.0,1.0,4.31
STU-10231,-1.4745775496316413,0.3197803486249492,1.5048481821057689,0.7773256956895485,1.0585876518438173,-0.5878320278245861,-0.06333153197701977,1.0,0.0,1.0,0.0,0.0,0.0,0.0,4.64
STU-11451,0.8679088020663964,-0.09271336740101857,-0.23098906242513814,0.6097345011497406,-0.4730801706845823,-0.3078630396389165,0.2604088817207568,1.0,0.0,0.0,0.0,0.0,0.0,1.0,5.51
STU-13773,-1.4745775496316413,0.12986987540507297,0.020796203419788394,1.6013157355102765,-0.018343729500373388,-0.9583792180703257,0.4955788048785759,0.0,1.0,0.0,0.0,0.0,1.0,0.0,4.69
STU-14830,-1.4745775496316413,1.5286728233149147,0.0657225939921197,1.0287124874992626,1.0585876518438173,-0.17611292755154234,-0.49091321044578157,1.0,0.0,0.0,0.0,0.0,0.0,1.0,4.88
STU-13967,-0.1731962431327315,-0.08454517500446491,-0.18063200925615228,1.4616564067271016,-1.2071547114533772,-0.3819724776880642,-1.4865676903087552,1.0,0.0,0.0,0.0,0.0,1.0,0.0,4.48
STU-14995,-1.4745775496316413,-1.3751195736599682,-1.5768059931962564,-1.0661774442483485,-0.671576236280864,-1.4359733743870564,-0.1580103322093886,0.0,1.0,0.0,1.0,0.0,0.0,0.0,2.84
STU-10067,1.1281850633661783,2.470056997017742,1.5048481821057689,1.7968387958067198,0.1729342973469531,0.11209044263958802,0.7154779538053676,0.0,1.0,0.0,0.0,1.0,0.0,0.0,5.54
STU-10052,0.08708001816705048,-0.4419035923536945,0.4058795511826182,-1.1499730415182536,1.0585876518438173,-0.7031133759010381,0.4711455661089324,1.0,0.0,0.0,0.0,0.0,0.0,1.0,3.9
STU-14233,-1.2143012883318594,-0.6624447870606476,-1.4711549208613268,-2.183452074513741,-0.47957640555864267,-2.4982086530915093,-0.24047251305693534,1.0,0.0,0.0,0.0,0.0,1.0,0.0,2.79
STU-14161,1.1281850633661783,-1.4037082470479065,1.0259624804007126,-0.8287565853169527,-0.5394861271749749,0.49087201489078824,1.8180278532855316,0.0,1.0,0.0,0.0,0.0,0.0,1.0,3.51
STU-14449,-1.4745775496316413,-0.023283732030311134,1.5048481821057689,0.9169850244727232,1.0585876518438173,0.005043476568596729,-0.011410899591527291,1.0,0.0,0.0,0.0,0.0,1.0,0.0,4.75
STU-13941,0.34735627946683245,-0.023283732030311134,0.8808156800901078,-0.5215060619939701,0.7467683778889315,0.02151224057951886,-0.20382265490247004,1.0,0.0,0.0,0.0,0.0,1.0,0.0,4.59
STU-13609,-0.4334725044325135,1.0712540491079006,1.5048481821057689,-0.605301659263874,1.0585876518438173,0.4249969588471012,1.188871954967211,1.0,0.0,1.0,0.0,0.0,0.0,0.0,5.46
STU-13632,-1.4745775496316413,-1.0708544068883383,-1.600503429981662,1.4616564067271016,-0.9480271203658673,-0.6866446118901167,0.9995143545024735,1.0,0.0,0.0,0.0,0.0,1.0,0.0,3.2
STU-12165,0.08708001816705048,0.11353349061196531,1.3310669790127994,1.140439950525802,-0.671576236280864,0.10385606063412732,-0.25574328728796253,0.0,1.0,0.0,0.0,0.0,0.0,1.0,4.67
STU-13221,-1.4745775496316413,-0.5950571997890786,0.0657225939921197,-0.24218740442762168,0.36782134356875723,-1.0489574201303948,-0.7108123593725733,1.0,0.0,0.0,0.0,0.0,0.0,1.0,3.6
STU-13852,-1.4745775496316413,-0.04370421302169561,-0.6535933517648586,-0.06063027700949553,-0.19446387497489231,-0.15964416354062091,0.8132109088839418,0.0,1.0,1.0,0.0,0.0,0.0,0.0,3.81
STU-14689,-0.1731962431327315,0.7629047861379938,1.2579998822578013,0.6237004340280577,1.0585876518438173,-0.17611292755154234,-0.020573364130143688,1.0,0.0,0.0,0.0,1.0,0.0,0.0,5.33
STU-13305,0.6076325407666144,-2.2695366410826114,-0.7523326717040455,-1.5270532292328232,-0.5365989116753922,-1.3618639363379088,-1.6270588132342054,1.0,0.0,0.0,0.0,0.0,0.0,1.0,2.87
STU-10009,-1.4745775496316413,-2.2695366410826114,-2.837830532969599,-0.772892853803683,-2.9647471468240902,-0.20905045557338586,2.1356599572908976,1.0,0.0,1.0,0.0,0.0,0.0,0.0,2.47
STU-12966,0.6076325407666144,0.5668681686207024,1.5048481821057689,-0.186323672914352,1.0585876518438173,0.7873097670873801,-0.7688413014504768,1.0,0.0,0.0,0.0,1.0,0.0,0.0,5.09
STU-13991,-0.1731962431327315,1.2672906666251924,-0.8540341712414082,0.6097345011497406,1.0585876518438173,0.3920594308252584,-1.165881431457184,0.0,1.0,0.0,0.0,0.0,0.0,1.0,4.55
STU-12494,-0.1731962431327315,-1.5691141430781215,-0.9201895156006636,-0.07459620988781264,-2.3115146400435993,0.34265313879249276,-1.361347341614332,1.0,0.0,0.0,0.0,0.0,0.0,1.0,2.87
STU-11759,0.34735627946683245,-1.6405858265479671,-1.7150410411111185,-2.6984458494016956,-2.5143415288892546,1.511935383567937,0.30927535926004396,1.0,0.0,1.0,0.0,0.0,0.0,0.0,1.46
STU-10360,-0.6937487657322955,1.4919159575304226,0.7968872581417981,0.6935300984196445,1.0585876518438173,-0.6207695558464297,-1.3308057931522779,0.0,1.0,1.0,0.0,0.0,0.0,0.0,4.78
STU-11565,-0.6937487657322955,1.8411061824830979,-0.5973119393995227,0.5818026353931052,1.0585876518438173,0.02974662258497956,-1.028444463377939,1.0,0.0,0.0,0.0,0.0,1.0,0.0,5.17
STU-13763,-0.1731962431327315,0.6934751507672864,1.1237144071405072,0.8750872258377707,1.0585876518438173,-1.6253641605126563,1.1613845613513616,1.0,0.0,0.0,0.0,0.0,0.0,1.0,5.03
STU-14937,0.8679088020663964,-0.2887499849183104,0.06424150419303044,0.6795641655413275,-0.35903515845108236,-0.6290039378518903,1.2346842776602924,1.0,0.0,0.0,0.0,1.0,0.0,0.0,4.37
STU-13006,0.8679088020663964,1.3898135525734998,0.7889881125466632,1.0706102861342153,1.0585876518438173,-0.6125351738409689,1.2224676582754708,0.0,1.0,0.0,0.0,0.0,0.0,1.0,5.6
STU-11569,0.6076325407666144,2.184170263138358,0.01882141702100505,0.13489278328694773,1.0585876518438173,0.6390908909890846,1.4209877232788246,1.0,0.0,0.0,0.0,1.0,0.0,0.0,4.35
STU-14629,-1.4745775496316413,0.040019759042981065,0.11459855736201631,0.27455211207012253,-0.47091475905989555,1.4789978555460943,-0.6222418688326155,0.0,1.0,0.0,1.0,0.0,0.0,0.0,4.08
STU-10865,0.8679088020663964,-0.1927737242588029,-0.06214482532912901,0.07902905177367806,0.1729342973469531,1.0590443732675883,-0.8146536241435584,0.0,1.0,0.0,0.0,0.0,0.0,1.0,5.24
STU-11920,-0.6937487657322955,-0.4990809391295711,-0.1875437616518961,-0.5075401291156529,-0.7516964663942723,2.162451561999347,2.5620963276923314,1.0,0.0,0.0,0.0,1.0,0.0,0.0,3.63
STU-14957,0.34735627946683245,1.6920366712459904,0.13237163495106924,0.023165320260409614,1.0585876518438173,-0.8430978699938729,-0.5978086300629719,0.0,1.0,0.0,0.0,0.0,0.0,1.0,4.66
STU-11096,-1.2143012883318594,1.62669113207356,0.11262377096323296,-0.605301659263874,1.0585876518438173,-0.4972538257645162,-0.09387308043907433,1.0,0.0,0.0,0.0,1.0,0.0,0.0,4.55
STU-12907,0.8679088020663964,0.41167251308617986,-0.09867837370662724,0.98681468886431,-0.43193734981553533,-0.7607540499392644,0.24819226233593508,1.0,0.0,0.0,0.0,1.0,0.0,0.0,4.81
STU-14760,1.1281850633661783,-0.6828652680520321,-0.6308833081788452,0.4840411052448829,0.16066363147372828,0.836716059120145,-0.11525216436251223,1.0,0.0,1.0,0.0,0.0,0.0,0.0,4.11
STU-14594,-1.4745775496316413,-0.09271336740101857,0.0657225939921197,0.6376663669063749,-0.7690197593917656,1.7013261696935376,-0.46953412652234344,0.0,1.0,0.0,0.0,0.0,0.0,1.0,5.26
STU-12757,2.4295663698650882,0.6832649102715944,-0.1490354268756131,-0.3120170688192085,1.0585876518438173,0.672028419010928,-0.9215490437607488,0.0,1.0,1.0,0.0,0.0,0.0,0.0,4.28
STU-10722,0.6076325407666144,-1.0095929639141847,-0.7957779724772875,-0.4935741962373346,-1.0606285248495764,-1.2712857342778388,-1.3918888900763866,1.0,0.0,1.0,0.0,0.0,0.0,0.0,3.77
STU-12464,0.08708001816705048,-0.6011833440864939,-1.634074798760986,-0.004766545496225848,-0.6953957641524178,-0.9007385440320993,-0.38707194567479664,1.0,0.0,0.0,0.0,0.0,1.0,0.0,3.51
STU-14140,-0.1731962431327315,1.134557540181193,-0.7009882253356687,-0.004766545496225848,0.27326503595743734,-2.2264740469113007,-0.1580103322093886,0.0,1.0,0.0,0.0,0.0,0.0,1.0,3.86
STU-11351,1.1281850633661783,0.3626633587068569,0.9568449564432814,1.5175201382403714,0.16499445472310187,-1.1395356221904647,-0.4298301135216727,1.0,0.0,0.0,0.0,1.0,0.0,0.0,5.29
STU-13570,0.6076325407666144,-0.023283732030311134,1.5048481821057689,0.0929949846519964,0.10652834085656052,-0.41491000570990777,-0.057223222284609014,1.0,0.0,0.0,0.0,0.0,0.0,1.0,3.43
STU-12554,-1.4745775496316413,-1.3404047559746144,-1.0258405879355932,-1.6108488265027283,-2.2422214680536245,-1.4195046103761344,-0.18549772582523752,1.0,0.0,0.0,0.0,0.0,0.0,1.0,2.37
STU-12568,-0.6937487657322955,-0.9993827234184925,0.12151030975775873,-0.8008247195603185,-0.09413313636440804,0.33441875678703203,0.10159282971807405,1.0,0.0,0.0,1.0,0.0,0.0,0.0,2.96
STU-13075,0.34735627946683245,-0.4235251594614484,0.31306459043978263,-0.7030631894120962,-0.50772675667957,2.5000612242232414,2.5620963276923314,0.0,1.0,0.0,0.0,0.0,1.0,0.0,4.77
STU-11086,-1.2143012883318594,-1.3240683711815069,-0.14409846087865405,-1.4572235648412364,-1.230252435450035,-0.8266291059829515,0.831535837961174,1.0,0.0,0.0,0.0,0.0,0.0,1.0,2.72
STU-12161,0.34735627946683245,-0.09475541550015698,0.12052291655836775,-0.9823818469784447,-0.1410503882326205,-0.31609742164437715,0.1657300814883883,1.0,0.0,0.0,0.0,0.0,1.0,0.0,3.46
STU-13286,-0.6937487657322955,0.8159980367155937,-0.6219967693843194,1.405792675213832,-0.5683582821707981,-0.6619414658737338,-1.181152205688211,1.0,0.0,0.0,0.0,0.0,0.0,1.0,3.83
STU-12258,0.6076325407666144,1.994259789918482,0.01882141702100505,-0.21425553867098746,1.0585876518438173,0.32618437478157136,-1.2452894574585254,0.0,1.0,0.0,0.0,0.0,0.0,1.0,5.0
STU-10170,0.08708001816705048,-0.06208264591394167,0.315039376838566,0.4840411052448829,-0.36769680494982954,2.718272347367955,-0.23741835821072999,1.0,0.0,0.0,0.0,0.0,0.0,1.0,4.16
STU-13635,0.6076325407666144,0.4198407054827335,-1.5007767168430828,0.8471553600811365,1.0585876518438173,0.02151224057951886,0.7032613344205455,0.0,1.0,0.0,0.0,0.0,0.0,1.0,5.88
STU-10404,-0.9540250270320775,-0.480702506237325,0.3584846776118081,-0.7309950551687304,-1.6055904503957317,-0.8266291059829515,1.9646272859033929,0.0,1.0,0.0,0.0,0.0,0.0,1.0,3.58
STU-10524,0.8679088020663964,0.10128120201713449,0.9459836312499709,-0.6751313236554608,-0.424719311066579,-1.0407230381249342,-0.8696284113752561,1.0,0.0,0.0,0.0,0.0,1.0,0.0,3.94
STU-13799,0.8679088020663964,-0.3357170911984946,-1.2845376061762634,-2.4488047992017723,0.1729342973469531,1.4378259455187892,-0.21298511944108642,0.0,1.0,0.0,0.0,0.0,0.0,1.0,2.19
STU-14443,0.08708001816705048,1.2570804261294999,0.47203489554187367,0.009199387382091261,1.0585876518438173,1.643685495655311,0.22070486872008616,1.0,0.0,0.0,0.0,0.0,0.0,1.0,4.9
STU-10866,0.34735627946683245,0.24422456895682654,1.5048481821057689,1.405792675213832,-0.6253807882875475,-0.019659669447785372,0.43754986280067243,1.0,0.0,0.0,0.0,0.0,1.0,0.0,4.67
STU-10772,0.34735627946683245,-0.48274455433646346,1.5048481821057689,0.023165320260409614,1.0585876518438173,-1.7324111265836475,0.4009000046462071,0.0,1.0,0.0,0.0,0.0,1.0,0.0,4.9
STU-12482,1.1281850633661783,0.21155179937061122,-0.6486563857678995,0.14885871616526608,-1.2367486703240953,2.063638977933816,-0.37485532628997487,0.0,1.0,0.0,0.0,1.0,0.0,0.0,4.67
STU-12770,-0.1731962431327315,-0.48887069863387866,1.039785985192199,0.34438177646170937,-0.6058920836653675,-0.26669112961161223,1.5065040589725767,1.0,0.0,0.0,1.0,0.0,0.0,0.0,4.27
STU-14219,0.8679088020663964,-0.1723532432674184,1.5048481821057689,1.0007806217426272,0.6089038377838768,-0.1514097815351595,-0.12441462890112863,0.0,1.0,0.0,0.0,0.0,1.0,0.0,5.58
STU-11671,0.6076325407666144,1.432696562655407,1.5048481821057689,1.2940652121872926,1.0585876518438173,-0.8019259599665687,-0.5978086300629719,1.0,0.0,0.0,0.0,0.0,0.0,1.0,5.37
STU-14101,0.08708001816705048,-0.1641850508708644,-0.5588036046232396,-0.6471994578988266,0.1180772028548894,0.17796549868327508,-1.3979971997687974,1.0,0.0,0.0,1.0,0.0,0.0,0.0,3.0
STU-13809,1.9090138472655243,0.6689705735776251,-1.1492647378595768,0.2885180449484397,-0.49617789468124107,1.5037010015624763,-0.11525216436251223,1.0,0.0,0.0,0.0,0.0,1.0,0.0,4.04
STU-11886,1.1281850633661783,-0.4970388910304327,-0.5923749734025622,0.5818026353931052,-0.6499221200339972,0.7873097670873801,2.5620963276923314,0.0,1.0,1.0,0.0,0.0,0.0,0.0,3.88
STU-12391,-1.4745775496316413,-0.6685709313580629,-0.22308991683000334,-0.5215060619939701,-1.3024328229395918,-0.9583792180703257,0.1871091654118262,0.0,1.0,0.0,0.0,0.0,0.0,1.0,4.38
STU-13206,1.1281850633661783,0.4790601003577489,-0.9122903700055289,0.4700751723665658,-0.3301630034552592,0.20266864469965792,-1.0223361536855282,0.0,1.0,1.0,0.0,0.0,0.0,0.0,4.9
STU-10447,-0.6937487657322955,1.0099926061337468,1.5048481821057689,-0.4516763976023833,1.0585876518438173,-0.2584567476061508,1.7966487693620934,1.0,0.0,0.0,0.0,0.0,0.0,1.0,5.36
STU-11538,0.34735627946683245,-0.2867079368191716,0.414766089977144,-0.7449609880470488,0.007641209995867094,-1.2877544982887603,-0.9184948889145432,1.0,0.0,0.0,0.0,0.0,0.0,1.0,3.75
STU-13402,-0.1731962431327315,0.4811021484568873,0.0657225939921197,0.023165320260409614,0.10219751760718694,-1.3042232622996823,-0.17022695159421036,1.0,0.0,0.0,0.0,0.0,0.0,1.0,3.72
STU-13754,-0.1731962431327315,2.595387699102364,1.5048481821057689,1.727009131415133,1.0585876518438173,-1.3206920263106037,-0.06027737713081439,1.0,0.0,0.0,0.0,0.0,0.0,1.0,5.33
STU-10200,-0.1731962431327315,1.387771504474361,0.4414257063607255,0.7912916285678668,1.0585876518438173,-0.18434730955700304,-0.3931802553672074,0.0,1.0,1.0,0.0,0.0,0.0,0.0,4.88
STU-12845,-0.4334725044325135,-1.88767364654372,-1.97472545255118,-1.9599971484606635,-1.394823718926225,-0.5301913537863597,-0.3229346939044824,0.0,1.0,0.0,0.0,0.0,1.0,0.0,2.08
STU-10669,1.1281850633661783,-0.2928340811165872,-1.5876673183895669,1.238201480674023,0.1967538252185068,-0.3078630396389165,-0.6314043333712318,0.0,1.0,0.0,0.0,0.0,0.0,1.0,4.82
STU-14844,-1.4745775496316413,-0.3786001012804023,-1.3832769261154505,-1.2337686387881577,-0.38935092119669645,-1.6830048345508826,-1.2911017801516071,1.0,0.0,0.0,0.0,0.0,1.0,0.0,3.18
STU-11637,-0.6937487657322955,-0.28466588872003323,0.6122447298555179,-0.8846203168302224,-0.46297491643604427,0.6884971830218495,-0.8757367210676671,0.0,1.0,1.0,0.0,0.0,0.0,0.0,3.58
STU-13758,1.9090138472655243,-0.9177007994529542,-0.34256449395641897,-1.1080752428833012,-1.3572899174316557,-1.403035846365213,-0.8757367210676671,1.0,0.0,0.0,1.0,0.0,0.0,0.0,2.45
STU-12992,0.8679088020663964,1.446990899349376,1.5048481821057689,0.8750872258377707,-0.35831335457618646,-1.5265515764471256,0.1962716299504426,1.0,0.0,0.0,0.0,0.0,1.0,0.0,5.28
STU-11558,-0.9540250270320775,0.19521541457750358,-0.5815136482092517,-0.5215060619939701,1.0585876518438173,0.5567470709344753,0.18100085571941546,1.0,0.0,0.0,0.0,0.0,1.0,0.0,4.06
STU-10022,-0.1731962431327315,-0.14172252178034153,1.3281047994146236,0.3164499107050751,0.6384977966545959,0.6226221269781624,-0.7199748239111896,1.0,0.0,0.0,0.0,0.0,0.0,1.0,4.87
STU-10976,-1.2143012883318594,-0.4766184100390482,-0.8718072488304611,0.1907565148002174,0.1729342973469531,0.7626066210709972,1.210251038890649,1.0,0.0,1.0,0.0,0.0,0.0,0.0,3.07
STU-13866,-0.1731962431327315,-0.23565673434071024,0.7386310593776774,-0.01873247837454296,-0.39007272507159135,0.18619988068873652,0.9689728060404192,1.0,0.0,0.0,1.0,0.0,0.0,0.0,3.8
STU-11824,-1.4745775496316413,0.5689102167198408,0.7208579817886245,1.0706102861342153,0.7850239832583957,-1.2548169702669167,-0.28017652605760607,1.0,0.0,0.0,0.0,0.0,0.0,1.0,4.75
STU-14974,0.6076325407666144,-0.9626258576340002,-0.943886952386068,-1.094109310004984,-0.8917264181240128,0.6226221269781624,-0.5886461655243558,0.0,1.0,1.0,0.0,0.0,0.0,0.0,3.39
STU-13511,-0.4334725044325135,-1.487432219112583,-0.4551273186870922,-0.39581266608911364,-0.754583681893855,-0.6701758478791946,-0.1580103322093886,0.0,1.0,0.0,0.0,1.0,0.0,0.0,3.24
STU-11586,-1.4745775496316413,0.4545555231680872,-0.9419121659872847,-0.21425553867098746,0.7792495522592313,-2.4570367430642053,-0.7718954562966821,1.0,0.0,0.0,0.0,0.0,1.0,0.0,4.23
STU-13680,-0.1731962431327315,-1.9795658110049508,0.8768661072925397,-1.4013598333279667,-2.2978003664205837,-0.3078630396389165,0.97508111573283,1.0,0.0,0.0,0.0,0.0,0.0,1.0,3.46
STU-12269,1.3884613246659603,-0.05391445351738803,0.030670135413706532,-0.04666434413117842,-0.62177176891307,0.02151224057951886,-0.49702152013819234,1.0,0.0,0.0,1.0,0.0,0.0,0.0,3.01
STU-10230,-1.4745775496316413,1.9983438861167588,0.29825369244890404,-0.36788080033247816,1.0585876518438173,-0.7772228139501866,1.0972473095810478,1.0,0.0,0.0,0.0,0.0,0.0,1.0,4.08
STU-12591,0.34735627946683245,-0.33367504309935614,-0.24283778081784102,1.1683718162824361,0.4645430628047628,-0.2749255116170729,-0.7169206690649842,0.0,1.0,0.0,0.0,1.0,0.0,0.0,5.0
STU-11981,-1.4745775496316413,1.3673510234829762,0.9953532912195644,0.8890531587160878,1.0585876518438173,0.9272942611802156,-1.1292315733027187,1.0,0.0,0.0,0.0,1.0,0.0,0.0,5.38
STU-13009,1.9090138472655243,-1.6446699227462445,-1.3734029941215322,-2.323111403296916,-1.8069737314915961,0.7132003290382323,1.8638401759786134,1.0,0.0,0.0,0.0,0.0,0.0,1.0,1.92
STU-11191,0.8679088020663964,-0.18256348376311046,0.0657225939921197,-0.36788080033247816,0.7460465740140355,0.02151224057951886,0.6330157729578209,1.0,0.0,1.0,0.0,0.0,0.0,0.0,4.72
STU-10639,0.08708001816705048,-2.2695366410826114,-0.08288008251635766,-0.4796082633590175,-1.1992148688295259,1.3554821254641807,0.7124237989591622,0.0,1.0,0.0,0.0,0.0,0.0,1.0,2.89
STU-10517,1.1281850633661783,0.17683698168525752,-0.7681309628943152,-1.1080752428833012,-0.2846893593368386,-0.34080056766076,-0.8268702435283801,1.0,0.0,0.0,1.0,0.0,0.0,0.0,3.19
STU-10612,0.34735627946683245,-1.6732585961341826,-0.806639297670598,0.6935300984196445,-0.8231550500089334,0.5979189809617803,-0.46342581682993267,0.0,1.0,0.0,0.0,1.0,0.0,0.0,2.62
STU-11057,-1.4745775496316413,-0.9034064627589851,-0.3297283823643251,-0.4796082633590175,-0.35398253132681284,-1.3618639363379088,-1.3705098061529486,1.0,0.0,1.0,0.0,0.0,0.0,0.0,2.99
STU-14712,-1.2143012883318594,-0.1335543293837875,-2.837830532969599,-1.1080752428833012,-1.2973801958153235,-0.34080056766076,-0.313772229365866,1.0,0.0,0.0,1.0,0.0,0.0,0.0,2.23
STU-11831,-0.4334725044325135,0.9875300770432238,0.8235468745253781,1.7968387958067198,0.7770841406345446,-1.156004386201387,-1.3888347352301813,1.0,0.0,1.0,0.0,0.0,0.0,0.0,4.84
STU-12793,-0.1731962431327315,-2.1061727931515346,-0.7592444240997893,-0.1025280756444481,-1.1739517332081815,-0.41491000570990777,-0.603916939755383,1.0,0.0,0.0,0.0,0.0,0.0,1.0,3.42
STU-14022,-1.4745775496316413,-0.7502528553236011,-0.32182923676919034,1.2940652121872926,-0.9292602196185832,0.5073407789017104,2.5620963276923314,1.0,0.0,1.0,0.0,0.0,0.0,0.0,3.77
STU-10298,-1.4745775496316413,0.5035646775474102,-0.8984668652140426,1.4616564067271016,-0.6015612604159939,-1.584192250485352,-0.3931802553672074,1.0,0.0,0.0,0.0,0.0,0.0,1.0,4.51
STU-13989,-1.4745775496316413,-0.09271336740101857,0.3634216436087671,-0.6192675921421923,0.4327836923093579,0.26030931873788427,-0.28017652605760607,1.0,0.0,1.0,0.0,0.0,0.0,0.0,3.64
STU-12318,1.3884613246659603,1.814559557194298,1.1691344943125326,1.7968387958067198,1.0585876518438173,-0.950144836064865,-0.6436209527560537,1.0,0.0,0.0,0.0,0.0,0.0,1.0,6.06
STU-10512,0.08708001816705048,-1.315900178784953,-2.1445570828465823,0.07902905177367806,-2.023514893960267,1.6601542596662326,-0.2649057518265789,0.0,1.0,0.0,1.0,0.0,0.0,0.0,2.66
STU-10458,-0.4334725044325135,0.10536529821541167,-1.300335897366533,-0.7309950551687304,-0.005351259752252634,-0.2913942756279943,-0.5855920106781501,0.0,1.0,0.0,0.0,0.0,0.0,1.0,4.03
STU-12931,-0.4334725044325135,-0.023283732030311134,0.3061528380440388,0.5818026353931052,0.1729342973469531,-1.9135675307037874,-0.6772166560643136,1.0,0.0,0.0,1.0,0.0,0.0,0.0,5.28
STU-13746,-1.4745775496316413,1.3387623500950385,1.1760462467082764,1.140439950525802,1.0585876518438173,1.2402007773877282,-0.5428338428312741,0.0,1.0,1.0,0.0,0.0,0.0,0.0,5.32
STU-10688,-0.4334725044325135,-0.6338561136727091,0.37527036200147,1.0706102861342153,-1.2648990214450226,-0.027894051453246804,0.7032613344205455,0.0,1.0,0.0,0.0,0.0,0.0,1.0,4.0
STU-13877,-0.6937487657322955,-0.023283732030311134,1.4623902745319177,1.4337245409704675,1.0585876518438173,-1.650067306529039,-0.9704155213000357,1.0,0.0,0.0,0.0,0.0,0.0,1.0,5.67
STU-12408,-0.6937487657322955,-0.5419639492114785,-1.2598527761914666,-1.6108488265027283,1.0585876518438173,-0.1431753995296988,-0.017519209283938315,1.0,0.0,1.0,0.0,0.0,0.0,0.0,3.2
STU-11341,-0.4334725044325135,1.3612248791855615,0.12743466895411018,-0.07459620988781264,1.0585876518438173,0.02151224057951886,-1.0864734054558427,0.0,1.0,0.0,0.0,1.0,0.0,0.0,5.75
STU-11287,-0.1731962431327315,-0.21932034954760296,0.14027078054620543,1.154405883404119,-1.9686577994682033,-1.2877544982887603,0.3337085980296875,0.0,1.0,0.0,0.0,0.0,1.0,0.0,4.18
STU-12246,0.34735627946683245,1.1896928388579313,1.4347432649489467,1.0845762190125323,1.0585876518438173,-0.6619414658737338,0.6024742244957659,1.0,0.0,1.0,0.0,0.0,0.0,0.0,5.5
STU-10895,-0.6937487657322955,0.15845854879301144,1.1296387663368586,0.567836702514788,-0.7329295656469871,-0.9913167460921691,-1.2788851607667853,0.0,1.0,0.0,0.0,0.0,1.0,0.0,5.04
STU-14505,0.34735627946683245,0.9732357403492545,0.0657225939921197,1.5873498026319581,-0.40162158706992124,-0.1267066355187774,-1.7767124006982722,0.0,1.0,0.0,0.0,0.0,0.0,1.0,4.98
STU-10715,-0.9540250270320775,-0.6236458731770167,0.4503122451552512,0.10696091753031352,0.051671246364496826,0.9849349352184406,2.5620963276923314,0.0,1.0,0.0,0.0,1.0,0.0,0.0,3.95
STU-10617,-1.4745775496316413,-0.713495989539109,-0.8964920788152579,-1.764474088164219,-1.8279060438635675,-1.0901293301576997,-0.958198901915214,1.0,0.0,1.0,0.0,0.0,0.0,0.0,3.0
STU-10289,-0.9540250270320775,-0.07025083831049568,-1.4395583384807864,0.023165320260409614,-1.1992148688295259,0.14502797066143155,0.5566619018026848,0.0,1.0,1.0,0.0,0.0,0.0,0.0,3.77
STU-14868,1.9090138472655243,-0.4766184100390482,-0.45710210508587695,-0.8706543839519053,0.5194001572968265,-0.6866446118901167,0.205434094489059,1.0,0.0,1.0,0.0,0.0,0.0,0.0,4.08
STU-11811,1.6487375859657423,0.7384002089483326,0.3495981388172809,0.23265431343516998,1.0585876518438173,0.3097156107706492,-0.12441462890112863,1.0,0.0,0.0,1.0,0.0,0.0,0.0,4.02
STU-14302,-0.4334725044325135,0.7281899684526402,1.2866342850401662,1.0287124874992626,1.0585876518438173,2.121279651972042,0.17489254602700444,1.0,0.0,0.0,0.0,1.0,0.0,0.0,4.85
STU-10464,-1.2143012883318594,-0.023283732030311134,-0.5736145026141168,-1.9739630813389806,-2.3064620129193303,-0.28315989362253363,-1.019281998839323,1.0,0.0,0.0,0.0,0.0,0.0,1.0,2.37
STU-10278,-1.4745775496316413,0.16050059689214985,0.23802270728600003,1.4476904738487846,0.8969035838672099,-1.4853796664198213,2.450237906450058,0.0,1.0,0.0,1.0,0.0,0.0,0.0,4.94
STU-13690,-0.9540250270320775,-1.7038893176212595,1.0447229511891578,-0.9125521825868579,-0.25220818496653774,-0.9172073080430214,-1.5079467742321935,0.0,1.0,0.0,0.0,0.0,0.0,1.0,3.77
STU-14064,1.3884613246659603,0.14008011590076538,-0.625946342181886,0.567836702514788,1.0138358116002917,-1.2877544982887603,1.6500493367442326,1.0,0.0,0.0,0.0,1.0,0.0,0.0,4.66
STU-14128,-0.6937487657322955,-0.5746367187976937,-1.3013232905659253,-1.5410191621111402,-2.7915142168491536,-0.6537070838682731,-1.2544519219971417,1.0,0.0,1.0,0.0,0.0,0.0,0.0,2.58
STU-11910,-0.1731962431327315,1.4000237930691917,1.5048481821057689,0.26058617919180543,1.0585876518438173,-0.1349410175242381,-0.1580103322093886,1.0,0.0,0.0,0.0,0.0,0.0,1.0,5.72
STU-13355,-0.1731962431327315,-0.8033461059012009,-0.5765766822122926,0.3304158435833922,0.1729342973469531,-0.7607540499392644,0.5169578888020139,0.0,1.0,0.0,0.0,1.0,0.0,0.0,2.88
STU-11474,0.6076325407666144,-0.24382492673726425,0.0657225939921197,0.6376663669063749,1.0585876518438173,-0.637238319857351,-0.7382997529884223,0.0,1.0,0.0,0.0,1.0,0.0,0.0,4.77
STU-11852,-1.4745775496316413,-0.18052143566397205,-1.2707141013847771,-1.163938974396571,-1.2656208253199186,1.4460603275242498,-0.11830631920871788,0.0,1.0,1.0,0.0,0.0,0.0,0.0,4.52
STU-13812,-1.2143012883318594,-0.8911541741641544,1.5048481821057689,-0.9125521825868579,-0.24138112684310478,-0.42314438771536844,-1.0467693924551718,0.0,1.0,0.0,0.0,0.0,1.0,0.0,4.5
STU-11847,0.34735627946683245,1.5776819776942372,1.5048481821057689,0.7074960312979617,1.0585876518438173,0.013277858574057428,1.6500493367442326,0.0,1.0,0.0,1.0,0.0,0.0,0.0,5.06
STU-11397,0.8679088020663964,2.595387699102364,1.5048481821057689,1.7968387958067198,1.0585876518438173,-1.740645508589109,-0.5978086300629719,1.0,0.0,0.0,1.0,0.0,0.0,0.0,6.08
STU-12747,-1.4745775496316413,-0.5276696125175095,-1.2746636741823454,-0.7309950551687304,-0.8224332461340385,0.7708410030764586,-1.2666685413819636,1.0,0.0,0.0,0.0,0.0,0.0,1.0,2.65
STU-12003,0.6076325407666144,-1.0034668196167693,0.008947485027085509,-0.38184673321079526,-1.6387934286409278,1.9071857198300595,-0.8726825662214617,1.0,0.0,0.0,0.0,0.0,0.0,1.0,3.11
STU-13906,-0.1731962431327315,-1.1688727156469843,-0.17470765005980224,-1.6108488265027283,-0.15404285798074022,0.02151224057951886,-0.7657871466042713,1.0,0.0,1.0,0.0,0.0,0.0,0.0,2.56
STU-13394,0.6076325407666144,-0.5460480454097556,0.4779592547382237,-0.42374453184574784,-0.806553560886336,0.20266864469965792,-0.9307115082993651,0.0,1.0,0.0,1.0,0.0,0.0,0.0,3.96
STU-11305,0.8679088020663964,-1.154578378953015,-1.350692950535519,-1.7086103566509492,-2.5966271706273494,-1.156004386201387,0.019130648870527008,1.0,0.0,0.0,0.0,0.0,1.0,0.0,2.47
STU-13713,0.34735627946683245,-1.3853298141556605,-1.7081292887153763,-1.7924059539208543,-0.8621324592532946,-0.8266291059829515,0.41006246918482353,1.0,0.0,0.0,0.0,1.0,0.0,0.0,2.58
STU-14819,-0.6937487657322955,-2.2695366410826114,-0.900441651612826,-0.04666434413117842,-2.9301005608291026,-1.806520564632796,-1.4560261418467009,1.0,0.0,0.0,0.0,0.0,0.0,1.0,1.74
STU-13271,0.6076325407666144,0.3524531182111645,0.8857526460870668,0.651632299784692,1.0585876518438173,-1.3618639363379088,-0.9337656631455705,0.0,1.0,0.0,1.0,0.0,0.0,0.0,4.67
STU-10677,-0.4334725044325135,0.9936562213406394,0.719870588589232,-0.3399489345758439,0.844933704874729,-0.5054882077699776,-0.008356744745321915,0.0,1.0,0.0,0.0,1.0,0.0,0.0,5.28
STU-12115,-0.4334725044325135,1.6634479978580528,0.8097233697338919,0.6935300984196445,1.0585876518438173,-1.3536295543324472,-0.24047251305693534,1.0,0.0,0.0,1.0,0.0,0.0,0.0,5.64
STU-13411,0.6076325407666144,0.2973178195344263,0.4967197255266704,0.7912916285678668,-0.034945218622971785,1.2319663953822673,0.5627702114950955,0.0,1.0,0.0,0.0,1.0,0.0,0.0,4.61
STU-10516,-1.4745775496316413,-2.057163638772212,-1.8424147638326704,-0.8147906524386356,-0.8217114422591425,0.4085281948361798,-1.144502347533746,1.0,0.0,0.0,0.0,0.0,1.0,0.0,3.24
STU-11743,0.8679088020663964,1.0283710390259928,-0.001913840166225004,0.6097345011497406,1.0585876518438173,1.4954666195570157,-1.3277516383060723,0.0,1.0,0.0,0.0,1.0,0.0,0.0,5.16
STU-14519,0.8679088020663964,-1.0892328397805844,-1.080147213902147,0.023165320260409614,-2.1657102573146942,2.718272347367955,0.39784584980000176,1.0,0.0,0.0,0.0,1.0,0.0,0.0,2.46
STU-12084,0.34735627946683245,0.021641326150735,-0.09769098050723626,-0.39581266608911364,-0.7560272896436459,-0.6125351738409689,-1.089527560302048,1.0,0.0,0.0,0.0,0.0,1.0,0.0,2.6
STU-13004,-1.2143012883318594,-1.2423864472159685,0.852181277307743,0.21868838055685288,-1.1804479680822408,-0.4478475337317513,0.30011289472142755,1.0,0.0,0.0,1.0,0.0,0.0,0.0,3.89
STU-14404,-0.1731962431327315,-1.6201653455565828,-1.7782342058721983,-1.5689510278677756,-0.27963673221257007,-1.8394580926546396,-1.2849934704591963,1.0,0.0,0.0,0.0,0.0,0.0,1.0,2.25
STU-11194,1.1281850633661783,0.4790601003577489,1.2530629162608424,-0.8985862497085395,0.5821970944127415,0.02151224057951886,-0.1580103322093886,1.0,0.0,0.0,0.0,0.0,0.0,1.0,4.23
STU-10171,-0.6937487657322955,1.3326362057976229,1.5048481821057689,0.8331894272028181,1.0585876518438173,-0.3490349496662207,-1.2941559349978125,1.0,0.0,0.0,0.0,0.0,0.0,1.0,5.04
STU-12949,2.559704500514979,-1.918304368030797,0.47894664793761604,-1.191870840153205,0.1729342973469531,-0.5301913537863597,-0.6375126430636426,0.0,1.0,0.0,0.0,1.0,0.0,0.0,3.32
STU-11680,-0.4334725044325135,-0.8155983944960318,-0.20432944604155803,-1.862235618312441,-1.0158766846060507,2.417717404168633,0.03134726825534878,1.0,0.0,0.0,0.0,1.0,0.0,0.0,3.65
STU-14220,-0.4334725044325135,-2.2695366410826114,-1.404012183302679,-2.323111403296916,-2.931544168578894,0.27677808274880566,1.9432482019799546,1.0,0.0,0.0,0.0,0.0,0.0,1.0,2.51
STU-12024,-1.2143012883318594,-0.6992016528451398,-0.37811064913452624,-1.5689510278677756,-1.012267665231573,1.5942792036225455,0.08021374579463589,1.0,0.0,0.0,0.0,0.0,1.0,0.0,2.81
STU-12315,0.6076325407666144,-0.780883576810678,-0.7157991233265459,-2.6984458494016956,0.1729342973469531,-1.6665360705399606,-1.2666685413819636,1.0,0.0,0.0,0.0,0.0,1.0,0.0,2.41
STU-11730,0.6076325407666144,1.0692120010087625,0.316026770037957,0.6655982326630103,1.0585876518438173,0.27677808274880566,-0.3259888487506878,1.0,0.0,0.0,0.0,1.0,0.0,0.0,5.05
STU-14853,0.34735627946683245,-1.8815475022463048,0.0657225939921197,0.12092685040863062,-1.228808827700244,1.149622575327659,2.5620963276923314,0.0,1.0,0.0,0.0,0.0,1.0,0.0,3.55
STU-10442,0.08708001816705048,1.0120346542328855,-0.22012773723182763,1.713043198536816,1.0585876518438173,-0.727816521917421,-0.8757367210676671,1.0,0.0,0.0,0.0,0.0,1.0,0.0,5.22
STU-13082,-1.4745775496316413,0.5913727458103637,-0.7029630117344521,-0.2002896057926691,0.09497947885823164,-0.5137225897754384,-0.014465054437732936,1.0,0.0,1.0,0.0,0.0,0.0,0.0,4.17
STU-13893,-0.6937487657322955,-0.39085238987523313,0.09682547977296198,-0.24218740442762168,0.14334033847623392,-0.036128433458707504,1.1186263935044858,1.0,0.0,0.0,0.0,0.0,1.0,0.0,4.78
STU-12706,-1.4745775496316413,-1.1484522346555996,-1.600503429981662,-0.06063027700949553,-0.6917867447779401,0.12032482464504946,0.5291745081868359,1.0,0.0,0.0,0.0,0.0,1.0,0.0,2.96
STU-11561,1.6487375859657423,-1.2975217458927069,-2.8149970652336616,-0.43771046472406494,-1.9758758382171593,0.27677808274880566,-0.04500660289978724,0.0,1.0,0.0,1.0,0.0,0.0,0.0,2.24
STU-13675,0.8679088020663964,-0.6216038250778783,-1.126554694273565,0.7074960312979617,-1.404928973174763,-1.5430203404580478,-0.8238160886821746,0.0,1.0,0.0,0.0,0.0,1.0,0.0,3.02
STU-13630,-0.4334725044325135,0.1359960197024882,0.42661480836984683,-0.04666434413117842,-0.19013305172551873,0.47440325087986684,-0.8940616501448997,1.0,0.0,0.0,0.0,1.0,0.0,0.0,4.59
STU-11444,0.34735627946683245,-1.2464705434142456,-0.977458321165392,-1.010313712735079,-3.018882437441258,-0.06906596148055104,-0.10608969982389611,1.0,0.0,0.0,0.0,0.0,0.0,1.0,2.1
STU-14341,-1.4745775496316413,-1.3097740344875375,-0.12040102409324827,-1.1080752428833012,0.1563328082243547,0.943763025191137,-1.0131736891469119,0.0,1.0,0.0,0.0,0.0,0.0,1.0,3.69
STU-12429,-0.6937487657322955,1.0406233276208239,-0.10164055330480296,-0.27011927018425713,1.0585876518438173,0.26030931873788427,-0.023627518976349064,0.0,1.0,0.0,0.0,0.0,1.0,0.0,5.21
STU-10936,-0.1731962431327315,0.3749156473016874,1.5048481821057689,1.1125080847691666,0.8882419373684628,-0.5878320278245861,-0.6711083463719025,0.0,1.0,0.0,0.0,0.0,1.0,0.0,4.84
STU-11031,0.34735627946683245,-0.023283732030311134,-0.938949986389109,-0.6471994578988266,0.1729342973469531,-0.011425287442324671,-0.4603716619837273,1.0,0.0,0.0,0.0,0.0,1.0,0.0,3.02
STU-13051,0.34735627946683245,2.595387699102364,1.3656257409915156,1.573383869753641,1.0585876518438173,-0.5301913537863597,0.019130648870527008,1.0,0.0,0.0,0.0,0.0,0.0,1.0,5.11
STU-11798,1.9090138472655243,0.4913123889525794,-0.3978585131223639,0.4980070381232013,0.369986755193443,0.8614192051365286,-0.680270810910519,1.0,0.0,0.0,0.0,1.0,0.0,0.0,4.2
STU-13880,-0.1731962431327315,0.448429378870672,-0.9932566123556615,0.023165320260409614,-0.5849597712933955,0.5814502169508582,2.1081725636750486,0.0,1.0,0.0,0.0,0.0,1.0,0.0,3.77
STU-11525,0.34735627946683245,-1.2403443991168301,1.234302445472397,-1.1080752428833012,0.08703963623438042,-1.0242542741140128,1.7050241239759305,0.0,1.0,1.0,0.0,0.0,0.0,0.0,3.96
STU-13964,-0.4334725044325135,0.05227204763781153,0.8413199521144324,1.0985421518908494,-0.5337116961758105,0.5485126889290146,-0.243526667903141,1.0,0.0,1.0,0.0,0.0,0.0,0.0,4.78
STU-14827,1.1281850633661783,-1.8039496744790438,-0.7394965601119516,0.023165320260409614,-2.412567182528979,-2.012380114769318,-0.38707194567479664,0.0,1.0,0.0,0.0,1.0,0.0,0.0,2.98
STU-10613,-0.6937487657322955,1.6552798054614983,0.9746180340323344,-0.13045994140108233,1.0585876518438173,-0.5301913537863597,-0.32904300359689315,1.0,0.0,0.0,0.0,0.0,1.0,0.0,4.47
STU-11559,-0.6937487657322955,0.7220638241552249,-1.0702732819082275,-1.5549850949894586,1.0585876518438173,0.7626066210709972,-0.5611587719085066,0.0,1.0,0.0,0.0,0.0,1.0,0.0,3.93
STU-14281,1.1281850633661783,1.7226673927330678,1.5048481821057689,-0.5773697935072397,0.8413246855002503,-0.17611292755154234,-0.46342581682993267,1.0,0.0,0.0,0.0,1.0,0.0,0.0,5.61
STU-10452,1.9090138472655243,-1.8182440111730127,-0.6032362985958727,-0.3399489345758439,-0.7892302678888417,-0.4725506797481341,-1.1078524893792807,1.0,0.0,0.0,0.0,0.0,0.0,1.0,3.44
STU-11934,-1.4745775496316413,0.6362978039914098,0.24493445968174246,-0.39581266608911364,1.0585876518438173,0.06268415060682309,-0.6558375721408755,1.0,0.0,0.0,0.0,0.0,0.0,1.0,4.67
STU-13363,-0.6937487657322955,1.2693327147243303,0.8225594813259871,0.9588828231076758,1.0585876518438173,0.5485126889290146,0.5444452824178627,1.0,0.0,0.0,0.0,0.0,1.0,0.0,5.07
STU-12715,-1.4745775496316413,-0.3091704659096949,-1.0505254179203898,-0.21425553867098746,-0.35109531582723114,-0.21728483757884656,-0.909332424375927,1.0,0.0,0.0,0.0,0.0,0.0,1.0,3.84
STU-13484,0.34735627946683245,-1.185209100440092,1.3666131341909065,-0.7309950551687304,-0.24210293071799968,-0.22551921958430726,-0.9307115082993651,1.0,0.0,0.0,0.0,1.0,0.0,0.0,3.83
STU-13668,-1.2143012883318594,1.0569597124139312,-0.7078999777314111,0.12092685040863062,1.0585876518438173,2.0307014499119727,-0.3351513132893042,1.0,0.0,0.0,0.0,0.0,1.0,0.0,5.16
STU-12146,0.08708001816705048,-0.4500717847502481,0.0657225939921197,-1.0382455784917144,-1.642402448015406,0.14502797066143155,0.13213437818012835,1.0,0.0,0.0,0.0,0.0,1.0,0.0,2.79
STU-13415,0.34735627946683245,-1.8754213579488896,-1.3882138921124094,0.023165320260409614,-1.8192443973648205,-1.0077855101030906,-0.8238160886821746,1.0,0.0,0.0,0.0,0.0,1.0,0.0,2.01
STU-10603,0.34735627946683245,0.31161215622839555,-0.13126234928655878,0.16282464904358318,-0.3958471560707568,-0.8513322519993344,-0.3565303972127421,1.0,0.0,0.0,0.0,0.0,0.0,1.0,4.23
STU-10766,1.9090138472655243,-1.1954193409357843,-0.21420337803547618,-0.3259830016975256,-0.3258321802058866,-0.7195821399119602,-1.0742567860710208,0.0,1.0,1.0,0.0,0.0,0.0,0.0,3.39
STU-10380,0.34735627946683245,-0.29896022541400247,-1.3032980769647087,0.4421433066099316,-0.9242075924943136,-0.5713632638136648,-0.09998139013148509,0.0,1.0,0.0,0.0,0.0,1.0,0.0,3.29
STU-13958,-0.1731962431327315,-0.15601685847431077,1.401171896169623,1.5314860711186886,1.0585876518438173,1.3719508894751022,2.309746783524608,1.0,0.0,0.0,0.0,0.0,1.0,0.0,4.91
STU-13778,-1.2143012883318594,1.2366599451381157,0.5302910943059929,0.7214619641762801,0.4847535713018389,0.7626066210709972,-0.008356744745321915,1.0,0.0,0.0,0.0,0.0,1.0,0.0,5.28
STU-13980,-0.1731962431327315,-0.17643733946569523,0.4848710071339675,1.5314860711186886,0.6240617191566844,-0.5795976458191254,-0.7260831336036006,1.0,0.0,0.0,0.0,0.0,1.0,0.0,5.15
STU-11737,-0.1731962431327315,-0.5092911796252635,0.057329751797288026,-0.3259830016975256,0.16138543534862318,0.26030931873788427,0.0679971264098141,1.0,0.0,0.0,0.0,0.0,0.0,1.0,3.44
STU-12675,0.34735627946683245,1.1672303097674077,1.2501007366626666,0.27455211207012253,1.0585876518438173,1.6519198776607718,-1.0742567860710208,1.0,0.0,1.0,0.0,0.0,0.0,0.0,6.09
STU-14338,0.34735627946683245,1.6532377573623604,1.5048481821057689,0.2885180449484397,1.0585876518438173,-0.3819724776880642,-0.6069710946015883,1.0,0.0,0.0,1.0,0.0,0.0,0.0,4.41
STU-11777,1.3884613246659603,0.885427672086301,1.037811198793414,0.7214619641762801,1.0585876518438173,0.4249969588471012,-1.4163221288460301,0.0,1.0,0.0,0.0,0.0,0.0,1.0,5.34
STU-13619,-0.6937487657322955,-0.023283732030311134,0.01980881022039602,0.40024550797497904,1.0585876518438173,-0.5054882077699776,-0.9398739728379814,1.0,0.0,0.0,1.0,0.0,0.0,0.0,4.66
STU-12314,-1.2143012883318594,1.0712540491079006,0.8126855493320676,-0.42374453184574784,0.1729342973469531,-1.312457644305143,-0.4725882813685491,0.0,1.0,0.0,0.0,0.0,1.0,0.0,4.58
STU-13242,1.6487375859657423,-0.6440663541684012,0.8284838405223386,-0.8846203168302224,-1.5998160193965671,-0.16787854554608161,-0.14273955797836144,0.0,1.0,0.0,0.0,1.0,0.0,0.0,3.55
STU-10920,-0.6937487657322955,-1.3097740344875375,-0.42550552270533637,-1.2058367730315234,-1.4410191669195416,0.21090302670511862,0.7460195022674219,1.0,0.0,1.0,0.0,0.0,0.0,0.0,3.21
STU-10878,-0.9540250270320775,0.1033232501162729,0.7919502921448389,0.42817737373161324,1.0585876518438173,-1.8229893286437175,2.5620963276923314,0.0,1.0,1.0,0.0,0.0,0.0,0.0,5.45
STU-10748,1.1281850633661783,-0.8870700779658776,-1.3684660281245717,0.34438177646170937,-1.4128688157986142,-0.859566634004795,1.280496600353374,0.0,1.0,0.0,0.0,0.0,1.0,0.0,3.57
STU-12841,-1.2143012883318594,1.061043808612208,-0.1460732472774374,0.4700751723665658,1.0585876518438173,-1.3948014643597522,-0.02668167382255444,0.0,1.0,1.0,0.0,0.0,0.0,0.0,4.22
STU-14275,0.34735627946683245,2.595387699102364,-1.0199162287392416,-0.35391486745416106,0.5670392130399339,-2.168833372873074,1.1980344195058272,0.0,1.0,0.0,0.0,0.0,0.0,1.0,3.28
STU-12823,-1.4745775496316413,0.003262893258488936,0.954870170044498,-0.7030631894120962,0.1924230019691332,0.15326235266689298,1.924923272902722,1.0,0.0,0.0,0.0,1.0,0.0,0.0,4.55
STU-11646,-0.4334725044325135,-0.017157587732895902,1.021025514403752,0.4980070381232013,0.9726929907312446,0.27677808274880566,-0.2954473002886335,1.0,0.0,1.0,0.0,0.0,0.0,0.0,5.34
STU-12167,-0.4334725044325135,-0.023283732030311134,0.0657225939921197,-1.1499730415182536,-0.8881173987495351,0.9849349352184406,-0.9368198179917759,1.0,0.0,0.0,0.0,0.0,1.0,0.0,3.24
STU-11940,0.8679088020663964,1.3796033120778075,1.5048481821057689,-0.5494379277506043,0.7698661018855892,-0.11023787150785526,-0.127468783747334,0.0,1.0,0.0,0.0,0.0,0.0,1.0,5.29
STU-12720,-0.9540250270320775,-0.4909127467330171,0.4404383131613331,0.023165320260409614,1.0585876518438173,-0.2584567476061508,-1.3002642446902233,1.0,0.0,0.0,0.0,0.0,0.0,1.0,4.78
STU-14225,-0.1731962431327315,-1.922388464229074,0.4730222887412646,-1.4711894977195534,-1.5687784527760575,0.9190598791747534,-0.038898293207376214,1.0,0.0,0.0,0.0,0.0,1.0,0.0,3.16
STU-13909,0.6076325407666144,0.6914331026681481,-0.41958116350898494,0.27455211207012253,0.4876407868014216,1.0508099912621276,-0.1457937128245668,1.0,0.0,0.0,0.0,0.0,0.0,1.0,4.01
STU-12559,0.08708001816705048,-0.8074302020994777,0.06621629059181519,0.7074960312979617,-1.4612296754166176,1.9895295398846677,-0.3504220875203313,1.0,0.0,0.0,0.0,0.0,1.0,0.0,4.2
STU-14717,-0.9540250270320775,0.1033232501162729,1.5048481821057689,0.5957685682714223,0.4847535713018389,1.7095605516989982,0.5566619018026848,1.0,0.0,0.0,0.0,1.0,0.0,0.0,4.63
STU-13119,1.3884613246659603,-0.7114539414399702,-1.0840967866997138,-0.11649400852276522,0.8701968404960735,0.5402783069235539,1.7325115175917793,1.0,0.0,0.0,0.0,1.0,0.0,0.0,3.3
STU-12383,-0.4334725044325135,0.6036250344051945,0.23802270728600003,0.3164499107050751,1.0585876518438173,0.14502797066143155,1.0880848450424316,0.0,1.0,0.0,0.0,0.0,0.0,1.0,4.53
STU-10801,-0.9540250270320775,-0.7522949034227395,-1.5926042843865273,-0.38184673321079526,0.11446818348041175,1.1331538113167374,-0.1580103322093886,0.0,1.0,0.0,1.0,0.0,0.0,0.0,3.56
STU-11832,-1.2143012883318594,-1.1913352447375072,0.2587579644732287,-0.7868587866820002,-1.093831503094772,0.5073407789017104,-0.20993096459488106,1.0,0.0,0.0,0.0,1.0,0.0,0.0,3.26
STU-10929,0.34735627946683245,-0.7482108072244626,0.12940945535289353,-0.06063027700949553,0.7049037531449875,1.511935383567937,-1.0650943215324045,1.0,0.0,0.0,0.0,0.0,0.0,1.0,3.41
STU-10070,-0.6937487657322955,0.865007191094917,-0.30998051837648744,0.40024550797497904,0.7554300243876776,-0.2502223656006901,-1.3979971997687974,0.0,1.0,0.0,1.0,0.0,0.0,0.0,4.44
STU-11100,-0.1731962431327315,0.45251347506894884,0.8245342677247705,1.5175201382403714,-0.3518171197021271,1.0837475192839718,1.210251038890649,0.0,1.0,0.0,1.0,0.0,0.0,0.0,5.36
STU-11505,-0.9540250270320775,0.632213707793133,0.7465302049728122,-0.9684159141001275,0.9654749519822883,1.5860448216170848,-0.4359384232140837,1.0,0.0,0.0,0.0,0.0,1.0,0.0,4.8
STU-11732,-0.4334725044325135,0.24830866515510336,1.5048481821057689,0.9309509573510404,1.0585876518438173,1.174325721344041,0.455874791877905,0.0,1.0,0.0,0.0,0.0,0.0,1.0,6.02
STU-10731,-0.9540250270320775,0.10536529821541167,0.8620552093016611,1.727009131415133,1.0585876518438173,0.9108254971692927,-1.2788851607667853,0.0,1.0,0.0,1.0,0.0,0.0,0.0,5.16
STU-10917,-0.4334725044325135,-0.23565673434071024,-1.0959455050924167,0.24662024631348708,0.20108464846788035,-0.727816521917421,-0.19160603551764827,0.0,1.0,1.0,0.0,0.0,0.0,0.0,4.83
STU-12835,-0.4334725044325135,1.50825234232353,1.492012070513675,0.20472244767853576,1.0585876518438173,0.9108254971692927,-0.1457937128245668,0.0,1.0,1.0,0.0,0.0,0.0,0.0,4.48
STU-11626,-0.4334725044325135,-0.8809439336684621,-1.961889340959086,0.023165320260409614,1.0585876518438173,0.47440325087986684,-1.4499178321542898,0.0,1.0,0.0,0.0,0.0,0.0,1.0,3.75
STU-12080,1.3884613246659603,2.595387699102364,0.6517404578311933,1.4476904738487846,-0.6289898076620252,0.16149673467235368,0.428387398262056,1.0,0.0,0.0,0.0,0.0,1.0,0.0,4.41
STU-10013,1.9090138472655243,0.8037457481207632,1.0516347035849003,1.7968387958067198,1.0585876518438173,1.618982349638929,-0.28628483575001706,1.0,0.0,0.0,0.0,1.0,0.0,0.0,5.39
STU-14634,0.08708001816705048,-1.634459682250552,0.4256274151704545,0.3304158435833922,-1.0822826410964432,-0.3243318036498379,-1.123123263610308,1.0,0.0,0.0,0.0,0.0,1.0,0.0,3.41
STU-10900,0.8679088020663964,-0.16622709897000282,-0.09571619410845152,-1.9041334169473938,0.8738058598705511,-0.43961315172629056,-0.6588917269870808,1.0,0.0,1.0,0.0,0.0,0.0,0.0,3.0
STU-10104,-0.9540250270320775,0.6975592469655633,0.8018242241387571,0.9169850244727232,1.0585876518438173,1.6272167316443897,-0.9551447470690086,0.0,1.0,0.0,0.0,1.0,0.0,0.0,5.01
STU-11656,0.8679088020663964,-1.0851487435823077,1.5048481821057689,0.21868838055685288,-0.8967790452482822,-0.6701758478791946,-0.9123865792221324,1.0,0.0,0.0,0.0,0.0,0.0,1.0,4.4
STU-12617,-1.4745775496316413,1.312215724806238,0.1373086009480297,1.0426784203775796,1.0585876518438173,0.7955441490928408,-0.7444080626808331,1.0,0.0,1.0,0.0,0.0,0.0,0.0,5.46
STU-10581,-0.6937487657322955,0.9507732112587317,1.3379787314085432,0.8611212929594536,1.0585876518438173,1.717794933704459,-0.1580103322093886,1.0,0.0,0.0,0.0,0.0,0.0,1.0,5.41
STU-13925,0.8679088020663964,0.5015226294482718,1.4900372841148903,1.7968387958067198,1.0333245162224727,1.1166850473058145,2.260880305985321,1.0,0.0,0.0,1.0,0.0,0.0,0.0,5.22
STU-13982,-0.9540250270320775,-0.023283732030311134,-0.6723538225533039,-1.1080752428833012,0.1729342973469531,-1.7571142726000304,-0.4603716619837273,1.0,0.0,0.0,0.0,0.0,1.0,0.0,3.39
STU-13515,-1.4745775496316413,0.31161215622839555,0.5036314779224128,1.0287124874992626,1.0585876518438173,-0.974847982081247,1.320200613354045,1.0,0.0,0.0,0.0,0.0,1.0,0.0,4.92
STU-11056,0.6076325407666144,1.3101736767071,-0.10559012610237106,-0.6192675921421923,1.0585876518438173,-0.7195821399119602,-0.6130794042939993,0.0,1.0,0.0,0.0,0.0,0.0,1.0,4.63
STU-14073,-0.1731962431327315,1.657321853560637,0.1679177901291765,1.1823377491607534,1.0585876518438173,2.718272347367955,-0.5947544752167665,1.0,0.0,1.0,0.0,0.0,0.0,0.0,5.74
STU-12170,-0.6937487657322955,-0.5583003340045861,-0.08781704851331673,0.06506311889536094,-0.6066138875402624,-0.11023787150785526,0.7826693604218875,1.0,0.0,0.0,0.0,0.0,1.0,0.0,3.32
STU-12400,-1.4745775496316413,-0.7910938173063701,-0.08386747571575004,-1.0382455784917144,-0.24787736171716412,1.281372687415033,1.9524106665185714,1.0,0.0,1.0,0.0,0.0,0.0,0.0,3.4
STU-12135,0.08708001816705048,0.313654204327534,0.5273289147078172,0.7773256956895485,-0.218283402846446,-0.5054882077699776,2.5620963276923314,1.0,0.0,0.0,0.0,1.0,0.0,0.0,4.79
STU-14811,0.6076325407666144,2.595387699102364,0.0657225939921197,0.06506311889536094,1.0585876518438173,0.34265313879249276,2.068468550674378,1.0,0.0,0.0,0.0,0.0,1.0,0.0,5.2
STU-13625,-1.4745775496316413,1.2366599451381157,1.4001845029702304,0.4561092394882487,1.0585876518438173,0.26030931873788427,-0.33820546813550956,1.0,0.0,0.0,0.0,1.0,0.0,0.0,5.31
STU-13227,1.1281850633661783,-1.963229426211843,-0.09571619410845152,-0.9963477798567617,-1.9859810924656973,-1.337160790321526,0.13518853302633374,0.0,1.0,0.0,0.0,0.0,0.0,1.0,3.28
STU-11116,-0.1731962431327315,0.2074677031723344,0.8818030732894988,-0.5773697935072397,0.9510388744843777,-0.9583792180703257,2.5620963276923314,1.0,0.0,0.0,1.0,0.0,0.0,0.0,5.03
STU-12389,-0.9540250270320775,-0.6277299693752939,0.857118243304702,-0.6471994578988266,-0.21106536409749072,0.9931693172239027,0.37952092072276894,1.0,0.0,0.0,0.0,0.0,0.0,1.0,3.73
STU-12654,1.6487375859657423,-1.562987998780706,-0.9715339619690405,-0.36788080033247816,-1.8870939616050042,0.3920594308252584,-0.5092381395230141,1.0,0.0,0.0,0.0,1.0,0.0,0.0,3.17
STU-10368,0.34735627946683245,0.3259064929223648,0.43846352676254974,0.12092685040863062,0.9604223248580198,0.8696535871419893,1.6592118012828487,1.0,0.0,0.0,0.0,0.0,1.0,0.0,3.67
STU-10226,0.8679088020663964,0.09311300962058085,-0.7345595941149926,-0.6192675921421923,0.2747086437072282,-0.42314438771536844,-1.3857805803839758,1.0,0.0,0.0,1.0,0.0,0.0,0.0,4.06
STU-10897,-0.9540250270320775,-0.023283732030311134,-1.2529410237957244,-2.5605322622283118,-0.9559669629897185,0.8037785310983022,-0.7352455981422168,1.0,0.0,1.0,0.0,0.0,0.0,0.0,3.18
STU-13862,0.6076325407666144,-0.2887499849183104,0.08991372737721956,0.03713125313872672,0.052393050239392766,0.8531848231310664,1.6195077882821778,0.0,1.0,1.0,0.0,0.0,0.0,0.0,3.7
STU-13565,1.6487375859657423,-0.7686312882158471,0.2893671536543769,1.154405883404119,-1.147244989837045,0.7461378570600758,0.2970587398752222,0.0,1.0,0.0,1.0,0.0,0.0,0.0,3.48
STU-10843,0.6076325407666144,-0.5174593720218171,-0.5726271094147258,0.35834770934002647,-0.058764746494525476,1.1084506653003539,-0.8910074952986944,1.0,0.0,0.0,0.0,0.0,0.0,1.0,4.7
STU-14184,0.6076325407666144,1.2775009071208847,1.5048481821057689,1.7689069300500855,1.0585876518438173,0.02151224057951886,0.8681856961156397,1.0,0.0,0.0,0.0,0.0,0.0,1.0,5.11
STU-12072,0.6076325407666144,0.23809842465941095,0.9222861944645652,-0.5494379277506043,0.8867983296186719,-0.8266291059829515,-0.8451951726056127,0.0,1.0,0.0,0.0,0.0,0.0,1.0,4.76
STU-10312,1.3884613246659603,-1.0095929639141847,-0.7019756185350596,1.6851113327801805,-1.0555758977253078,-1.5265515764471256,-1.0589860118399936,0.0,1.0,0.0,0.0,0.0,0.0,1.0,4.45
STU-13470,0.34735627946683245,-0.5256275644183712,-1.3102098293604525,-0.3399489345758439,0.1491147694753994,-0.08553472549147244,-0.5122922943692197,0.0,1.0,0.0,0.0,0.0,0.0,1.0,3.49
STU-11700,1.1281850633661783,1.3265100615002072,-0.5054843718560781,0.98681468886431,0.1686034740975795,-0.4478475337317513,-0.5825378558319447,1.0,0.0,0.0,0.0,0.0,1.0,0.0,4.68
STU-11383,-0.4334725044325135,1.3060895805088233,0.9647441020384162,0.051097186017043834,0.34761083507168117,-0.8430978699938729,0.47419972095513774,1.0,0.0,0.0,0.0,0.0,0.0,1.0,4.82
STU-11699,-0.9540250270320775,-0.8013040578020625,-0.1115144852987225,0.42817737373161324,0.5316708231700513,-1.855926856665561,-0.014465054437732936,0.0,1.0,0.0,0.0,0.0,0.0,1.0,5.18
STU-12701,0.8679088020663964,-1.4670117381211987,-2.6352915029443413,-2.6984458494016956,-0.8859519871248484,-0.3819724776880642,-0.646675107602259,1.0,0.0,0.0,0.0,1.0,0.0,0.0,2.23
STU-13874,0.08708001816705048,0.6750967178750403,-0.5913875802031712,1.321997077943928,-0.8960572413733864,-1.2383482062559954,-0.1580103322093886,0.0,1.0,0.0,0.0,0.0,0.0,1.0,4.39
STU-10076,-0.6937487657322955,-0.5583003340045861,-1.4188230812935576,1.4616564067271016,-1.5897107651480291,0.49087201489078824,-0.7444080626808331,0.0,1.0,0.0,0.0,0.0,0.0,1.0,3.83
STU-11384,-0.4334725044325135,0.09515505771971926,-0.763193996897356,-0.7449609880470488,1.0585876518438173,-0.2913942756279943,-1.297210089844018,1.0,0.0,0.0,0.0,1.0,0.0,0.0,3.79
STU-14063,-0.9540250270320775,2.2944408604918354,1.5048481821057689,0.3304158435833922,1.0585876518438173,0.8202472951092236,-0.4053968747520292,1.0,0.0,0.0,1.0,0.0,0.0,0.0,5.73
STU-11657,1.9090138472655243,-0.6338561136727091,-0.8589711372383673,-0.04666434413117842,-0.06093015811921227,-0.08553472549147244,-0.3565303972127421,0.0,1.0,0.0,1.0,0.0,0.0,0.0,3.61
STU-10625,-0.9540250270320775,2.304651100987527,0.6922235790062596,1.7968387958067198,1.0585876518438173,-0.8842697800211778,1.6531034915904381,1.0,0.0,0.0,0.0,1.0,0.0,0.0,5.71
STU-14876,0.08708001816705048,2.51294000709965,1.20468064949064,0.16282464904358318,1.0585876518438173,0.7626066210709972,-0.4725882813685491,1.0,0.0,0.0,0.0,0.0,1.0,0.0,5.75
STU-10759,0.08708001816705048,0.11557553871110372,1.0871808587630076,1.7968387958067198,0.1729342973469531,-0.1514097815351595,0.871239850961845,0.0,1.0,0.0,0.0,1.0,0.0,0.0,5.96
STU-10880,-0.4334725044325135,0.08902891342230403,0.48980797313092655,0.1767905819219003,-0.218283402846446,0.04621538659590096,-0.5184006040616305,1.0,0.0,0.0,0.0,1.0,0.0,0.0,3.51
STU-10785,0.6076325407666144,-1.2954796977935685,-0.243825174017232,-0.6471994578988266,-2.2422214680536245,0.26030931873788427,-0.61918771398641,1.0,0.0,1.0,0.0,0.0,0.0,0.0,2.96
STU-12476,-0.6937487657322955,2.595387699102364,1.5048481821057689,0.023165320260409614,1.0585876518438173,0.7049659470327716,0.44671232733928884,1.0,0.0,1.0,0.0,0.0,0.0,0.0,6.0
STU-12202,-0.4334725044325135,-0.023283732030311134,0.16298082413221743,-0.5913357263855569,-1.7687181261221308,0.5732158349453974,0.21459655902767513,1.0,0.0,0.0,1.0,0.0,0.0,0.0,3.23
STU-12264,-0.9540250270320775,-1.0749385030866154,1.191844537898546,0.1907565148002174,-0.8830647716252666,0.02974662258497956,1.9982229892116525,1.0,0.0,0.0,0.0,0.0,0.0,1.0,4.09
STU-13873,-0.9540250270320775,0.381041791599103,-1.5708816339999063,0.5399048367581526,-0.311396102707975,-1.1889419142232305,0.3642501464917418,1.0,0.0,0.0,0.0,0.0,1.0,0.0,3.76
STU-10890,0.08708001816705048,-1.9121782237333818,-1.7535493758874017,-0.27011927018425713,-1.044748839601874,1.042575609256667,-1.3491307222295104,1.0,0.0,1.0,0.0,0.0,0.0,0.0,3.07
STU-10844,0.6076325407666144,0.4668078117629181,1.2115924018863837,-0.21425553867098746,0.20830268721683565,-0.5878320278245861,2.3525049513714835,1.0,0.0,0.0,0.0,0.0,1.0,0.0,3.87
STU-10718,0.34735627946683245,-0.023283732030311134,-0.7987401520754633,1.2940652121872926,0.16499445472310187,0.9684661712075191,0.48641634033995956,1.0,0.0,1.0,0.0,0.0,0.0,0.0,5.14
STU-11467,0.34735627946683245,1.5919763143882066,0.9805423932286857,1.7968387958067198,0.865144213371804,0.2850124647542664,-0.1580103322093886,0.0,1.0,0.0,0.0,0.0,0.0,1.0,5.02
STU-14446,-1.4745775496316413,-0.7502528553236011,1.2471385570644908,-1.2896323703014272,-1.6633347603873776,-0.3819724776880642,-0.9551447470690086,1.0,0.0,0.0,0.0,0.0,0.0,1.0,3.02
STU-13462,0.8679088020663964,1.7675924509141137,1.1335883391344252,0.1907565148002174,1.0585876518438173,-0.2913942756279943,-1.504892619385988,1.0,0.0,0.0,0.0,0.0,1.0,0.0,5.35
STU-12149,-1.2143012883318594,-0.6522345465649552,-0.5973119393995227,-0.24218740442762168,-0.9646286094884657,-0.9995511280976299,0.5719326760337117,0.0,1.0,0.0,0.0,0.0,0.0,1.0,3.95
STU-14246,-0.4334725044325135,-0.4071887746683408,0.4986945119254537,-0.5075401291156529,0.15777641597414555,-1.7159423625727261,-0.603916939755383,1.0,0.0,0.0,0.0,1.0,0.0,0.0,3.59
STU-13621,0.34735627946683245,-0.023283732030311134,-2.684661162913935,-1.5829169607460927,0.06538551998751249,0.606153362967241,-0.8818450307600779,0.0,1.0,0.0,0.0,0.0,0.0,1.0,3.74
STU-12007,0.6076325407666144,0.8629651429957782,0.5618876766865335,0.5259389038798356,0.37864840169219016,0.27677808274880566,-0.18549772582523752,1.0,0.0,0.0,0.0,1.0,0.0,0.0,4.18
STU-10489,1.3884613246659603,0.4137145611853183,-0.5242448426445233,0.9169850244727232,1.0585876518438173,1.8330762817809116,-1.089527560302048,1.0,0.0,0.0,0.0,1.0,0.0,0.0,5.2
STU-14392,-0.1731962431327315,0.3544951663103029,-0.23098906242513814,0.13489278328694773,-1.3464628593082217,1.8001387537590674,1.2010885743520328,1.0,0.0,0.0,0.0,0.0,1.0,0.0,5.04
STU-11313,-1.4745775496316413,1.0406233276208239,0.29430411965133596,0.21868838055685288,1.0585876518438173,-0.9254416900484821,-0.28017652605760607,1.0,0.0,1.0,0.0,0.0,0.0,0.0,5.34
STU-13717,-1.2143012883318594,0.2299302322628573,-0.22703948962757145,-0.28408520306257423,0.803069080130785,1.174325721344041,-1.193368825073033,1.0,0.0,0.0,0.0,0.0,0.0,1.0,5.07
STU-11803,-0.4334725044325135,1.2897531957157151,1.5048481821057689,1.7968387958067198,0.1729342973469531,0.02151224057951886,0.9292687930397483,0.0,1.0,0.0,1.0,0.0,0.0,0.0,5.28
STU-12415,0.34735627946683245,-2.1449717070351655,-2.1297461848557044,-1.177904907274888,-1.4482372056684978,1.1907944853549624,-0.6894332754491354,1.0,0.0,0.0,0.0,1.0,0.0,0.0,2.71
STU-10328,0.34735627946683245,-0.229530590043295,-1.1936974318322113,0.023165320260409614,-0.9061624956219243,0.7626066210709972,-1.336914102844689,1.0,0.0,0.0,0.0,1.0,0.0,0.0,2.24
STU-14359,-1.2143012883318594,-0.3990205822717868,-0.7701057492930998,-0.7309950551687304,-0.09052411698993039,-0.7607540499392644,0.9139980188087213,1.0,0.0,0.0,0.0,0.0,1.0,0.0,2.73
STU-14855,2.1692901085653062,0.45251347506894884,-0.6397698469733724,0.23265431343516998,0.11735539897999346,-0.2749255116170729,1.4759625105105225,1.0,0.0,0.0,1.0,0.0,0.0,0.0,4.66
STU-14670,2.4295663698650882,1.334678253896761,1.5048481821057689,1.7689069300500855,1.0585876518438173,-1.9629738227365523,-0.002248435052911163,0.0,1.0,0.0,0.0,0.0,0.0,1.0,5.4
STU-14699,-0.9540250270320775,-0.7441267110261855,-0.6466815993691162,-0.1025280756444481,-1.8531691794849126,-0.793691577961108,-0.7382997529884223,0.0,1.0,0.0,0.0,0.0,1.0,0.0,3.49
STU-12236,1.9090138472655243,-0.5583003340045861,1.27281078024868,1.7968387958067198,-0.4268847226912658,-0.39844124169898637,-0.9276573534531597,0.0,1.0,0.0,0.0,0.0,1.0,0.0,5.36
STU-12404,-1.4745775496316413,0.5362374471336255,-0.20334205284216567,0.13489278328694773,-0.13671956498324692,-0.17611292755154234,0.6666114762660805,0.0,1.0,0.0,0.0,0.0,0.0,1.0,4.97
STU-11409,-0.9540250270320775,-1.4710958343194755,-0.8244123752596524,-2.5884641279849463,-1.2418012974483648,0.05444976860136239,1.8730026405172293,1.0,0.0,0.0,0.0,0.0,0.0,1.0,2.91
STU-14138,0.34735627946683245,-0.5317537087157864,0.1382959941474207,0.3164499107050751,-0.22838865709498402,-0.9583792180703257,0.5139037339558085,1.0,0.0,0.0,0.0,0.0,0.0,1.0,3.35
STU-10887,-0.9540250270320775,1.0671699529096237,1.5048481821057689,1.405792675213832,0.7814149638839181,-0.2749255116170729,-1.2758310059205797,0.0,1.0,1.0,0.0,0.0,0.0,0.0,5.76
STU-14272,-1.2143012883318594,-0.11925999268981864,-0.8826685740237731,-1.0801433771266657,0.0747689703611556,0.4991063968962497,-0.9215490437607488,1.0,0.0,0.0,0.0,0.0,0.0,1.0,4.54
STU-11604,-0.1731962431327315,-1.6099551050608905,-2.7982113808439997,-1.513087296354506,-1.9672141917184125,2.0883421239501976,0.5566619018026848,1.0,0.0,0.0,0.0,0.0,1.0,0.0,2.35
STU-11818,0.6076325407666144,-0.08658722310360333,1.0180633348055763,1.5454520039970068,0.6536556780274025,-1.2877544982887603,0.6269074632654096,0.0,1.0,0.0,0.0,0.0,1.0,0.0,4.48
STU-10795,2.559704500514979,0.1645846930904267,-0.26456043120446204,0.051097186017043834,-0.3467644925778576,-1.0983637121631604,-1.0376069279165556,0.0,1.0,1.0,0.0,0.0,0.0,0.0,4.84
STU-14654,-0.1731962431327315,-0.772715384414124,1.2293654794754365,-0.7170291222904134,-0.3157269259573486,0.07091853261228379,2.5620963276923314,1.0,0.0,0.0,0.0,0.0,1.0,0.0,3.64
STU-10814,-0.4334725044325135,0.6669285254784867,1.5048481821057689,-0.3259830016975256,1.0585876518438173,-0.2749255116170729,0.019130648870527008,1.0,0.0,0.0,0.0,0.0,0.0,1.0,4.92
STU-14118,-0.4334725044325135,-0.6236458731770167,0.4473500655570769,-0.758926920925366,0.42484384968550665,0.15326235266689298,1.292713219738196,1.0,0.0,0.0,1.0,0.0,0.0,0.0,3.39
STU-10735,1.1281850633661783,-1.3975821027504913,-1.042626272325255,-0.2561533373059388,-1.8192443973648205,0.24384055472696214,-0.7657871466042713,0.0,1.0,0.0,0.0,1.0,0.0,0.0,1.68
STU-12075,0.34735627946683245,-0.6297720174744323,-0.2991191931831769,0.9309509573510404,0.08487422460969363,-0.11023787150785526,-0.5978086300629719,0.0,1.0,0.0,0.0,0.0,1.0,0.0,3.93
STU-14439,0.08708001816705048,-0.5521741897071709,1.3379787314085432,0.4421433066099316,0.5980767796604439,0.943763025191137,-0.319880539058277,1.0,0.0,0.0,1.0,0.0,0.0,0.0,4.52
STU-11624,-0.4334725044325135,-1.6691744999359057,-0.52227005624574,-0.9125521825868579,-0.003907652002461781,0.9931693172239027,0.4925246500323703,1.0,0.0,0.0,0.0,0.0,1.0,0.0,2.75
STU-11621,0.8679088020663964,1.7287935370304826,0.39205604639113195,-0.9125521825868579,0.369986755193443,-0.23375360158976868,2.5620963276923314,1.0,0.0,0.0,0.0,0.0,0.0,1.0,5.12
STU-11111,-1.4745775496316413,0.007346989456765759,1.1326009459350344,-0.6332335250205094,0.0415659921159588,-0.08553472549147244,0.5505535921102735,1.0,0.0,0.0,0.0,0.0,0.0,1.0,4.06
STU-11951,-0.6937487657322955,0.8731753834914706,1.5048481821057689,1.7968387958067198,1.0585876518438173,0.8531848231310664,-0.1580103322093886,0.0,1.0,0.0,0.0,1.0,0.0,0.0,6.22
STU-13655,-1.4745775496316413,-0.162143002771726,0.12545988255532683,1.0706102861342153,-0.517832010928108,-0.8430978699938729,-0.1580103322093886,0.0,1.0,0.0,0.0,0.0,0.0,1.0,4.63
STU-13262,0.8679088020663964,2.595387699102364,1.5048481821057689,1.1963036820390716,1.0585876518438173,0.8037785310983022,-1.2636143865357583,1.0,0.0,0.0,1.0,0.0,0.0,0.0,5.91
STU-10830,0.34735627946683245,0.7567786418405786,0.7692402485588256,0.553870769636471,0.937324600861361,1.4213571815078678,-1.4407553676156737,1.0,0.0,0.0,0.0,0.0,1.0,0.0,4.97
STU-11109,0.8679088020663964,0.8343764696078397,0.9884415388238206,0.819223494324501,0.401024321813953,-0.6125351738409689,-1.3216433286136615,1.0,0.0,0.0,0.0,0.0,1.0,0.0,5.44
STU-13759,0.08708001816705048,-0.4602820252459406,-1.2094957230224808,0.3723136422183448,-0.816658815134874,0.5402783069235539,-0.8177077789897638,1.0,0.0,1.0,0.0,0.0,0.0,0.0,3.81
STU-10987,-0.6937487657322955,-0.6665288832589245,-0.3711988967387838,-1.0382455784917144,-1.1732299293332855,2.0718733599392762,0.2023799396428536,0.0,1.0,0.0,0.0,0.0,0.0,1.0,4.06
STU-14264,0.34735627946683245,-1.1484522346555996,0.0657225939921197,-1.3035983031797445,-0.4839072288080163,0.3591219028034149,0.3153836689524547,1.0,0.0,0.0,0.0,0.0,0.0,1.0,3.08
STU-14129,-0.6937487657322955,-0.44802973665110973,-0.15199760647378882,0.9030190915944062,1.0585876518438173,0.6884971830218495,0.8926189348852832,1.0,0.0,0.0,0.0,0.0,0.0,1.0,4.11
STU-11402,-1.4745775496316413,1.0059085099354699,-0.7385091669125593,1.308031145065611,-0.4817418171833295,-2.177067754878535,-1.5110009290783988,0.0,1.0,0.0,0.0,0.0,1.0,0.0,4.23
STU-10245,-0.9540250270320775,-0.31121251400883326,-0.9182147292018803,0.6376663669063749,-1.8062519276167002,0.38382504881979695,0.678828095650902,1.0,0.0,0.0,0.0,0.0,0.0,1.0,3.65
STU-11508,0.34735627946683245,-0.08658722310360333,1.5048481821057689,-0.42374453184574784,-1.0822826410964432,-0.3655037136771428,-0.65278341729467,1.0,0.0,0.0,0.0,0.0,0.0,1.0,4.13
STU-13416,1.3884613246659603,0.021641326150735,0.20247655210789278,-1.680678490894315,1.0441515743459056,-0.20905045557338586,1.7477822918228063,1.0,0.0,0.0,0.0,1.0,0.0,0.0,3.81
STU-14332,0.34735627946683245,1.9166619621512209,1.5048481821057689,1.2242355477957059,0.7164526151433174,-0.5301913537863597,1.5187206783573983,1.0,0.0,0.0,0.0,0.0,0.0,1.0,6.0
STU-10128,0.08708001816705048,2.595387699102364,1.5048481821057689,1.7968387958067198,1.0585876518438173,0.25207493673242287,0.23292148810490793,0.0,1.0,0.0,0.0,0.0,0.0,1.0,6.68
STU-14474,-0.1731962431327315,0.48927034085344095,0.09287590697539529,0.12092685040863062,-0.6383732580356684,1.487232237551555,0.8773481606542558,1.0,0.0,0.0,0.0,0.0,1.0,0.0,4.86
STU-10461,2.1692901085653062,-0.05799854971566485,0.9637567088390239,0.40024550797497904,1.0585876518438173,1.9154201018355201,1.2652258261223472,1.0,0.0,1.0,0.0,0.0,0.0,0.0,5.9
STU-11957,0.34735627946683245,-0.7461687591253239,-1.7318267255007807,0.21868838055685288,-0.4918470714318675,0.49087201489078824,1.9127066535179005,0.0,1.0,0.0,0.0,0.0,0.0,1.0,3.53
STU-14422,-0.6937487657322955,-0.588931055491663,-0.0739935437218305,-0.3259830016975256,0.23500943058797208,-0.727816521917421,0.48641634033995956,1.0,0.0,0.0,1.0,0.0,0.0,0.0,3.68
STU-10529,0.08708001816705048,-1.019803204409877,-1.2124579026206566,-0.5075401291156529,-0.6008394565410979,-0.9254416900484821,-1.2880476253054018,0.0,1.0,0.0,0.0,1.0,0.0,0.0,3.79
STU-12546,0.34735627946683245,-1.2566807839099379,-1.5540959496102442,0.6935300984196445,-0.6152755340390096,-0.9007385440320993,-1.6453837423114384,0.0,1.0,0.0,0.0,0.0,1.0,0.0,4.11
STU-12360,-0.6937487657322955,-0.6052674402847706,-0.3820602219320943,-1.2337686387881577,-1.7643873028727572,-0.044362815464168204,-0.4115051844444402,1.0,0.0,0.0,0.0,0.0,1.0,0.0,3.04
STU-12926,1.1281850633661783,-0.023283732030311134,0.5599128902877502,0.03713125313872672,0.4566032201809116,1.2484351593931888,2.5620963276923314,1.0,0.0,1.0,0.0,0.0,0.0,0.0,4.36
STU-10991,-0.4334725044325135,-0.8482711640822469,1.2599746686565847,1.3778608094571978,1.0585876518438173,0.7214347110436929,1.347688006969894,0.0,1.0,0.0,0.0,0.0,0.0,1.0,4.84
STU-11514,1.3884613246659603,-1.0034668196167693,-0.6713664293539129,0.023165320260409614,0.1729342973469531,1.0590443732675883,-0.16717279674800498,1.0,0.0,0.0,0.0,0.0,0.0,1.0,3.47
STU-13328,-0.9540250270320775,0.5872886496120868,-0.40082069272053966,0.023165320260409614,1.0585876518438173,-1.1971762962286912,0.1077011394104848,1.0,0.0,0.0,0.0,1.0,0.0,0.0,4.58
STU-13905,0.6076325407666144,0.4872282927543025,0.7652906757612589,-0.28408520306257423,1.0585876518438173,-1.3206920263106037,0.8009942894991198,0.0,1.0,0.0,1.0,0.0,0.0,0.0,4.58
STU-13550,1.1281850633661783,0.1645846930904267,1.2599746686565847,0.35834770934002647,0.3663777358189653,0.8531848231310664,1.1491679419665402,1.0,0.0,1.0,0.0,0.0,0.0,0.0,4.86
STU-14813,0.08708001816705048,0.7098115355603941,0.5520137446926139,-0.13045994140108233,-0.5474259697988261,-2.234708428916761,-0.6008627849091775,0.0,1.0,1.0,0.0,0.0,0.0,0.0,3.49
STU-14154,0.08708001816705048,-0.9279110399486465,0.3742829688020776,-0.40977859896743074,-0.7516964663942723,-0.6866446118901167,0.8681856961156397,1.0,0.0,0.0,0.0,0.0,0.0,1.0,3.21
STU-11807,-0.4334725044325135,1.5368410157114685,0.5786733610761954,0.2885180449484397,0.1714906895971612,-0.28315989362253363,-0.1580103322093886,1.0,0.0,0.0,0.0,0.0,0.0,1.0,4.74
STU-10997,-1.4745775496316413,0.8711333353923318,1.5048481821057689,0.8750872258377707,1.0585876518438173,-0.29962865763345575,1.640886872205616,0.0,1.0,0.0,0.0,0.0,1.0,0.0,4.52
STU-13357,0.8679088020663964,-0.6318140655735707,-1.2470166645993728,-0.6890972565337792,-0.8527490088796525,0.36735628480887556,-1.3399682576908942,1.0,0.0,0.0,0.0,0.0,0.0,1.0,3.67
STU-14099,0.34735627946683245,0.24218252085768813,1.5048481821057689,-0.5215060619939701,-0.09918576348867757,-0.2913942756279943,-0.24047251305693534,0.0,1.0,0.0,0.0,0.0,0.0,1.0,4.69
STU-11666,1.3884613246659603,0.015515181853319404,0.929197946860309,-1.0522115113700314,0.2595507623344217,1.7507324617263031,-1.5110009290783988,1.0,0.0,0.0,0.0,1.0,0.0,0.0,3.94
STU-10262,-0.6937487657322955,-0.4500717847502481,0.0657225939921197,1.2242355477957059,-2.1281764558201246,-1.1148324761740818,-0.4878590555995762,0.0,1.0,1.0,0.0,0.0,0.0,0.0,3.52
STU-12692,-1.2143012883318594,-1.0586021182935077,1.0871808587630076,-0.7030631894120962,1.0376553394718453,0.7379034750546151,0.3611959916455364,1.0,0.0,0.0,0.0,0.0,0.0,1.0,4.58
STU-10033,-0.6937487657322955,1.7635083547158368,0.21531266369998664,1.4895882724837373,0.2956409560792002,-0.3490349496662207,0.09243036517945766,0.0,1.0,0.0,0.0,0.0,0.0,1.0,5.73
STU-13677,0.08708001816705048,-0.4929547948321559,-2.311426533543808,1.0985421518908494,-0.22333602997071553,1.2484351593931888,-0.32904300359689315,1.0,0.0,1.0,0.0,0.0,0.0,0.0,4.57
STU-14320,-0.1731962431327315,-0.29487612921572565,-1.2509662373969395,-0.7449609880470488,0.1729342973469531,0.25207493673242287,-0.5917003203705612,1.0,0.0,1.0,0.0,0.0,0.0,0.0,3.56
STU-13917,-0.9540250270320775,-0.5460480454097556,0.8976013644797683,0.4700751723665658,-0.8881173987495351,-0.08553472549147244,-0.34736793267412597,1.0,0.0,0.0,1.0,0.0,0.0,0.0,4.0
STU-13771,-0.1731962431327315,-0.22136239764674137,-0.2665352176032454,0.41421144085329614,0.40174612568884893,-0.678410229884656,-0.2343642033645246,1.0,0.0,0.0,0.0,0.0,1.0,0.0,3.99
STU-14543,-0.1731962431327315,0.9671095960518397,0.8946391848815927,0.023165320260409614,1.0585876518438173,0.3755906668143363,-0.5214547589078359,0.0,1.0,0.0,0.0,0.0,1.0,0.0,5.18
STU-11438,0.34735627946683245,0.8752174315906086,1.1010043635544937,1.713043198536816,1.0585876518438173,-0.5631288818082033,-0.9429281276841869,0.0,1.0,0.0,0.0,0.0,0.0,1.0,5.51
STU-10265,-0.6937487657322955,-1.1770409080435382,-1.2085083298230899,-0.17235774003603488,-2.861529192714024,-0.3325661856552993,0.6360699278040262,0.0,1.0,0.0,0.0,0.0,1.0,0.0,3.93
STU-11295,1.1281850633661783,-0.7257482781339395,1.0822438927660485,0.009199387382091261,-0.24715555784226922,0.3755906668143363,-0.319880539058277,1.0,0.0,0.0,0.0,0.0,0.0,1.0,4.27
STU-10944,0.8679088020663964,0.4749760041594717,-1.4958397508461236,-0.8706543839519053,1.0585876518438173,-0.8019259599665687,1.1247347031968966,1.0,0.0,0.0,0.0,0.0,0.0,1.0,4.14
STU-14562,0.34735627946683245,-0.9360792323452003,-1.7347889050989562,-0.5494379277506043,-1.6077558620204184,-0.6207695558464297,-1.6209505035417948,1.0,0.0,0.0,0.0,0.0,1.0,0.0,3.47
STU-11233,0.08708001816705048,-0.8605234526770775,-0.9182147292018803,0.9030190915944062,-0.05154670774556916,-0.9830823640867085,1.231630122814087,0.0,1.0,0.0,0.0,0.0,0.0,1.0,4.69
STU-14939,-1.4745775496316413,-0.13968047368120312,-0.6842025409460067,0.03713125313872672,0.2335658228381802,0.3014812287651885,0.7246404183439837,1.0,0.0,0.0,0.0,1.0,0.0,0.0,4.35
STU-11662,0.08708001816705048,0.5995409382069177,0.7001227246013944,-2.183452074513741,0.5807534866629496,1.536638529584319,-1.220856218688882,1.0,0.0,1.0,0.0,0.0,0.0,0.0,3.72
STU-14910,0.6076325407666144,-0.9912145310219387,0.9064879032742955,-0.28408520306257423,-0.08186247049118323,0.9272942611802156,-0.1580103322093886,0.0,1.0,1.0,0.0,0.0,0.0,0.0,4.86
STU-10161,0.08708001816705048,-1.3955400546513526,-0.4373542410980393,-1.2337686387881577,-0.7892302678888417,-1.2548169702669167,-0.832978553220791,1.0,0.0,0.0,0.0,0.0,0.0,1.0,2.78
STU-11080,0.8679088020663964,0.19317336647836517,-1.3329198729464646,0.023165320260409614,0.5504377239173355,-0.10200348950239456,1.1613845613513616,1.0,0.0,0.0,0.0,0.0,0.0,1.0,4.21
STU-11074,-1.2143012883318594,0.1033232501162729,1.350814843000637,1.2521674135523413,0.08992685173396212,2.1048108879611207,-1.2666685413819636,1.0,0.0,1.0,0.0,0.0,0.0,0.0,4.75
STU-12243,-1.4745775496316413,0.32182239672408763,1.0773069267690893,1.7968387958067198,0.865144213371804,-0.6207695558464297,-0.9368198179917759,0.0,1.0,0.0,0.0,1.0,0.0,0.0,4.25
STU-10892,0.08708001816705048,1.2550383780303618,1.0911304315605757,-0.39581266608911364,1.0585876518438173,0.19443426269419722,-0.6833249657567243,1.0,0.0,0.0,0.0,0.0,0.0,1.0,4.99
STU-11175,0.6076325407666144,0.4096304649870411,0.6872866130093005,0.2885180449484397,-0.1937420710999964,0.15326235266689298,-0.008356744745321915,0.0,1.0,0.0,0.0,1.0,0.0,0.0,3.69
STU-12854,1.6487375859657423,0.7710729785345478,1.5048481821057689,-0.004766545496225848,-0.4586440931866707,1.1166850473058145,-0.4145593392906456,1.0,0.0,0.0,0.0,0.0,1.0,0.0,5.13
STU-13567,-1.2143012883318594,0.44230323457325643,0.009934878226477883,-0.24218740442762168,1.0585876518438173,0.10385606063412732,-0.4512091974451109,0.0,1.0,0.0,0.0,0.0,0.0,1.0,4.83
STU-14431,-0.4334725044325135,0.7812832190302399,0.0810271885826924,-1.1499730415182536,1.0585876518438173,-0.5631288818082033,0.7399111925750111,1.0,0.0,0.0,0.0,0.0,0.0,1.0,4.05
STU-13274,-0.1731962431327315,-0.12130204078895705,0.4710475023424813,-0.6332335250205094,-0.2955164174602725,1.2484351593931888,-0.9704155213000357,0.0,1.0,1.0,0.0,0.0,0.0,0.0,4.39
STU-12069,-0.9540250270320775,-1.5098947482031062,-2.837830532969599,-0.01873247837454296,-3.1643259182327137,-1.2136450602396125,-0.9490364373765977,0.0,1.0,0.0,0.0,0.0,0.0,1.0,2.26
STU-14358,0.6076325407666144,-0.9258689918495081,0.688274006208693,-0.22822147154930458,-0.6686890207812823,-0.9995511280976299,2.4380212870652365,1.0,0.0,1.0,0.0,0.0,0.0,0.0,2.87
STU-12033,0.34735627946683245,-0.8053881540003393,-1.7229401867062535,0.26058617919180543,-1.4446281862940202,-1.3865670823542908,-1.4041055094612085,1.0,0.0,0.0,0.0,0.0,0.0,1.0,3.25
STU-14464,1.1281850633661783,0.05022999953867312,-0.4600642846840527,-0.39581266608911364,-0.13671956498324692,-1.0324886561194735,-0.06943984166943079,1.0,0.0,0.0,0.0,0.0,0.0,1.0,4.0
STU-13027,-0.4334725044325135,-0.10292360789671098,-2.758715652868325,0.27455211207012253,-0.39873437157033853,-0.4725506797481341,-1.5232175484632207,1.0,0.0,0.0,0.0,0.0,0.0,1.0,2.77
STU-11002,-1.2143012883318594,0.4463873307715336,0.6507530646318009,0.06506311889536094,0.27831766308170586,-0.052597197469628904,-0.6588917269870808,0.0,1.0,1.0,0.0,0.0,0.0,0.0,5.74
STU-12765,2.559704500514979,0.740442257047471,0.654702637429369,0.6655982326630103,1.0585876518438173,0.6884971830218495,-0.1763352612866211,0.0,1.0,0.0,0.0,0.0,1.0,0.0,5.65
STU-14936,0.6076325407666144,0.19113131837922676,-1.382289532916058,-0.06063027700949553,0.040122384366167954,0.48263763288532757,-0.8085453144511474,0.0,1.0,0.0,0.0,0.0,1.0,0.0,3.64
STU-11226,-1.4745775496316413,0.1380380678016266,-0.621009376184927,-0.605301659263874,0.1729342973469531,-0.003190905436863971,-0.13968540313215577,1.0,0.0,0.0,1.0,0.0,0.0,0.0,3.51
STU-12691,-1.2143012883318594,-0.21319420525018737,-0.35737539194729756,-0.28408520306257423,-0.6066138875402624,-1.1889419142232305,0.14435099756495012,0.0,1.0,0.0,0.0,0.0,0.0,1.0,3.06
STU-14037,-1.4745775496316413,-0.5235855163192324,-1.1690126018474145,1.1683718162824361,0.1729342973469531,-0.4807850617535948,2.5620963276923314,1.0,0.0,0.0,1.0,0.0,0.0,0.0,3.52
STU-10040,1.6487375859657423,1.3040475324096845,0.6290304142451799,-0.3259830016975256,1.0585876518438173,0.5814502169508582,-1.1047983345330752,1.0,0.0,1.0,0.0,0.0,0.0,0.0,4.58
STU-12965,-0.9540250270320775,-0.023283732030311134,1.5048481821057689,1.7968387958067198,0.4140167915620727,-1.1230668581795433,1.2346842776602924,1.0,0.0,0.0,0.0,0.0,0.0,1.0,4.99
STU-11382,0.8679088020663964,-0.4112728708666176,-1.1068068302857272,-1.4292916990846007,-0.8938918297486995,-1.337160790321526,0.3153836689524547,1.0,0.0,0.0,0.0,0.0,0.0,1.0,2.5
STU-11602,-0.6937487657322955,1.4184022259614377,0.0657225939921197,0.4700751723665658,1.0585876518438173,-0.08553472549147244,-0.2893389905962225,1.0,0.0,1.0,0.0,0.0,0.0,0.0,4.74
STU-12855,0.6076325407666144,1.5245887271166372,-1.7920577106636846,-0.24218740442762168,1.0585876518438173,-1.1642387682068476,-0.5397796879850687,1.0,0.0,0.0,0.0,1.0,0.0,0.0,3.86
STU-12714,-0.6937487657322955,1.3489725905907302,1.5048481821057689,1.7968387958067198,1.0585876518438173,0.7708410030764586,2.2456095317542935,1.0,0.0,0.0,0.0,0.0,1.0,0.0,6.31
STU-10338,-0.1731962431327315,-0.023283732030311134,1.5048481821057689,1.0845762190125323,1.0585876518438173,1.3637165074696416,0.5872034502647391,0.0,1.0,0.0,0.0,0.0,0.0,1.0,5.87
STU-10120,-1.4745775496316413,-1.360825236965999,0.21728745009876999,-0.6471994578988266,-1.5435153171547127,-0.3078630396389165,-0.5794837009857394,0.0,1.0,0.0,0.0,0.0,1.0,0.0,3.41
STU-11337,1.3884613246659603,-2.2695366410826114,-0.039434781743115606,-0.4656423304807004,-0.6513657277837881,-0.90897292603756,-0.5367255331388633,0.0,1.0,0.0,1.0,0.0,0.0,0.0,3.42
STU-14892,-1.4745775496316413,0.9956982694397775,0.32985027482944324,1.7968387958067198,-0.049381296120882365,-1.7571142726000304,0.8101567540377365,1.0,0.0,0.0,1.0,0.0,0.0,0.0,4.44
STU-12500,-0.9540250270320775,-0.3765580531812639,0.5233793419102505,-0.3399489345758439,-1.9751540343422638,-0.1431753995296988,-0.25879744213416817,0.0,1.0,0.0,0.0,0.0,1.0,0.0,3.35
STU-14378,1.6487375859657423,1.5143784866209455,1.5048481821057689,0.4840411052448829,1.0585876518438173,0.47440325087986684,0.41617077887723425,0.0,1.0,0.0,0.0,1.0,0.0,0.0,5.15
STU-13268,1.6487375859657423,1.602186554883899,1.5048481821057689,1.7968387958067198,1.0585876518438173,0.47440325087986684,-0.7993828499125311,1.0,0.0,0.0,0.0,1.0,0.0,0.0,6.02
STU-13333,2.1692901085653062,-0.023283732030311134,-0.022649097353453652,1.1823377491607534,0.1729342973469531,-0.43961315172629056,0.7338028828826004,1.0,0.0,0.0,1.0,0.0,0.0,0.0,4.95
STU-12713,2.4295663698650882,-1.2056295814314764,-0.053258286534601844,-1.163938974396571,-0.5539222046728864,0.268543700743345,-0.8696284113752561,1.0,0.0,0.0,0.0,0.0,1.0,0.0,2.98
STU-10307,0.08708001816705048,2.20867484032802,1.5048481821057689,1.7828728629284027,1.0585876518438173,0.9684661712075191,0.2359756429511133,1.0,0.0,0.0,0.0,0.0,0.0,1.0,5.36
STU-13185,1.6487375859657423,0.06452433623264237,-0.9665969959720815,0.16282464904358318,-0.16414811222927825,-1.650067306529039,-0.3992885650596184,0.0,1.0,0.0,0.0,0.0,1.0,0.0,3.15
STU-12276,1.9090138472655243,1.1284313958837775,1.5048481821057689,1.1963036820390716,1.0585876518438173,1.6519198776607718,1.2743882906609634,0.0,1.0,0.0,0.0,0.0,1.0,0.0,6.17
STU-10492,-0.1731962431327315,0.8262082772112861,0.9331475196578757,-0.22822147154930458,-0.05515572712004783,-0.9583792180703257,0.2665171914131679,1.0,0.0,0.0,0.0,0.0,0.0,1.0,5.01
STU-14999,-0.9540250270320775,-0.023283732030311134,-1.1936974318322113,-0.7030631894120962,-1.7499512253748455,1.0590443732675883,-0.06333153197701977,1.0,0.0,0.0,1.0,0.0,0.0,0.0,3.41
STU-12693,-0.1731962431327315,1.0406233276208239,0.2755436488628906,-0.6890972565337792,1.0585876518438173,0.8202472951092236,0.8773481606542558,1.0,0.0,0.0,0.0,0.0,0.0,1.0,5.17
STU-12036,-1.4745775496316413,-0.05595650161652644,1.230352872674829,1.7968387958067198,-0.4463734273134459,0.21913740871057932,-0.9948487600696793,0.0,1.0,0.0,0.0,0.0,0.0,1.0,5.19
STU-13503,0.6076325407666144,-1.750856423901444,0.5451019922968715,0.4700751723665658,-1.6185829201438524,0.13679358865597085,-1.575138180848713,1.0,0.0,0.0,0.0,0.0,0.0,1.0,3.49
STU-13352,-0.4334725044325135,-0.14376456987947994,0.6576648170275448,0.972848755985993,-0.600117652666203,0.9272942611802156,-0.5794837009857394,1.0,0.0,1.0,0.0,0.0,0.0,0.0,4.85
STU-10663,-0.6937487657322955,0.1727528854869807,-0.12632538328959972,0.38627957509666194,-0.5755763209197534,-1.1724731502123082,0.12908022333392297,1.0,0.0,0.0,1.0,0.0,0.0,0.0,3.39
STU-11749,1.9090138472655243,-1.8223281073712898,-2.450648974658062,-1.9879290142172976,-1.9765976420920546,0.6637940370054666,-0.9032241146835162,1.0,0.0,0.0,0.0,0.0,1.0,0.0,2.09
STU-14966,-0.1731962431327315,1.328552109599346,0.6833370402117338,1.056644353255897,1.0585876518438173,1.2566695413986495,-0.22520173882590822,0.0,1.0,0.0,0.0,0.0,1.0,0.0,6.25
STU-10118,-0.6937487657322955,0.08902891342230403,-2.2521829415802954,0.3164499107050751,-0.5467041659239302,1.3637165074696416,-0.3626387069051531,0.0,1.0,1.0,0.0,0.0,0.0,0.0,4.54
STU-14459,-0.4334725044325135,0.41167251308617986,1.2096176154876004,0.4840411052448829,0.5757008595386811,-0.9995511280976299,-0.7077582045263678,1.0,0.0,0.0,0.0,1.0,0.0,0.0,3.47
STU-10654,1.9090138472655243,-0.023283732030311134,1.1335883391344252,-0.14442587427939943,-0.1078474099874237,-0.15964416354062091,-0.5061839846768087,1.0,0.0,0.0,0.0,0.0,0.0,1.0,4.66
STU-11249,-0.9540250270320775,-0.38881034177609436,1.5048481821057689,0.7074960312979617,1.0585876518438173,-1.7488798905945697,-0.1580103322093886,1.0,0.0,0.0,0.0,0.0,0.0,1.0,4.79
STU-14070,0.6076325407666144,-1.734520039108336,-1.8641374142192915,-1.191870840153205,-1.3753350143040448,-0.793691577961108,-1.5232175484632207,1.0,0.0,0.0,0.0,0.0,0.0,1.0,2.17
STU-11980,0.6076325407666144,1.2244076565432847,1.0131263688086174,1.6013157355102765,0.1729342973469531,0.3755906668143363,0.24819226233593508,1.0,0.0,0.0,0.0,0.0,0.0,1.0,5.27
STU-12190,-0.1731962431327315,1.095758626297562,0.3268880952312675,1.056644353255897,0.6846932446479115,-1.1642387682068476,-1.0986900248406644,1.0,0.0,0.0,1.0,0.0,0.0,0.0,5.64
STU-11154,-1.4745775496316413,0.4606816674655025,0.34564856601971417,1.056644353255897,0.04228779599085474,-1.2054106782341518,-1.0009570697620902,1.0,0.0,0.0,0.0,0.0,1.0,0.0,4.23
STU-13349,1.1281850633661783,-0.578720814995971,-0.6387824537739799,-2.0298268128522503,-0.09918576348867757,-0.08553472549147244,-0.9276573534531597,1.0,0.0,0.0,0.0,0.0,1.0,0.0,3.01
STU-13994,-1.4745775496316413,-0.8768598374701851,0.12545988255532683,0.023165320260409614,-1.9130789011012448,0.5238095429126318,-0.46953412652234344,0.0,1.0,0.0,0.0,0.0,0.0,1.0,3.71
STU-12162,-0.1731962431327315,-0.588931055491663,1.4890498909154992,0.5259389038798356,-0.15981728897990466,-0.6619414658737338,-0.3107180745196606,1.0,0.0,0.0,1.0,0.0,0.0,0.0,3.37
STU-10578,-0.6937487657322955,1.6818264307502988,1.4001845029702304,1.7968387958067198,1.0585876518438173,0.26030931873788427,1.2713341358147578,1.0,0.0,0.0,0.0,0.0,0.0,1.0,6.0
STU-10385,1.6487375859657423,0.0012208451593501623,0.9153744420688227,-0.9265181154651749,1.0585876518438173,-0.31609742164437715,-0.30766391967345524,1.0,0.0,0.0,0.0,0.0,1.0,0.0,3.38
STU-12561,0.8679088020663964,-0.08454517500446491,0.03856928100884273,-0.01873247837454296,-0.2442683423426865,-0.1267066355187774,-0.8360327080669964,0.0,1.0,0.0,1.0,0.0,0.0,0.0,3.02
STU-10148,0.6076325407666144,0.18500517408181116,1.1395126983307768,0.34438177646170937,1.0585876518438173,1.808373135764528,-0.32904300359689315,1.0,0.0,0.0,0.0,0.0,0.0,1.0,5.08
STU-10981,0.08708001816705048,0.5056067256465486,-0.3178796639716222,0.13489278328694773,0.6226181114068925,-1.7735830366109524,-0.5917003203705612,0.0,1.0,0.0,0.0,0.0,0.0,1.0,4.36
STU-10495,0.6076325407666144,-1.5323572772936291,-1.7525619826880092,0.023165320260409614,-0.7264333307729278,1.9236544838409808,0.7673985861908601,0.0,1.0,0.0,0.0,0.0,0.0,1.0,3.06
STU-13707,-1.4745775496316413,1.896241481159836,1.5048481821057689,0.8052575614461839,1.0585876518438173,0.33441875678703203,0.4497664821854942,1.0,0.0,0.0,0.0,0.0,0.0,1.0,5.44
STU-11987,0.6076325407666144,-0.023283732030311134,1.5048481821057689,-0.9404840483434921,0.9033998187412693,0.35088752079795343,0.6299616181116154,0.0,1.0,0.0,0.0,1.0,0.0,0.0,5.21
STU-13199,1.6487375859657423,0.7996616519224864,-0.5212826630463476,0.7773256956895485,1.0585876518438173,-0.5219569717808991,0.1657300814883883,0.0,1.0,0.0,0.0,1.0,0.0,0.0,4.47
STU-11917,0.6076325407666144,-0.08250312690532614,-0.25666128560932727,-0.8985862497085395,0.06827273548709523,-0.8101603419720301,-0.1580103322093886,1.0,0.0,0.0,0.0,0.0,0.0,1.0,3.82
STU-13211,-0.6937487657322955,-0.07229288640963409,0.8146603357308524,-0.8566884510735882,-0.6845687060289848,1.5201697655733977,-1.336914102844689,1.0,0.0,1.0,0.0,0.0,0.0,0.0,3.78
STU-13432,-0.1731962431327315,0.39942022449134906,-0.07991790291818193,0.8890531587160878,0.02279909136867464,1.3637165074696416,2.1845264348301847,0.0,1.0,0.0,0.0,1.0,0.0,0.0,4.18
STU-14932,1.9090138472655243,1.020202846629439,-0.02758606335041272,1.5454520039970068,0.1729342973469531,0.02151224057951886,-0.041952448053581864,1.0,0.0,1.0,0.0,0.0,0.0,0.0,5.35
STU-13817,-1.2143012883318594,2.1576236378495586,1.5048481821057689,0.40024550797497904,1.0585876518438173,-0.42314438771536844,0.205434094489059,1.0,0.0,0.0,0.0,0.0,1.0,0.0,5.86
STU-11647,0.8679088020663964,-0.5460480454097556,-2.1297461848557044,-0.6890972565337792,-0.9747338637370037,-1.650067306529039,-0.9368198179917759,1.0,0.0,0.0,1.0,0.0,0.0,0.0,2.89
STU-11685,0.34735627946683245,0.6301716596939942,-0.9043912244103941,-0.11649400852276522,0.04517501149043645,0.9190598791747534,0.9201063285011322,0.0,1.0,1.0,0.0,0.0,0.0,0.0,4.3
STU-14738,0.08708001816705048,-0.8074302020994777,-2.7646400120646764,-0.6751313236554608,-1.3601771329312384,0.7461378570600758,0.7765610507294762,0.0,1.0,0.0,0.0,0.0,1.0,0.0,2.68
STU-10898,-0.9540250270320775,-0.2560772153320951,-1.1542017038565373,-1.1220411757616182,-0.9104933188712979,-2.4570367430642053,0.08021374579463589,0.0,1.0,1.0,0.0,0.0,0.0,0.0,3.44
STU-11311,-0.1731962431327315,-0.3152966102071101,-1.5076884692388266,-0.24218740442762168,-0.6881777254034624,0.02151224057951886,-1.2055854444578546,0.0,1.0,0.0,0.0,1.0,0.0,0.0,3.71
STU-14522,1.1281850633661783,0.44230323457325643,-0.1411362812804783,0.06506311889536094,-0.785621248514364,-1.1230668581795433,1.1797094904285945,0.0,1.0,1.0,0.0,0.0,0.0,0.0,4.04
STU-14136,-1.2143012883318594,-0.023283732030311134,0.0657225939921197,-0.08856214276612975,-0.7069446261507466,-1.7241767445781868,-0.08165646105425256,1.0,0.0,0.0,0.0,0.0,1.0,0.0,2.88
STU-12724,0.08708001816705048,0.4198407054827335,-0.8194754092626934,0.023165320260409614,0.5194001572968265,-0.2913942756279943,0.6269074632654096,0.0,1.0,1.0,0.0,0.0,0.0,0.0,4.44
STU-14318,2.559704500514979,0.7649468342371323,-0.04437174774007468,0.4980070381232013,0.1758215128465348,-0.6866446118901167,0.4528206370316996,1.0,0.0,0.0,0.0,0.0,0.0,1.0,4.28
STU-11579,1.3884613246659603,1.526630775215776,0.5875598998707212,0.35834770934002647,1.0585876518438173,1.4213571815078678,-1.367455651306743,1.0,0.0,0.0,0.0,1.0,0.0,0.0,5.12
STU-12406,-1.4745775496316413,0.26464504994821103,1.5048481821057689,0.651632299784692,0.8947381722425232,-1.2712857342778388,-0.8879533404524889,1.0,0.0,0.0,0.0,0.0,0.0,1.0,5.08
STU-10152,0.6076325407666144,-0.03349397252600355,1.3419283042061099,-0.7449609880470488,-0.7820122291398864,-0.06906596148055104,-0.5672670816009177,1.0,0.0,0.0,0.0,1.0,0.0,0.0,3.7
STU-14501,0.8679088020663964,0.5934147939095021,-1.578780779595041,0.3304158435833922,-1.0974405224692507,1.1825601033495017,-0.002248435052911163,1.0,0.0,0.0,0.0,1.0,0.0,0.0,3.34
STU-14902,-0.4334725044325135,-0.14580661797861835,0.9716558544341586,1.7968387958067198,0.3165732684511712,-0.7113477579064995,0.04661804248637593,1.0,0.0,0.0,0.0,1.0,0.0,0.0,4.91
STU-11555,-0.6937487657322955,-1.248512591513384,0.7327067001813273,-0.6751313236554608,-1.853890983359808,-0.3737380956826035,-0.7108123593725733,1.0,0.0,0.0,0.0,1.0,0.0,0.0,3.29
STU-13894,-1.4745775496316413,1.175398502163962,0.7080218701965306,0.7493938299329143,0.5937459564110703,0.44970010486348405,-1.220856218688882,1.0,0.0,0.0,0.0,0.0,1.0,0.0,5.23
STU-10325,-0.9540250270320775,-0.6399822579701244,-0.9646222095732981,0.7074960312979617,-0.11939627198575258,2.3765454941413293,-1.3491307222295104,0.0,1.0,0.0,0.0,0.0,1.0,0.0,4.91
STU-11999,-0.9540250270320775,1.4796636689355913,0.2814680080592421,-0.4656423304807004,1.0585876518438173,0.6473252729945452,-0.04806075774599261,1.0,0.0,0.0,1.0,0.0,0.0,0.0,4.69
STU-11672,-0.1731962431327315,2.595387699102364,1.5048481821057689,-0.5634038606289227,-0.8404783430064278,-1.8394580926546396,-0.4786965910609598,0.0,1.0,0.0,0.0,1.0,0.0,0.0,4.58
STU-14919,0.08708001816705048,0.19521541457750358,0.7475175981722045,0.9169850244727232,0.6218963075319975,-1.0901293301576997,-1.3216433286136615,1.0,0.0,0.0,0.0,0.0,0.0,1.0,4.76
STU-10521,-0.1731962431327315,2.2515578504099274,1.4169701873598923,1.7968387958067198,1.0585876518438173,-0.7607540499392644,-0.6069710946015883,1.0,0.0,0.0,0.0,0.0,1.0,0.0,6.67
STU-13782,0.08708001816705048,-0.529711660616648,-1.0278153743343779,-0.5494379277506043,-0.19951650209916183,-0.26669112961161223,-0.023627518976349064,0.0,1.0,0.0,0.0,1.0,0.0,0.0,3.57
STU-14046,-0.6937487657322955,-0.24382492673726425,1.5048481821057689,0.023165320260409614,-0.40450880256950295,0.672028419010928,-0.8482493274518181,0.0,1.0,0.0,0.0,0.0,1.0,0.0,3.94
STU-10877,0.6076325407666144,2.595387699102364,0.7712150349576089,0.3304158435833922,-0.7213807036486583,-0.5713632638136648,-0.8054911596049419,1.0,0.0,0.0,1.0,0.0,0.0,0.0,2.95
STU-14360,-0.6937487657322955,1.2856690995174385,0.0657225939921197,0.1767905819219003,1.0585876518438173,0.6473252729945452,-1.346076567383305,1.0,0.0,0.0,0.0,0.0,0.0,1.0,5.67
STU-12054,0.8679088020663964,0.6260875634957174,0.36243425040937616,0.03713125313872672,1.0585876518438173,1.0837475192839718,-0.7535705272194495,0.0,1.0,0.0,0.0,0.0,1.0,0.0,4.88
STU-10072,0.08708001816705048,0.6260875634957174,1.5048481821057689,1.2521674135523413,1.0585876518438173,-0.637238319857351,1.527883142896015,1.0,0.0,0.0,0.0,0.0,1.0,0.0,4.66
STU-13434,-0.1731962431327315,0.24014047275854936,0.30516544484464647,1.0985421518908494,1.0585876518438173,0.7296690930491537,1.5859120849739181,1.0,0.0,0.0,0.0,0.0,0.0,1.0,5.08
STU-10514,-1.4745775496316413,0.2728132423447647,0.26270753727079676,-0.17235774003603488,1.0585876518438173,2.055404595928355,-0.2526891324417571,1.0,0.0,0.0,0.0,1.0,0.0,0.0,5.14
STU-10183,0.08708001816705048,-0.1355963774829263,-0.36922411034000047,-0.6192675921421923,0.8023472762558901,-0.8019259599665687,-0.646675107602259,1.0,0.0,0.0,0.0,0.0,1.0,0.0,4.0
STU-12261,0.6076325407666144,-0.2622033596295103,-0.3988459063217563,0.16282464904358318,-0.25798261596570216,0.9272942611802156,-0.5275630686002469,0.0,1.0,0.0,0.0,0.0,0.0,1.0,3.85
STU-11285,-0.4334725044325135,0.6465080444871019,0.8097233697338919,0.41421144085329614,0.44577616205747866,2.0389358319174335,-1.2605602316895528,1.0,0.0,0.0,0.0,0.0,0.0,1.0,5.27
STU-12850,-1.4745775496316413,-1.4037082470479065,-0.31195530477527217,0.20472244767853576,0.45515961243112074,-1.3042232622996823,0.3031670495676329,1.0,0.0,0.0,0.0,0.0,0.0,1.0,4.49
STU-11690,-1.2143012883318594,-0.8135563463968929,-0.6496437789672904,-0.28408520306257423,1.0585876518438173,0.41676257684164053,-0.1580103322093886,1.0,0.0,0.0,0.0,1.0,0.0,0.0,3.82
STU-14205,1.3884613246659603,-0.11313384839240304,0.0657225939921197,-0.22822147154930458,0.585806113787219,-0.8266291059829515,1.8485694017475858,1.0,0.0,0.0,0.0,0.0,0.0,1.0,3.29
STU-12458,0.08708001816705048,-0.0988395116984338,-0.3188670571710146,1.0147465546209455,1.0585876518438173,2.047170213922894,2.1295516475984866,0.0,1.0,0.0,0.0,0.0,0.0,1.0,4.83
STU-12541,1.6487375859657423,-0.7237062300348011,-1.0663237091106608,0.07902905177367806,-0.807275364761231,0.02151224057951886,-0.985686295531063,0.0,1.0,0.0,0.0,0.0,1.0,0.0,3.35
STU-10479,-1.4745775496316413,0.21767794366802645,0.24789663927991817,0.5259389038798356,0.42195663418592494,-0.9830823640867085,1.4576375814332896,1.0,0.0,0.0,0.0,1.0,0.0,0.0,4.26
STU-10317,-0.6937487657322955,-0.20298396475449532,0.5678120358828849,0.6655982326630103,-0.7711851710164525,2.718272347367955,-0.674162501218108,0.0,1.0,0.0,0.0,0.0,1.0,0.0,4.91
STU-13323,-0.6937487657322955,-0.37451600508212546,-1.9174566469864516,0.0929949846519964,-0.3799674708230544,-1.971208204742013,-0.7841120756815039,1.0,0.0,0.0,0.0,1.0,0.0,0.0,2.83
STU-10867,0.6076325407666144,-1.0892328397805844,0.0657225939921197,-1.4153257662062837,-0.8541926166294433,-0.28315989362253363,-0.61918771398641,1.0,0.0,0.0,0.0,0.0,1.0,0.0,1.67
STU-12029,0.34735627946683245,0.6648864773793479,1.0575590627812517,1.3499289437005624,1.0585876518438173,-0.9666136000757863,-0.6008627849091775,0.0,1.0,0.0,0.0,1.0,0.0,0.0,5.04
STU-14475,-0.1731962431327315,1.7308355851296213,1.5048481821057689,-0.6890972565337792,1.0585876518438173,-0.2502223656006901,-0.9184948889145432,1.0,0.0,0.0,0.0,0.0,1.0,0.0,4.45
STU-10383,-0.9540250270320775,1.4714954765390378,1.4939868569124584,1.0007806217426272,1.0585876518438173,-1.9053331486983258,-0.5611587719085066,1.0,0.0,0.0,0.0,0.0,0.0,1.0,5.33
STU-13616,-1.4745775496316413,-0.4398615442545557,0.1827286881200551,0.42817737373161324,0.6356105811550132,2.2694985280703377,1.8180278532855316,1.0,0.0,0.0,0.0,0.0,0.0,1.0,4.96
STU-14041,-0.1731962431327315,0.9977403175389162,1.5048481821057689,0.8750872258377707,0.9986779302274851,-0.5219569717808991,-0.20382265490247004,1.0,0.0,0.0,0.0,0.0,1.0,0.0,5.01
STU-11638,1.9090138472655243,0.33815878151719525,1.131613552735642,1.6571794670235462,0.6218963075319975,1.380185271480563,-1.144502347533746,0.0,1.0,0.0,0.0,1.0,0.0,0.0,5.46
STU-14241,1.3884613246659603,0.5954568420086405,0.7899755057460556,0.3024839778267568,0.9972343224776942,-1.5100828124362042,-0.6863791206029297,1.0,0.0,0.0,0.0,1.0,0.0,0.0,4.54
STU-12638,-0.1731962431327315,-1.1423260903581844,-1.591616891187135,-0.8566884510735882,-3.003724556068451,-0.678410229884656,-0.7871662305277093,1.0,0.0,0.0,0.0,0.0,1.0,0.0,2.7
STU-10177,0.8679088020663964,-0.18460553186224887,1.0792817131678727,0.1767905819219003,-2.2530485261770585,1.824841899775451,-0.3259888487506878,1.0,0.0,0.0,0.0,1.0,0.0,0.0,3.8
STU-11348,-1.2143012883318594,-1.4629276419229216,1.5048481821057689,-1.0382455784917144,-0.25220818496653774,0.02974662258497956,2.2700427705239368,1.0,0.0,0.0,0.0,0.0,1.0,0.0,5.24
STU-10008,-0.6937487657322955,-0.26424540772864874,-0.7503578853052622,-2.6443278594982162,-0.8931700258738047,0.4661688688744062,0.2543005720283461,1.0,0.0,0.0,0.0,0.0,0.0,1.0,2.65
STU-12904,0.34735627946683245,-1.450675353328091,-1.9036331421949655,-0.24218740442762168,-1.0902224837202945,1.5778104396116241,0.08326790064084126,1.0,0.0,1.0,0.0,0.0,0.0,0.0,3.26
STU-13143,-0.9540250270320775,-0.1070077040949878,-0.5341187746384429,0.6097345011497406,-0.28396755546194263,-1.7077079805672655,-0.1580103322093886,1.0,0.0,0.0,0.0,0.0,1.0,0.0,2.37
STU-10577,0.08708001816705048,0.0788186729266116,-0.07991790291818193,1.7549409971717673,0.1729342973469531,-0.859566634004795,-0.674162501218108,0.0,1.0,0.0,0.0,0.0,1.0,0.0,4.88
STU-12951,0.8679088020663964,1.5307148714140528,1.5048481821057689,1.7968387958067198,1.0585876518438173,0.36735628480887556,0.24819226233593508,1.0,0.0,1.0,0.0,0.0,0.0,0.0,6.06
STU-13308,0.08708001816705048,-0.023283732030311134,0.3525603184154566,0.6097345011497406,0.9864072643542603,1.7919043717536067,2.5620963276923314,1.0,0.0,0.0,0.0,1.0,0.0,0.0,5.38
STU-11460,0.34735627946683245,-0.7849676730089549,-0.6368076673751966,-0.42374453184574784,0.8983471916170008,0.8861223511529106,-0.6650000366794918,1.0,0.0,0.0,0.0,0.0,0.0,1.0,3.93
STU-11855,1.6487375859657423,-0.6889914123494473,0.05634235859789565,0.24662024631348708,1.0585876518438173,0.6637940370054666,0.3825750755689746,0.0,1.0,0.0,0.0,0.0,1.0,0.0,3.76
STU-12664,-0.1731962431327315,-0.521543468220094,-0.6674168565563448,-1.2896323703014272,-1.3767786220538358,-1.5018484304307436,2.325017557755635,1.0,0.0,1.0,0.0,0.0,0.0,0.0,4.31
STU-11465,-1.2143012883318594,1.1468098287760236,0.0657225939921197,0.4840411052448829,0.204693667842358,0.9602317892020584,0.13213437818012835,0.0,1.0,0.0,0.0,1.0,0.0,0.0,4.6
STU-14467,-0.1731962431327315,0.7363581608491941,-0.4521651390889165,-0.605301659263874,0.576422663413576,0.48263763288532757,-0.6619458818332862,1.0,0.0,1.0,0.0,0.0,0.0,0.0,4.74
STU-13215,-0.6937487657322955,1.1386416363794698,1.5048481821057689,0.4980070381232013,0.8665878211215958,1.9154201018355201,1.9340857374413385,0.0,1.0,0.0,0.0,0.0,1.0,0.0,5.66
STU-11125,-1.4745775496316413,-0.997340675319354,-1.2578779897926833,-0.6890972565337792,0.007641209995867094,0.9602317892020584,-0.22825589367211357,0.0,1.0,1.0,0.0,0.0,0.0,0.0,3.75
STU-14377,-1.4745775496316413,-0.011031443435480305,0.6122447298555179,0.6795641655413275,1.0585876518438173,-0.5466601177972819,-0.6924874302953408,1.0,0.0,0.0,1.0,0.0,0.0,0.0,4.28
STU-13970,-1.4745775496316413,0.031851566646427056,-0.9665969959720815,-0.1025280756444481,0.3779265978172942,0.4249969588471012,-0.5917003203705612,0.0,1.0,0.0,0.0,0.0,1.0,0.0,4.27
STU-12117,0.34735627946683245,-2.2082751981084576,-1.277625853780521,-0.5075401291156529,-1.9592743490945612,-0.4643162977426727,2.5620963276923314,0.0,1.0,0.0,0.0,0.0,0.0,1.0,3.38
STU-11416,0.6076325407666144,0.9793618846466702,-1.2203570482157913,1.7968387958067198,-1.8964774119786465,-1.4689109024089,0.7765610507294762,0.0,1.0,1.0,0.0,0.0,0.0,0.0,4.35
STU-13089,1.1281850633661783,-0.7686312882158471,0.0657225939921197,1.0845762190125323,-1.0382526047278136,-0.6125351738409689,1.176655335582389,1.0,0.0,0.0,0.0,0.0,0.0,1.0,3.39
STU-13583,-1.4745775496316413,-0.20298396475449532,-0.03844738854372323,0.8890531587160878,1.0585876518438173,-0.003190905436863971,-0.09692723528527972,0.0,1.0,0.0,0.0,0.0,0.0,1.0,5.55
STU-13157,-1.2143012883318594,1.2407440413363926,0.6379169530397071,0.14885871616526608,-0.09990756736357248,1.5284041475788583,-0.23741835821072999,1.0,0.0,0.0,0.0,1.0,0.0,0.0,4.56
STU-12886,-1.4745775496316413,-0.29896022541400247,0.0657225939921197,-1.3035983031797445,0.4883625906763165,0.836716059120145,1.7874863048234773,1.0,0.0,1.0,0.0,0.0,0.0,0.0,3.39
STU-11854,-1.4745775496316413,2.595387699102364,1.5048481821057689,1.7968387958067198,1.0585876518438173,0.12855920665051015,-1.0314986182241446,0.0,1.0,0.0,1.0,0.0,0.0,0.0,6.07
STU-13061,-1.4745775496316413,0.14620626019818062,0.852181277307743,1.056644353255897,0.9445426396103174,-0.7113477579064995,0.5016871145709867,0.0,1.0,0.0,0.0,0.0,0.0,1.0,5.15
STU-14276,0.6076325407666144,-0.7665892401167088,-0.6516185653660752,1.4337245409704675,-1.004327822607722,-1.0077855101030906,-0.8299243983745855,0.0,1.0,0.0,1.0,0.0,0.0,0.0,3.85
STU-13734,0.08708001816705048,-0.17847938756483364,0.20247655210789278,0.35834770934002647,1.0585876518438173,1.6930917876880769,-0.04500660289978724,0.0,1.0,0.0,0.0,0.0,0.0,1.0,5.13
STU-12074,-0.1731962431327315,-0.6318140655735707,0.5223919487108581,-1.4432576319629191,-0.20096010984895268,-0.40667562370444704,1.8668943308248187,0.0,1.0,1.0,0.0,0.0,0.0,0.0,3.71
STU-11135,-0.6937487657322955,-1.7222677505135056,-1.4681927412631512,-1.3035983031797445,-1.776657968745982,0.5896845989563189,-0.3320971584430985,0.0,1.0,0.0,0.0,1.0,0.0,0.0,2.87
STU-12919,-0.1731962431327315,-0.18460553186224887,-1.4533818432722725,-0.6611653907771436,-1.3572899174316557,0.4085281948361798,-0.9215490437607488,1.0,0.0,0.0,0.0,1.0,0.0,0.0,3.2
STU-12940,0.8679088020663964,-0.9115746551555388,0.6705009286196386,-1.4153257662062837,-0.5575312240473641,0.05444976860136239,-0.1580103322093886,0.0,1.0,0.0,0.0,1.0,0.0,0.0,3.9
STU-12733,-1.4745775496316413,-0.3398011873967718,-1.1453151650620101,-0.9265181154651749,-1.1003277379688325,1.2649039234041102,2.5620963276923314,1.0,0.0,1.0,0.0,0.0,0.0,0.0,3.21
STU-14363,-0.9540250270320775,2.595387699102364,1.5048481821057689,0.42817737373161324,1.0585876518438173,0.21090302670511862,0.614690843880588,1.0,0.0,0.0,0.0,0.0,1.0,0.0,5.87
STU-13748,0.6076325407666144,-0.20911010905191055,0.09090112057661194,-1.2477345716664747,-0.16847893547865184,0.17796549868327508,-0.958198901915214,1.0,0.0,0.0,0.0,1.0,0.0,0.0,3.52
STU-13310,-0.4334725044325135,-0.656318642763232,-0.28035872239473164,-0.6471994578988266,0.18231774772059517,-1.8394580926546396,0.8681856961156397,1.0,0.0,0.0,0.0,0.0,1.0,0.0,3.51
STU-14373,0.34735627946683245,-0.413314918965756,-0.4551273186870922,-1.0801433771266657,0.5771444672884719,1.1825601033495017,-0.1457937128245668,1.0,0.0,0.0,0.0,1.0,0.0,0.0,3.2
STU-11568,0.6076325407666144,-0.14784866607775676,-1.3319324797470735,0.4980070381232013,-0.1627045044794874,-0.3490349496662207,-0.9643072116076249,0.0,1.0,0.0,0.0,1.0,0.0,0.0,4.24
STU-14903,0.08708001816705048,-0.8870700779658776,0.572749001879844,0.03713125313872672,-2.4645370615214603,0.7379034750546151,0.5016871145709867,1.0,0.0,0.0,0.0,1.0,0.0,0.0,3.97
STU-14270,-0.4334725044325135,2.595387699102364,1.5048481821057689,1.7968387958067198,1.0585876518438173,-1.6912392165563432,-0.5550504622160959,1.0,0.0,0.0,0.0,0.0,1.0,0.0,6.02
STU-13596,-0.1731962431327315,2.0943201467762664,1.2066554358894246,0.5119729710015184,1.0585876518438173,0.8614192051365286,-0.4786965910609598,1.0,0.0,0.0,0.0,0.0,0.0,1.0,5.29
STU-12239,-0.1731962431327315,-0.21115215715104896,-0.6802529681484386,0.23265431343516998,0.004032190621389448,1.0343412272512063,-1.0589860118399936,1.0,0.0,0.0,0.0,0.0,1.0,0.0,3.8
STU-14435,0.34735627946683245,-0.7237062300348011,-0.34355188715581136,-1.8901674840690754,0.1729342973469531,1.6930917876880769,0.17183839118079905,1.0,0.0,1.0,0.0,0.0,0.0,0.0,3.59
STU-14907,-1.4745775496316413,-0.28466588872003323,1.1059413295514529,0.7214619641762801,0.1729342973469531,0.6473252729945452,-0.06027737713081439,1.0,0.0,0.0,0.0,1.0,0.0,0.0,4.25
STU-14417,-1.2143012883318594,0.46272371556464126,0.43056438116741497,-0.07459620988781264,0.8766930753701339,0.44970010486348405,0.06188881671740308,0.0,1.0,0.0,0.0,0.0,1.0,0.0,4.83
STU-10396,0.08708001816705048,-1.9428089452204587,0.18766565411701416,-0.8985862497085395,-1.9563871335949792,-1.4771452844143607,-0.9520905922228031,0.0,1.0,0.0,0.0,0.0,1.0,0.0,2.74
STU-12100,1.9090138472655243,-0.6318140655735707,0.0657225939921197,1.4337245409704675,-0.08619329374055681,-0.3819724776880642,0.1657300814883883,1.0,0.0,0.0,0.0,1.0,0.0,0.0,3.93
STU-10979,-0.1731962431327315,1.1733564540648231,-0.04239696134129133,0.6935300984196445,1.0585876518438173,-1.0736605661467777,-0.20993096459488106,0.0,1.0,0.0,0.0,0.0,0.0,1.0,5.17
STU-14555,-1.2143012883318594,0.4382191383749796,0.48684579353275087,0.13489278328694773,-1.5781619031497003,0.02151224057951886,1.3537963166623046,1.0,0.0,1.0,0.0,0.0,0.0,0.0,4.03
STU-13787,-0.9540250270320775,0.4361770902758412,0.1758169357243127,0.4561092394882487,-0.1814714052267726,-0.24198798359522938,-0.8451951726056127,1.0,0.0,0.0,0.0,0.0,1.0,0.0,4.31
STU-11419,-1.2143012883318594,-0.5909731035908015,-1.1719747814455903,-0.9265181154651749,-1.2959365880655327,0.7708410030764586,-0.002248435052911163,1.0,0.0,0.0,0.0,0.0,0.0,1.0,3.54
STU-12969,0.8679088020663964,1.0059085099354699,1.2688612074511119,0.3723136422183448,-0.024839964374433764,1.4131227995024072,0.3642501464917418,1.0,0.0,0.0,0.0,1.0,0.0,0.0,4.13
STU-14818,1.1281850633661783,0.6812228621724556,-0.1944555140476385,-0.6890972565337792,-0.07753164724180964,1.149622575327659,-0.1580103322093886,0.0,1.0,0.0,0.0,0.0,1.0,0.0,4.63
STU-12968,0.6076325407666144,-0.4766184100390482,0.709996656595314,-1.359462034693014,-0.3070652794586014,0.268543700743345,0.019130648870527008,0.0,1.0,1.0,0.0,0.0,0.0,0.0,4.55
STU-11433,0.34735627946683245,-0.3295909469010793,-0.11842623769446492,0.009199387382091261,-1.7975902811179534,0.5896845989563189,-1.0498235473013773,1.0,0.0,1.0,0.0,0.0,0.0,0.0,3.04
STU-14236,-1.4745775496316413,-0.5664685264011401,-0.41958116350898494,-0.1025280756444481,-0.35398253132681284,0.23560617272150144,-0.1580103322093886,1.0,0.0,0.0,0.0,0.0,0.0,1.0,4.22
STU-11692,-0.9540250270320775,-0.5583003340045861,1.5048481821057689,0.9449168902293574,-0.21900520672134194,-0.7607540499392644,-0.27712237121140065,1.0,0.0,0.0,0.0,0.0,1.0,0.0,4.22
STU-14601,-0.9540250270320775,-0.19685782045707972,0.35058553201667325,-0.4935741962373346,-0.2132307757221775,0.49087201489078824,1.8516235565937917,0.0,1.0,0.0,1.0,0.0,0.0,0.0,4.5
STU-14054,1.6487375859657423,0.7424843051466093,1.5048481821057689,1.7968387958067198,1.0585876518438173,1.676623023677154,-0.7841120756815039,1.0,0.0,0.0,0.0,1.0,0.0,0.0,5.97
STU-11788,-1.4745775496316413,-0.18052143566397205,0.8561308501053111,0.7493938299329143,-0.058042942619629535,-1.0654261841413168,-0.14273955797836144,1.0,0.0,0.0,1.0,0.0,0.0,0.0,3.94
STU-10743,0.08708001816705048,-0.30100227351314085,1.1513614167234796,-0.39581266608911364,1.0585876518438173,-0.1514097815351595,-0.21298511944108642,1.0,0.0,0.0,0.0,0.0,1.0,0.0,4.93
STU-12825,1.1281850633661783,-0.09271336740101857,0.32392591563309314,-0.2561533373059388,-0.25798261596570216,0.02151224057951886,-1.4682427612315228,1.0,0.0,0.0,1.0,0.0,0.0,0.0,4.5
STU-10363,0.08708001816705048,-0.20502601285363373,0.1906278337151899,-2.6163959937415813,1.0585876518438173,0.24384055472696214,2.5620963276923314,1.0,0.0,0.0,1.0,0.0,0.0,0.0,3.82
STU-10334,0.8679088020663964,1.7655504028149756,1.4653524541300935,1.6432135341452279,1.0585876518438173,0.06268415060682309,0.9323229478859536,0.0,1.0,0.0,0.0,0.0,0.0,1.0,6.56
STU-11301,-0.1731962431327315,-0.023283732030311134,1.5048481821057689,1.7968387958067198,1.0585876518438173,0.44970010486348405,-1.0742567860710208,0.0,1.0,0.0,0.0,1.0,0.0,0.0,5.74
STU-14393,-0.4334725044325135,-1.6017869126643367,-0.5765766822122926,-0.4656423304807004,0.1729342973469531,-0.8101603419720301,-0.7321914432960114,1.0,0.0,0.0,1.0,0.0,0.0,0.0,2.3
STU-12078,-1.4745775496316413,1.0875904339010085,1.1938193242973294,0.8331894272028181,0.8795802908697156,-0.07730034348601174,1.4362584975098516,1.0,0.0,0.0,1.0,0.0,0.0,0.0,5.04
STU-14394,1.3884613246659603,-0.799262009702924,-1.85821305502294,-0.758926920925366,-0.43771178081469975,1.9318888658464415,0.08021374579463589,1.0,0.0,0.0,0.0,0.0,1.0,0.0,2.99
STU-13860,0.8679088020663964,0.256476857551657,-1.5758185999968652,-0.3399489345758439,1.0585876518438173,0.6308565089836231,-0.1580103322093886,0.0,1.0,0.0,0.0,1.0,0.0,0.0,4.28
STU-10965,-0.1731962431327315,-1.581366431672952,-1.0199162287392416,-1.010313712735079,-2.684687243364609,-0.5137225897754384,0.8284816831149687,1.0,0.0,0.0,0.0,0.0,0.0,1.0,2.49
STU-10980,-0.4334725044325135,0.11353349061196531,0.5589254970883577,1.2661333464306586,-0.8888392026244311,0.6967315650273102,-0.09998139013148509,0.0,1.0,0.0,0.0,1.0,0.0,0.0,4.41
STU-11137,1.6487375859657423,-2.2695366410826114,-1.519537187631528,-1.2756664374231101,-2.0199058745857887,0.23560617272150144,-0.43899257806028913,1.0,0.0,0.0,0.0,1.0,0.0,0.0,1.92
STU-14632,-0.9540250270320775,-1.0769805511857538,-1.5057136828400417,-1.2756664374231101,-1.9989735622138174,1.7507324617263031,1.3171464585078396,0.0,1.0,1.0,0.0,0.0,0.0,0.0,2.5
STU-13025,-1.2143012883318594,-0.6604027389615088,0.3989677987868744,0.9030190915944062,-0.6672454130314905,-1.452442138397978,-0.3046097648272496,1.0,0.0,1.0,0.0,0.0,0.0,0.0,4.51
STU-10025,1.1281850633661783,0.7077694874612557,-0.18951854805067944,1.0426784203775796,0.7467683778889315,0.6143877449727017,-0.2649057518265789,0.0,1.0,0.0,0.0,0.0,0.0,1.0,5.54
STU-14975,-0.1731962431327315,-0.5358378049140632,-1.7308393323013882,0.4700751723665658,0.6413850121541776,-1.7735830366109524,2.0257103828275014,1.0,0.0,0.0,0.0,1.0,0.0,0.0,4.13
STU-12626,-1.4745775496316413,-0.021241683931172723,-0.440316420696215,0.5818026353931052,0.5085730991733926,0.40029381283071913,0.6391240826502316,1.0,0.0,0.0,0.0,1.0,0.0,0.0,3.95
STU-10137,-0.1731962431327315,-1.0994430802762767,0.0657225939921197,0.13489278328694773,-1.3594553290563425,-1.0983637121631604,1.7386198272841902,0.0,1.0,0.0,0.0,0.0,1.0,0.0,3.0
STU-10511,0.34735627946683245,-1.5221470367979368,0.023758383017964117,-1.6527466251376797,-0.5669146744210062,0.02151224057951886,0.25735472687455146,1.0,0.0,0.0,0.0,0.0,0.0,1.0,3.91
STU-10702,0.34735627946683245,-0.866649596974493,-0.6219967693843194,-0.6751313236554608,-1.0389744086027095,-0.6537070838682731,2.5620963276923314,1.0,0.0,0.0,0.0,1.0,0.0,0.0,3.71
STU-12859,0.34735627946683245,-0.7441267110261855,-1.6113647551749726,0.6655982326630103,-1.7023121696317383,-0.7195821399119602,0.5536077469564794,1.0,0.0,0.0,0.0,1.0,0.0,0.0,3.16
STU-13208,0.6076325407666144,-1.2954796977935685,-0.007838199362575045,1.4616564067271016,-0.6224935727879658,1.2649039234041102,-0.1580103322093886,1.0,0.0,0.0,1.0,0.0,0.0,0.0,4.07
STU-13504,-0.1731962431327315,-0.47866045813818664,0.9153744420688227,-0.6751313236554608,1.0585876518438173,-0.10200348950239456,-0.28628483575001706,1.0,0.0,0.0,0.0,0.0,0.0,1.0,4.26
STU-10124,2.1692901085653062,-1.9775237629058124,-0.6140976237891832,-1.2337686387881577,-0.9458617087411805,0.8614192051365286,0.29095043018281114,0.0,1.0,0.0,0.0,0.0,0.0,1.0,3.29
STU-12283,-0.4334725044325135,-0.09475541550015698,1.5048481821057689,-1.1499730415182536,0.25882895845952575,-1.5018484304307436,0.7521278119598327,0.0,1.0,0.0,0.0,0.0,0.0,1.0,4.29
STU-10607,-0.6937487657322955,0.12578577920679615,-0.7424587397101274,0.7633597628112313,-1.7477858137501594,-1.0654261841413168,-0.20076850005626465,1.0,0.0,0.0,0.0,0.0,0.0,1.0,4.22
STU-11614,0.08708001816705048,-0.33775913929763296,0.01882141702100505,0.4561092394882487,-0.4860726404327031,-1.946505058725631,1.2163593485830602,0.0,1.0,0.0,1.0,0.0,0.0,0.0,3.44
STU-14006,-0.6937487657322955,0.4831441965560257,1.5048481821057689,0.8890531587160878,-0.15909548510500976,-0.34080056766076,0.2543005720283461,0.0,1.0,0.0,0.0,0.0,0.0,1.0,4.13
STU-12665,0.8679088020663964,1.5511353524054377,1.3379787314085432,1.74097506429345,0.5684828207897248,1.5695760576061635,0.654394856881259,0.0,1.0,0.0,1.0,0.0,0.0,0.0,6.04
STU-12049,0.08708001816705048,-0.6256879212761551,1.4772011725227965,0.8611212929594536,-0.1100128216121105,1.0919819012894325,-0.6588917269870808,1.0,0.0,0.0,1.0,0.0,0.0,0.0,4.82
STU-11796,-0.9540250270320775,0.8895117682845779,1.0170759416061854,0.8890531587160878,0.1729342973469531,-0.8842697800211778,0.49863295972478133,1.0,0.0,1.0,0.0,0.0,0.0,0.0,5.57
STU-11408,0.6076325407666144,0.2973178195344263,-0.5647279638195897,0.023165320260409614,0.10291932148208288,-0.9419104540594035,-0.8360327080669964,0.0,1.0,0.0,0.0,0.0,0.0,1.0,4.07
STU-11616,-0.6937487657322955,-0.03145192442686478,1.5048481821057689,-0.004766545496225848,0.4818663558022572,-0.4478475337317513,1.6683742658214649,1.0,0.0,1.0,0.0,0.0,0.0,0.0,4.11
STU-10037,-1.2143012883318594,-2.2695366410826114,-0.8382358800511387,-1.177904907274888,-2.6269429333729635,-0.3655037136771428,-0.1580103322093886,1.0,0.0,0.0,0.0,0.0,1.0,0.0,2.59
STU-10204,0.08708001816705048,0.8241662291121473,-1.0218910151380265,-1.345496101814697,0.6861368523977034,0.8696535871419893,-1.4377012127694682,1.0,0.0,1.0,0.0,0.0,0.0,0.0,3.57
STU-14850,-1.4745775496316413,-1.6365017303496905,-1.5698942408005139,-1.778440021042536,-1.271395256319083,-0.9830823640867085,-1.2178020638426765,1.0,0.0,0.0,0.0,1.0,0.0,0.0,1.98
STU-10127,-0.6937487657322955,-1.2771012649013223,-1.0860715730984971,0.26058617919180543,-1.6756054262606024,0.9767005532129798,1.167492871043773,1.0,0.0,0.0,0.0,0.0,0.0,1.0,4.26
STU-13467,1.1281850633661783,-0.5011229872287095,-0.5469548862305368,-0.5494379277506043,0.17509970897163987,0.49087201489078824,-0.5550504622160959,1.0,0.0,0.0,0.0,1.0,0.0,0.0,3.5
STU-14390,1.3884613246659603,1.134557540181193,-0.3287409891649327,0.06506311889536094,1.0585876518438173,-1.2548169702669167,2.5620963276923314,1.0,0.0,0.0,0.0,0.0,1.0,0.0,4.81
STU-12454,-0.4334725044325135,0.2993598676335647,1.4159827941605,0.567836702514788,-0.5192756186778988,0.21913740871057932,-0.1580103322093886,1.0,0.0,0.0,0.0,0.0,0.0,1.0,4.71
STU-13168,-1.4745775496316413,0.3095701081292571,-0.003888626565008351,-1.2477345716664747,-0.40089978319502534,1.0261068452457456,-0.2160392742872918,1.0,0.0,0.0,0.0,0.0,1.0,0.0,4.02
STU-11308,1.1281850633661783,-0.8380609235865546,-0.3089931251770965,0.7633597628112313,-1.4605078715417226,0.13679358865597085,1.2346842776602924,0.0,1.0,0.0,0.0,0.0,0.0,1.0,3.21
STU-11220,-1.4745775496316413,1.0120346542328855,1.2530629162608424,0.5119729710015184,1.0585876518438173,-0.9336760720539429,-1.3124808640750454,0.0,1.0,0.0,0.0,1.0,0.0,0.0,5.0
STU-12609,-0.1731962431327315,-0.6011833440864939,-1.481028852855245,-2.504668530715042,0.19170119809423725,-0.09376910749693386,-0.5519963073698905,1.0,0.0,0.0,0.0,0.0,0.0,1.0,3.36
STU-11275,-1.2143012883318594,0.4504714269698104,-1.0268279811349854,-1.2477345716664747,0.8095653150048454,1.1990288673604246,-1.123123263610308,1.0,0.0,0.0,0.0,1.0,0.0,0.0,3.41
STU-10087,0.34735627946683245,0.34836902201288766,0.9815297864280782,1.7968387958067198,0.14334033847623392,0.4085281948361798,-1.2544519219971417,0.0,1.0,1.0,0.0,0.0,0.0,0.0,5.59
STU-11909,-0.1731962431327315,-0.521543468220094,0.10472462536809678,1.713043198536816,-1.4135906196735102,-0.09376910749693386,-1.0162278439931174,0.0,1.0,0.0,0.0,1.0,0.0,0.0,4.42
STU-12646,1.3884613246659603,-0.23565673434071024,1.2115924018863837,-1.3315301689363799,1.0073395767262323,-1.312457644305143,-1.4651886063853174,1.0,0.0,0.0,0.0,1.0,0.0,0.0,3.94
STU-11227,-0.1731962431327315,-0.637940209870986,0.24197228008356675,-0.5215060619939701,-0.9379218661173293,-1.2136450602396125,-1.0009570697620902,1.0,0.0,0.0,0.0,1.0,0.0,0.0,3.65
STU-11744,-0.1731962431327315,0.33203263721978005,-0.22703948962757145,0.4561092394882487,1.0585876518438173,0.35088752079795343,2.5620963276923314,0.0,1.0,0.0,0.0,0.0,0.0,1.0,4.99
STU-13966,0.8679088020663964,0.2830234828404571,1.5048481821057689,0.41421144085329614,0.7049037531449875,1.4213571815078678,2.5620963276923314,1.0,0.0,0.0,0.0,0.0,0.0,1.0,6.06
STU-14821,-0.4334725044325135,-1.450675353328091,0.12151030975775873,-1.6387806922593624,-0.8520272050047566,2.1789203260102683,0.9414854124245703,1.0,0.0,0.0,0.0,0.0,0.0,1.0,3.54
STU-10622,-0.1731962431327315,1.0671699529096237,1.5048481821057689,1.321997077943928,1.0585876518438173,0.9190598791747534,0.11991775879530658,1.0,0.0,1.0,0.0,0.0,0.0,0.0,5.66
STU-11884,-0.6937487657322955,0.18908927028008798,-0.37811064913452624,0.5259389038798356,0.11735539897999346,0.3179499927761099,-1.1200691087641024,1.0,0.0,0.0,0.0,1.0,0.0,0.0,3.95
STU-12630,-0.6937487657322955,1.1794825983622388,-0.08386747571575004,-0.8846203168302224,1.0585876518438173,-0.9913167460921691,0.07410543610222486,0.0,1.0,0.0,0.0,0.0,0.0,1.0,5.3
STU-13752,0.08708001816705048,-0.17643733946569523,-0.6693916429551281,-0.6611653907771436,-1.2324178470747218,0.06268415060682309,0.7826693604218875,1.0,0.0,0.0,0.0,0.0,0.0,1.0,3.45
STU-14263,1.6487375859657423,-1.3934980065522142,0.0657225939921197,-1.2896323703014272,-0.9805082947361682,0.3014812287651885,-0.8543576371442291,1.0,0.0,0.0,0.0,0.0,1.0,0.0,2.81
STU-10857,1.9090138472655243,-0.7441267110261855,0.06720368379120617,-0.6751313236554608,-0.24210293071799968,0.8778879691474499,-0.8513034822980237,1.0,0.0,0.0,0.0,0.0,0.0,1.0,3.17
STU-13978,1.1281850633661783,-0.023283732030311134,1.4890498909154992,0.6097345011497406,-0.5062831489297791,1.0261068452457456,-1.2239103735350871,0.0,1.0,0.0,0.0,1.0,0.0,0.0,5.07
STU-13861,-0.1731962431327315,0.6873490064698712,-0.3919341539260125,0.9030190915944062,-0.7538618780189591,0.5073407789017104,-0.0877647707466633,1.0,0.0,0.0,0.0,0.0,1.0,0.0,3.61
STU-11459,0.08708001816705048,-0.4561979290476634,-0.06609439812669571,-0.2980511359408914,0.9257757388630321,-1.7159423625727261,0.19932578479664798,1.0,0.0,0.0,1.0,0.0,0.0,0.0,3.04
STU-12159,-0.6937487657322955,-2.2695366410826114,-1.092983325494241,-1.2337686387881577,-1.1522976169613135,-0.5713632638136648,0.5413911275716574,0.0,1.0,0.0,0.0,1.0,0.0,0.0,2.43
STU-11099,-0.1731962431327315,-1.226050062422861,-1.5007767168430828,0.03713125313872672,-1.9823720730912195,0.7461378570600758,0.3611959916455364,1.0,0.0,0.0,0.0,1.0,0.0,0.0,2.57
STU-14130,-1.2143012883318594,-0.42148311136230965,0.6853118266105171,1.321997077943928,-0.14899023085647173,2.2447953820539555,-0.0877647707466633,0.0,1.0,0.0,0.0,0.0,0.0,1.0,4.55
STU-10706,-0.1731962431327315,-0.7420846629270471,-0.7908410064803285,0.4561092394882487,-3.1105515295529953,-0.4807850617535948,-1.138394037841335,0.0,1.0,0.0,0.0,0.0,1.0,0.0,3.7
STU-14578,0.8679088020663964,-1.2913956015952914,-0.21914034403243524,-1.2477345716664747,0.23284401896328527,1.5037010015624763,0.2848421204904004,1.0,0.0,1.0,0.0,0.0,0.0,0.0,2.87
STU-14743,-0.1731962431327315,-0.023283732030311134,-1.0791598207027546,-0.186323672914352,-2.574251250505587,-0.011425287442324671,1.0544891417341713,1.0,0.0,0.0,0.0,0.0,1.0,0.0,2.77
STU-10539,-1.2143012883318594,-0.686949364250309,0.2607327508720134,0.5957685682714223,-1.209320123078064,0.12032482464504946,0.22986733325870254,1.0,0.0,0.0,0.0,0.0,0.0,1.0,4.05
STU-12497,1.1281850633661783,-0.4071887746683408,-1.596553857184094,-0.3120170688192085,-1.4821619877885897,-0.90897292603756,1.5645330010504799,1.0,0.0,0.0,0.0,0.0,1.0,0.0,3.4
STU-13172,0.34735627946683245,1.2877111476165772,1.1464244507265207,0.5818026353931052,1.0585876518438173,-0.15964416354062091,2.28836769960117,0.0,1.0,0.0,0.0,0.0,1.0,0.0,5.76
STU-10162,-1.2143012883318594,0.39329408019393347,0.2755436488628906,0.7074960312979617,0.7222270461424819,0.22737179071604074,-0.44815504259890554,1.0,0.0,0.0,0.0,1.0,0.0,0.0,5.11
STU-13644,-0.1731962431327315,-0.023283732030311134,-0.20334205284216567,0.3723136422183448,0.7280014771416463,0.9684661712075191,-0.32904300359689315,0.0,1.0,0.0,0.0,0.0,1.0,0.0,4.04
STU-12632,-0.1731962431327315,-1.038181637302123,-0.6387824537739799,-0.2002896057926691,-0.4976215024310319,0.8202472951092236,-1.1170149539178968,1.0,0.0,0.0,0.0,1.0,0.0,0.0,3.69
STU-10647,-0.4334725044325135,-2.008154484392889,-2.034956437714084,-0.9823818469784447,-2.655815088368786,0.43323134085256265,0.22070486872008616,1.0,0.0,0.0,0.0,0.0,1.0,0.0,2.88
STU-10966,-0.9540250270320775,-0.615477680780463,-0.2507369264129758,-0.9125521825868579,0.3302875420741868,-0.2913942756279943,-0.570321236447123,1.0,0.0,0.0,0.0,0.0,0.0,1.0,3.44
STU-14172,-0.4334725044325135,0.06656638433178078,0.7267823409849758,-0.772892853803683,0.1729342973469531,0.12032482464504946,-0.6955415851415461,1.0,0.0,0.0,0.0,0.0,0.0,1.0,4.06
STU-12157,-0.1731962431327315,-0.8952382703624312,-0.5844758278074274,1.7968387958067198,0.1729342973469531,0.5979189809617803,2.5620963276923314,1.0,0.0,0.0,0.0,0.0,0.0,1.0,4.73
STU-13468,1.1281850633661783,-0.8360188754874162,0.1639682173316098,0.21868838055685288,-0.29190739808579386,1.1578569573331197,1.1155722386582805,1.0,0.0,0.0,1.0,0.0,0.0,0.0,4.09
STU-14863,-0.4334725044325135,-0.023283732030311134,1.0407733783915898,-0.42374453184574784,0.256663546834839,0.12032482464504946,-0.9154407340683379,1.0,0.0,0.0,0.0,0.0,0.0,1.0,3.89
STU-12537,0.08708001816705048,0.6036250344051945,1.492999463713066,1.713043198536816,1.0585876518438173,-0.9419104540594035,-0.7596788369118603,0.0,1.0,0.0,0.0,0.0,0.0,1.0,5.83
STU-11576,-1.2143012883318594,-0.7767994806124008,0.0657225939921197,1.3359630108222453,0.47970094417757037,0.5896845989563189,0.5077954242633977,1.0,0.0,0.0,1.0,0.0,0.0,0.0,4.48
STU-13267,0.34735627946683245,-0.6338561136727091,-1.338844232142816,1.4337245409704675,0.23645303833776293,-1.699473598561804,2.0867934797516106,0.0,1.0,1.0,0.0,0.0,0.0,0.0,4.72
STU-14215,0.6076325407666144,-0.2274885419441566,0.8778535004919321,0.35834770934002647,1.0585876518438173,-1.5924266324908127,1.3812837102781537,1.0,0.0,0.0,0.0,0.0,0.0,1.0,3.93
STU-13017,1.3884613246659603,-0.637940209870986,-2.3479600819213076,0.10696091753031352,-1.6958159347576778,1.0672787552730505,-0.778003765989093,1.0,0.0,0.0,1.0,0.0,0.0,0.0,3.25
STU-13667,1.1281850633661783,1.4081919854657459,0.6576648170275448,-0.22822147154930458,1.0585876518438173,0.49087201489078824,0.09548452002566303,1.0,0.0,0.0,0.0,0.0,1.0,0.0,4.52
STU-11207,-0.6937487657322955,-0.4990809391295711,-1.4988019304442994,0.3723136422183448,0.10941555635614222,-0.637238319857351,-1.6637086713886708,0.0,1.0,0.0,0.0,1.0,0.0,0.0,3.09
STU-12634,-0.1731962431327315,0.5729943129181176,0.0657225939921197,-1.5829169607460927,0.12385163385405383,1.5448729115897812,0.03440142310155416,1.0,0.0,0.0,0.0,0.0,0.0,1.0,3.08
STU-13026,0.34735627946683245,0.3034439638318415,-0.4817869350706737,0.6655982326630103,1.0585876518438173,-0.90897292603756,-0.9979029149158848,1.0,0.0,1.0,0.0,0.0,0.0,0.0,3.94
STU-12898,2.1692901085653062,-0.3091704659096949,-0.29516962038561023,-0.03269841125286007,-1.4135906196735102,0.005043476568596729,-0.27712237121140065,0.0,1.0,1.0,0.0,0.0,0.0,0.0,3.4
STU-12434,-1.4745775496316413,-0.5542162378063092,-1.0455884519234309,0.06506311889536094,0.3584378931951141,-1.6335985425181176,-0.0663856868232254,1.0,0.0,0.0,1.0,0.0,0.0,0.0,3.53
STU-10336,-1.4745775496316413,-0.28058179252175636,0.0657225939921197,-0.22822147154930458,-1.3760568181789408,-0.027894051453246804,-1.2391811477661145,1.0,0.0,0.0,1.0,0.0,0.0,0.0,3.54
STU-12920,1.1281850633661783,-2.2695366410826114,-1.4237600472905168,-2.546566329349994,-2.4869129816432225,-0.3243318036498379,-0.18549772582523752,1.0,0.0,0.0,0.0,0.0,0.0,1.0,1.29
STU-12019,1.6487375859657423,0.6873490064698712,0.5826229338737621,1.405792675213832,1.0434297704710107,1.0919819012894325,-1.1139607990716915,1.0,0.0,0.0,1.0,0.0,0.0,0.0,4.94
STU-14237,-1.4745775496316413,-0.12130204078895705,0.5915094726682892,0.24662024631348708,0.5655956052901431,-0.8678010160102557,0.7215862634977783,0.0,1.0,0.0,0.0,0.0,1.0,0.0,4.75
STU-10926,1.3884613246659603,1.1202632034872237,1.5048481821057689,-0.15839180715771778,1.0585876518438173,-0.3078630396389165,-0.2343642033645246,1.0,0.0,0.0,0.0,0.0,0.0,1.0,4.37
STU-10683,0.6076325407666144,0.3544951663103029,0.24394706648235148,0.651632299784692,0.3844228326913546,0.3097156107706492,-0.18855188067144288,1.0,0.0,0.0,0.0,0.0,0.0,1.0,4.99
STU-12373,-0.1731962431327315,-1.3444888521728913,0.9923911116213887,0.6655982326630103,0.2090244910917316,-0.06083157947509033,-0.4145593392906456,0.0,1.0,0.0,1.0,0.0,0.0,0.0,4.42
STU-12766,-1.2143012883318594,0.8507128544009477,-1.4128987220972062,-1.9320652827040279,0.5129039224227662,-0.5795976458191254,1.5828579301277128,1.0,0.0,0.0,0.0,1.0,0.0,0.0,2.82
STU-11636,1.3884613246659603,-0.08250312690532614,-0.7088873709308035,-1.9599971484606635,0.7980164530065165,-0.42314438771536844,-0.08165646105425256,1.0,0.0,1.0,0.0,0.0,0.0,0.0,3.56
STU-13136,-1.4745775496316413,-0.8686916450736313,0.8265090541235538,-0.758926920925366,0.5100167069231845,-1.246582588261456,1.8180278532855316,1.0,0.0,0.0,1.0,0.0,0.0,0.0,4.33
STU-10178,-0.4334725044325135,-0.229530590043295,-0.1115144852987225,0.9449168902293574,-0.15043383860626258,0.9849349352184406,-0.11830631920871788,1.0,0.0,0.0,0.0,1.0,0.0,0.0,5.07
STU-14482,0.6076325407666144,1.8390641343839598,0.21235048410181093,0.7214619641762801,1.0585876518438173,-1.3865670823542908,0.3031670495676329,1.0,0.0,0.0,0.0,1.0,0.0,0.0,4.33
STU-11589,-1.4745775496316413,-0.023283732030311134,1.5048481821057689,-0.4656423304807004,0.18953578646955047,-1.855926856665561,-1.3246974834598668,1.0,0.0,0.0,0.0,0.0,1.0,0.0,4.47
STU-11871,-1.4745775496316413,0.031851566646427056,1.5048481821057689,1.2661333464306586,0.4544378085562248,-0.1431753995296988,-0.5825378558319447,0.0,1.0,0.0,0.0,1.0,0.0,0.0,5.25
STU-10428,1.3884613246659603,-1.7038893176212595,-1.4138861152965987,-1.848269685434124,-1.1190946387161178,0.8284816771146842,0.35814183679933104,1.0,0.0,0.0,0.0,0.0,0.0,1.0,2.04
STU-11857,-0.4334725044325135,1.5776819776942372,0.0657225939921197,0.553870769636471,1.0585876518438173,0.7379034750546151,0.013022339178116259,1.0,0.0,1.0,0.0,0.0,0.0,0.0,5.06
STU-12110,1.3884613246659603,-0.4337353999571405,-1.0692858887088352,-1.177904907274888,-1.2620118059454408,-0.7031133759010381,-0.6863791206029297,1.0,0.0,0.0,0.0,0.0,0.0,1.0,2.54
STU-10567,-0.6937487657322955,-1.469053786220337,-1.5224993672297038,-0.4935741962373346,-1.4186432467977788,-1.7818174186164133,0.006914029485705235,0.0,1.0,0.0,1.0,0.0,0.0,0.0,2.88
STU-14648,1.6487375859657423,1.1713144059656853,-0.5904001870037788,0.7912916285678668,0.21985154921516453,2.718272347367955,-0.6833249657567243,1.0,0.0,1.0,0.0,0.0,0.0,0.0,4.9
STU-13038,-1.4745775496316413,0.2952757714352879,0.5322658807047776,0.6935300984196445,0.3642123241942785,0.48263763288532757,-0.5245089137540415,1.0,0.0,0.0,0.0,0.0,1.0,0.0,4.5
STU-12188,-0.4334725044325135,1.6287331801726987,0.40390476478383347,0.023165320260409614,0.6348887772801173,-0.41491000570990777,-1.3766181158453592,0.0,1.0,0.0,0.0,0.0,0.0,1.0,5.13
STU-10871,1.1281850633661783,-0.45823997714680215,-1.5155876148339613,-0.27011927018425713,-1.4114252080488234,-0.40667562370444704,-1.123123263610308,1.0,0.0,0.0,0.0,0.0,0.0,1.0,3.55
STU-11353,0.8679088020663964,1.622607035875283,1.1770336399076688,1.2800992793089756,1.0585876518438173,-0.5795976458191254,-0.038898293207376214,1.0,0.0,1.0,0.0,0.0,0.0,0.0,5.33
STU-10632,-1.4745775496316413,0.2523927613533802,-0.6940764729399249,-2.5605322622283118,-0.7184934881490765,-1.6171297785071956,-1.2452894574585254,1.0,0.0,0.0,0.0,0.0,1.0,0.0,3.12
STU-13960,-0.4334725044325135,0.040019759042981065,-0.2971444067843936,0.009199387382091261,1.0585876518438173,1.3554821254641807,0.08937621033325228,1.0,0.0,0.0,0.0,0.0,1.0,0.0,5.57
STU-10634,2.559704500514979,-0.5317537087157864,0.37625775520086097,0.023165320260409614,-0.06526098136858483,0.5238095429126318,0.5413911275716574,0.0,1.0,0.0,1.0,0.0,0.0,0.0,3.66
STU-12502,-1.4745775496316413,0.5015226294482718,0.6477908850336251,-0.38184673321079526,-0.013291102376103864,0.02151224057951886,0.8590232315770235,1.0,0.0,0.0,0.0,1.0,0.0,0.0,4.34
STU-10812,-0.6937487657322955,-1.154578378953015,-1.6883814247275386,-1.5270532292328232,-1.7456204021254724,1.808373135764528,-1.2239103735350871,1.0,0.0,1.0,0.0,0.0,0.0,0.0,3.44
STU-13952,-0.4334725044325135,-1.3404047559746144,-0.1865563684525037,-0.6471994578988266,-1.0057714303575127,-0.06906596148055104,0.4131166240310289,1.0,0.0,0.0,0.0,0.0,0.0,1.0,3.81
STU-11065,0.34735627946683245,0.23605637656027254,0.6665513558220719,-1.0522115113700314,1.0585876518438173,-0.07730034348601174,-0.778003765989093,1.0,0.0,1.0,0.0,0.0,0.0,0.0,3.96
STU-10115,0.6076325407666144,0.48927034085344095,0.5006692983242371,-0.11649400852276522,-0.6073356914151583,1.1660913393385803,2.004331298904064,1.0,0.0,0.0,0.0,0.0,0.0,1.0,4.3
STU-14817,0.08708001816705048,-0.017157587732895902,-1.1818487134395084,-2.2951795375402804,0.1729342973469531,-0.7195821399119602,-1.4132679739998248,1.0,0.0,1.0,0.0,0.0,0.0,0.0,3.51
STU-13620,-1.4745775496316413,-0.7339164705304935,0.38810647359356387,-0.08856214276612975,-0.7899520717637376,0.6637940370054666,-0.2649057518265789,1.0,0.0,0.0,0.0,0.0,1.0,0.0,4.14
STU-10659,-0.1731962431327315,0.372873599202549,-0.17470765005980224,0.9588828231076758,0.1729342973469531,-1.4195046103761344,-0.1580103322093886,1.0,0.0,0.0,0.0,0.0,1.0,0.0,4.0
STU-10030,0.34735627946683245,0.09719710581885767,0.23604792088721668,0.07902905177367806,0.5020768642993332,-0.7854571959556473,0.13213437818012835,1.0,0.0,0.0,0.0,0.0,0.0,1.0,4.47
STU-10311,-0.6937487657322955,-0.6256879212761551,1.1464244507265207,-0.6890972565337792,-0.33665923832931954,-2.3170522489713696,0.37341261103035817,1.0,0.0,0.0,0.0,0.0,0.0,1.0,4.56
STU-10422,-0.1731962431327315,0.21359384746974963,-0.05227089333520947,0.6097345011497406,0.07188175486157287,-0.7607540499392644,-0.1580103322093886,1.0,0.0,0.0,0.0,1.0,0.0,0.0,3.74
STU-12852,-0.1731962431327315,0.624045515396579,0.0657225939921197,0.1767905819219003,1.0585876518438173,0.606153362967241,0.6238533084192042,1.0,0.0,0.0,0.0,0.0,0.0,1.0,4.95
STU-11399,2.1692901085653062,0.18704722218094957,0.07609022258573334,1.7968387958067198,-0.12083987973554446,0.35088752079795343,-1.5171092387708098,0.0,1.0,0.0,0.0,0.0,0.0,1.0,5.35
STU-13182,-0.6937487657322955,1.2897531957157151,-0.7029630117344521,0.5957685682714223,0.007641209995867094,0.07915291461774449,-1.1994771347654438,1.0,0.0,0.0,0.0,0.0,0.0,1.0,4.73
STU-14649,1.1281850633661783,-0.04778830921997243,-1.6804822791324037,0.0929949846519964,-0.8079971686361269,0.6555596550000059,-0.6405667979098483,0.0,1.0,0.0,0.0,0.0,1.0,0.0,3.58
STU-13885,-0.9540250270320775,-0.570552622599417,-1.3734029941215322,0.7354278970545971,1.0585876518438173,-0.044362815464168204,-0.1580103322093886,1.0,0.0,0.0,0.0,0.0,0.0,1.0,4.44
STU-10870,1.6487375859657423,0.2299302322628573,0.0657225939921197,-0.9963477798567617,-0.46586213193562703,0.5238095429126318,-0.12441462890112863,1.0,0.0,0.0,1.0,0.0,0.0,0.0,3.97
STU-14840,1.9090138472655243,0.09719710581885767,-0.04437174774007468,-0.01873247837454296,0.06249830448793079,-1.8888643846874045,0.7246404183439837,1.0,0.0,0.0,0.0,0.0,1.0,0.0,4.12
STU-11651,-0.6937487657322955,-1.1239476574659382,-0.7394965601119516,-1.5689510278677756,-0.32294496470630385,-0.3490349496662207,1.9982229892116525,1.0,0.0,1.0,0.0,0.0,0.0,0.0,3.32
STU-14790,0.08708001816705048,-0.7420846629270471,0.0657225939921197,1.1823377491607534,-1.021651115605215,-0.7031133759010381,0.10159282971807405,0.0,1.0,0.0,1.0,0.0,0.0,0.0,4.54
STU-10267,-1.2143012883318594,-0.5052070834269863,0.07510282938634096,-0.27011927018425713,1.0585876518438173,-1.0324886561194735,0.36730430133794717,0.0,1.0,1.0,0.0,0.0,0.0,0.0,4.55
STU-12304,-1.4745775496316413,0.2013415588749188,0.7119714429940973,1.4756223396054189,0.1541673965996679,-0.7031133759010381,0.6818822504971079,1.0,0.0,0.0,0.0,0.0,1.0,0.0,3.92
STU-12066,2.1692901085653062,0.7159376798578093,1.5048481821057689,0.4561092394882487,0.7323323003910199,-0.3737380956826035,-0.16411864190179934,0.0,1.0,0.0,1.0,0.0,0.0,0.0,5.03
STU-11631,0.6076325407666144,0.8241662291121473,1.5048481821057689,1.0985421518908494,1.0585876518438173,-1.3042232622996823,1.6225619431283838,1.0,0.0,0.0,0.0,0.0,0.0,1.0,5.72
STU-10036,0.08708001816705048,-2.006112436293751,-0.6842025409460067,-0.6332335250205094,-2.4616498460218783,1.717794933704459,0.7765610507294762,1.0,0.0,0.0,1.0,0.0,0.0,0.0,2.25
STU-12018,-1.2143012883318594,0.3667474549051337,0.5885472930701136,0.3723136422183448,1.0585876518438173,0.4991063968962497,-0.1580103322093886,1.0,0.0,0.0,0.0,0.0,0.0,1.0,4.72
STU-12203,-0.1731962431327315,1.038581279521685,1.059533849180035,-0.3399489345758439,1.0585876518438173,0.15326235266689298,-1.7034126843893416,1.0,0.0,0.0,0.0,0.0,1.0,0.0,5.97
STU-13348,-0.4334725044325135,0.24626661705596495,1.5048481821057689,1.7968387958067198,0.9799110294801999,-0.6454727018628125,-0.14884786767077218,1.0,0.0,0.0,0.0,0.0,0.0,1.0,4.82
STU-11028,2.559704500514979,2.0555212328926356,1.5048481821057689,0.27455211207012253,1.0585876518438173,0.7708410030764586,-0.6924874302953408,1.0,0.0,0.0,0.0,1.0,0.0,0.0,5.3
STU-14319,0.08708001816705048,-2.2695366410826114,-1.8009442494582117,-2.0298268128522503,-3.1643259182327137,-1.3042232622996823,1.335471387585072,1.0,0.0,1.0,0.0,0.0,0.0,0.0,1.0
STU-10919,-1.2143012883318594,-1.3587831888668604,-1.442520518078962,-0.6332335250205094,-2.2256199789310265,-0.11847225351331596,-0.13052293859353967,1.0,0.0,0.0,0.0,0.0,1.0,0.0,3.11
STU-12046,-1.4745775496316413,0.7669888823362707,0.5362154535023443,-0.11649400852276522,0.10291932148208288,-0.8183947239774908,-0.6985957399877515,1.0,0.0,0.0,1.0,0.0,0.0,0.0,4.14
STU-10454,-0.6937487657322955,0.33815878151719525,-0.14212367447987068,0.7354278970545971,1.0585876518438173,-0.06083157947509033,0.7154779538053676,1.0,0.0,0.0,0.0,0.0,1.0,0.0,4.37
STU-12198,1.3884613246659603,-0.5419639492114785,0.36144685720998376,-1.6387806922593624,-0.7942828950131112,-1.921801912709248,0.6605031665736697,0.0,1.0,0.0,0.0,0.0,0.0,1.0,3.49
STU-10587,0.6076325407666144,2.595387699102364,-0.5104213378530371,-1.1360071086399353,-1.8870939616050042,1.3719508894751022,-1.2391811477661145,1.0,0.0,0.0,0.0,0.0,0.0,1.0,1.71
STU-12804,-0.9540250270320775,1.4653693322416221,0.2656697168689725,0.4700751723665658,1.0585876518438173,-0.2502223656006901,-1.4774052257701389,1.0,0.0,0.0,0.0,0.0,1.0,0.0,4.73
STU-12848,0.34735627946683245,1.1570200692717159,0.7257949477855835,1.7968387958067198,0.8904073489931495,0.8284816771146842,-0.27101406151898993,1.0,0.0,0.0,0.0,0.0,1.0,0.0,5.43
STU-14535,0.08708001816705048,-0.35817962028901784,1.2984830034328678,-0.6471994578988266,-0.7091100377754335,-0.5301913537863597,-0.7993828499125311,1.0,0.0,0.0,0.0,1.0,0.0,0.0,3.99
STU-10693,0.8679088020663964,-2.13884556273775,-1.1285294806723483,-0.07459620988781264,0.1729342973469531,-0.4478475337317513,-0.9826321406848575,1.0,0.0,0.0,0.0,0.0,0.0,1.0,3.48
STU-10561,-0.1731962431327315,-1.869295213651474,-0.23000166922574575,-2.6984458494016956,0.1729342973469531,0.05444976860136239,-0.3351513132893042,1.0,0.0,0.0,0.0,0.0,0.0,1.0,2.33
STU-14691,0.6076325407666144,-0.503165035327848,-1.936217117774897,1.713043198536816,0.349054442821472,1.511935383567937,-0.2679599066727843,1.0,0.0,0.0,1.0,0.0,0.0,0.0,5.12
STU-12522,2.1692901085653062,1.7982231724011908,0.2212370228963381,-0.2002896057926691,1.0585876518438173,1.1166850473058145,-1.630112968080411,1.0,0.0,0.0,0.0,0.0,1.0,0.0,5.0
STU-10716,-0.4334725044325135,-1.5323572772936291,0.21235048410181093,-0.5494379277506043,-0.9444181009913897,1.5860448216170848,-0.46342581682993267,1.0,0.0,0.0,0.0,0.0,0.0,1.0,3.03
STU-11991,0.6076325407666144,-0.6706129794572012,-1.1877730726358597,-1.8762015511907584,-1.044748839601874,1.0508099912621276,-1.3308057931522779,1.0,0.0,0.0,0.0,1.0,0.0,0.0,3.42
STU-11089,1.9090138472655243,0.9181004416725164,0.7475175981722045,0.35834770934002647,1.0585876518438173,-1.3042232622996823,-1.159773121764773,1.0,0.0,0.0,0.0,1.0,0.0,0.0,4.69
STU-11302,1.3884613246659603,-2.0877943602592888,-1.88487267140652,-0.5494379277506043,-3.1643259182327137,-0.5795976458191254,-0.6650000366794918,1.0,0.0,0.0,0.0,0.0,1.0,0.0,1.96
STU-14664,-0.1731962431327315,-2.034701109681689,-0.08781704851331673,0.5818026353931052,-0.7495310547695855,-0.3325661856552993,-0.30155560998104425,1.0,0.0,0.0,0.0,0.0,1.0,0.0,3.77
STU-13718,-0.4334725044325135,-0.3295909469010793,1.0299120531982793,-0.7868587866820002,1.0585876518438173,-0.17611292755154234,-0.3504220875203313,0.0,1.0,0.0,0.0,0.0,0.0,1.0,4.09
STU-14512,-0.6937487657322955,1.6757002864528832,1.4683146337282693,-0.8566884510735882,1.0585876518438173,0.12032482464504946,0.5200120436482192,1.0,0.0,0.0,0.0,0.0,1.0,0.0,3.84
STU-12369,1.1281850633661783,0.19113131837922676,0.12348509615654348,-1.2477345716664747,-0.10568199836273691,0.8120129131037629,-0.2343642033645246,0.0,1.0,0.0,0.0,1.0,0.0,0.0,4.1
STU-14701,-0.9540250270320775,-0.023283732030311134,-0.8639081032353264,-0.7170291222904134,0.5035204720491241,-0.2913942756279943,0.24819226233593508,1.0,0.0,0.0,0.0,1.0,0.0,0.0,3.57
STU-12163,-0.9540250270320775,-0.3214227545045257,0.4058795511826182,0.13489278328694773,0.3338965614486645,-0.793691577961108,2.0745768603667885,0.0,1.0,1.0,0.0,0.0,0.0,0.0,4.87
STU-12226,1.1281850633661783,0.24014047275854936,-0.7493704921058698,0.6097345011497406,1.0037305573517536,0.5485126889290146,0.27262550110557865,1.0,0.0,0.0,0.0,1.0,0.0,0.0,4.52
STU-10902,0.6076325407666144,0.14824830829731903,0.4256274151704545,0.07902905177367806,-0.878733948375893,-0.6454727018628125,0.8742940058080504,1.0,0.0,0.0,1.0,0.0,0.0,0.0,4.43
STU-14142,-1.2143012883318594,-1.7712769048928285,0.8274964473229462,-2.0577586786088844,-1.6488986828894658,0.18619988068873652,0.03440142310155416,1.0,0.0,1.0,0.0,0.0,0.0,0.0,2.3
STU-12184,-0.9540250270320775,0.43209299407756435,0.6458160986348418,1.1823377491607534,0.979189225605305,0.6390908909890846,-0.6894332754491354,0.0,1.0,0.0,0.0,0.0,1.0,0.0,5.03
STU-12982,-0.6937487657322955,1.3408043981941766,-0.578551468611076,0.3723136422183448,1.0585876518438173,0.24384055472696214,-1.1414481926875404,1.0,0.0,1.0,0.0,0.0,0.0,0.0,5.63
STU-12947,-0.4334725044325135,1.6491536611640836,1.5048481821057689,1.4337245409704675,1.0585876518438173,-0.7031133759010381,-0.1580103322093886,1.0,0.0,0.0,0.0,0.0,1.0,0.0,6.09
STU-12650,1.1281850633661783,-0.45211383284938655,1.208630222288208,0.8750872258377707,1.0585876518438173,-0.26669112961161223,-1.040661082762761,1.0,0.0,1.0,0.0,0.0,0.0,0.0,5.31
STU-10579,-0.1731962431327315,-0.33163299500021776,0.6398917394384904,-0.7170291222904134,0.017746464244405114,-1.2054106782341518,1.1338971677355127,1.0,0.0,0.0,0.0,0.0,0.0,1.0,4.04
STU-10207,0.34735627946683245,0.6138352749008866,-0.01672473815710221,-0.5494379277506043,1.0585876518438173,0.20266864469965792,-1.2605602316895528,1.0,0.0,0.0,0.0,1.0,0.0,0.0,4.98
STU-12732,1.6487375859657423,0.8323344215087016,0.03264492181249128,-0.9265181154651749,-0.9321474351181648,1.6930917876880769,0.019130648870527008,1.0,0.0,0.0,1.0,0.0,0.0,0.0,3.41
STU-14170,1.3884613246659603,-1.428212824237568,-0.47586257587432224,0.35834770934002647,-0.9032752801223426,1.9401232478519022,-0.646675107602259,1.0,0.0,0.0,0.0,0.0,0.0,1.0,4.32
STU-11530,2.559704500514979,-0.021241683931172723,0.32392591563309314,-0.28408520306257423,-2.1014697124489885,-0.06083157947509033,-0.6283501785250265,1.0,0.0,0.0,0.0,0.0,0.0,1.0,3.96
STU-13984,-1.2143012883318594,0.040019759042981065,0.0657225939921197,0.10696091753031352,-0.1677571316037559,0.9108254971692927,-0.24658082274934637,1.0,0.0,1.0,0.0,0.0,0.0,0.0,4.23
STU-12614,-1.4745775496316413,0.7935355076250707,0.27850582846106636,1.1963036820390716,1.0585876518438173,-0.7607540499392644,0.5566619018026848,0.0,1.0,0.0,0.0,1.0,0.0,0.0,5.32
STU-11284,-0.6937487657322955,0.2523927613533802,1.213567188285167,0.7773256956895485,0.6435504237788645,-2.078255170813004,2.5620963276923314,1.0,0.0,1.0,0.0,0.0,0.0,0.0,4.35
STU-10481,1.1281850633661783,-1.7059313657203978,-1.4869532120515965,-1.1080752428833012,-1.9816502692163236,-0.5713632638136648,0.46809141126272674,0.0,1.0,0.0,0.0,0.0,1.0,0.0,2.57
STU-10985,2.559704500514979,-0.6216038250778783,-1.9194314333852365,1.7968387958067198,-1.280778706692725,-1.5265515764471256,1.3446338521236885,0.0,1.0,0.0,0.0,0.0,0.0,1.0,3.39
STU-14077,-0.6937487657322955,-0.6767391237546165,-0.036472602144939886,-1.3175642360580628,-0.23632849971883527,0.2932468467597278,-1.2391811477661145,0.0,1.0,0.0,0.0,0.0,0.0,1.0,3.41
STU-13108,0.34735627946683245,-0.8482711640822469,0.3683586096057262,0.6935300984196445,-1.5413499055300264,1.7754356077426852,0.7918318249605036,1.0,0.0,0.0,0.0,0.0,0.0,1.0,3.49
STU-10599,1.3884613246659603,-0.7441267110261855,-0.30603094557892074,-0.8147906524386356,-1.116207423216535,-1.5759578684798914,0.37952092072276894,0.0,1.0,1.0,0.0,0.0,0.0,0.0,3.63
STU-13774,1.3884613246659603,1.0549176643147933,-0.39390894032479723,1.7968387958067198,-0.046494080621300664,0.3179499927761099,-0.8268702435283801,1.0,0.0,0.0,0.0,0.0,0.0,1.0,4.8
STU-11668,1.6487375859657423,0.5178590142413795,0.7880007193472709,1.7968387958067198,0.17509970897163987,0.5979189809617803,1.4851249750491387,0.0,1.0,0.0,0.0,0.0,0.0,1.0,5.01
STU-11427,1.9090138472655243,0.49948058134913337,-0.6723538225533039,0.023165320260409614,0.9827982449797826,-0.3572693316716814,-0.9612530567614195,1.0,0.0,0.0,0.0,0.0,0.0,1.0,4.32
STU-12883,-1.4745775496316413,-0.4602820252459406,-0.5104213378530371,-0.9823818469784447,-0.765410740017288,1.1907944853549624,-0.30766391967345524,1.0,0.0,1.0,0.0,0.0,0.0,0.0,3.92
STU-13687,-1.4745775496316413,0.515816966142241,0.0657225939921197,-1.024279645613396,0.8608133901224314,-0.793691577961108,-0.5917003203705612,1.0,0.0,0.0,0.0,1.0,0.0,0.0,3.54
STU-12456,-1.2143012883318594,1.4408647550519613,-0.7217234825228973,-0.605301659263874,0.36493412806917447,0.5896845989563189,-0.9459822825303922,0.0,1.0,0.0,1.0,0.0,0.0,0.0,4.63
STU-12915,0.08708001816705048,0.11353349061196531,-1.218382261817008,0.7633597628112313,0.36276871644448766,0.606153362967241,0.871239850961845,1.0,0.0,1.0,0.0,0.0,0.0,0.0,4.5
STU-13126,-0.9540250270320775,-1.1198635612676613,-0.17273286366101748,0.5818026353931052,0.06177650061303485,-0.3737380956826035,-0.7382997529884223,0.0,1.0,0.0,0.0,1.0,0.0,0.0,4.78
STU-11963,-0.4334725044325135,-0.8605234526770775,0.012897057824653606,0.5818026353931052,0.7741969251349629,0.7214347110436929,1.3018756842768122,0.0,1.0,0.0,1.0,0.0,0.0,0.0,4.74
STU-14568,0.08708001816705048,1.724709440832206,-0.2931948339868255,-0.7170291222904134,1.0585876518438173,2.718272347367955,0.19016332025803184,0.0,1.0,0.0,1.0,0.0,0.0,0.0,4.29
STU-11986,-0.1731962431327315,-0.4704922657416326,-1.260840169390859,-1.3734279675713312,-0.3907945289464873,-2.716419776236223,-0.6955415851415461,1.0,0.0,0.0,0.0,0.0,0.0,1.0,2.61
STU-14018,1.6487375859657423,0.9548573074570085,1.0072020096122658,0.9169850244727232,1.0585876518438173,-1.4606765204034386,-0.6497292624484644,1.0,0.0,0.0,0.0,0.0,0.0,1.0,5.63
STU-10364,-0.1731962431327315,-0.05799854971566485,0.12842206215350255,-0.4935741962373346,-0.005351259752252634,-0.18434730955700304,0.26346303656696224,1.0,0.0,0.0,0.0,1.0,0.0,0.0,4.42
STU-12571,-0.1731962431327315,-0.6175197288796015,0.2508588188780939,0.5119729710015184,1.0585876518438173,0.32618437478157136,-0.9246031986069542,1.0,0.0,0.0,0.0,0.0,1.0,0.0,5.45
STU-11129,0.6076325407666144,-0.1682691470691416,-0.4482155662913498,0.20472244767853576,-0.7401476043959434,0.6308565089836231,0.9445395672707757,1.0,0.0,1.0,0.0,0.0,0.0,0.0,3.62
STU-10281,-0.4334725044325135,-0.6338561136727091,-0.9873322531593101,-1.345496101814697,-0.16703532772886098,-0.11023787150785526,-1.1353398829951296,1.0,0.0,0.0,0.0,0.0,1.0,0.0,2.58
STU-10609,0.34735627946683245,-0.027367828228587958,0.5934842590670726,0.8052575614461839,0.1729342973469531,0.07915291461774449,0.22070486872008616,0.0,1.0,0.0,1.0,0.0,0.0,0.0,4.6
STU-12031,0.8679088020663964,-0.9136167032546775,-0.9833826803617434,-0.13045994140108233,-0.5005087179306137,0.5649814529399367,-0.6314043333712318,0.0,1.0,0.0,0.0,0.0,0.0,1.0,3.72
STU-14976,-0.1731962431327315,1.6511957092632217,1.3132939014237464,0.7912916285678668,0.8564825668730579,0.6390908909890846,1.5553705365118637,0.0,1.0,0.0,1.0,0.0,0.0,0.0,5.34
STU-14849,-1.2143012883318594,0.41167251308617986,1.5048481821057689,0.6935300984196445,0.27037782045785463,0.5732158349453974,-0.7077582045263678,1.0,0.0,0.0,0.0,0.0,1.0,0.0,5.29
STU-13935,0.8679088020663964,2.2515578504099274,-0.07596833012061524,0.3164499107050751,1.0585876518438173,0.32618437478157136,1.1430596322741293,1.0,0.0,0.0,1.0,0.0,0.0,0.0,5.1
STU-14656,0.08708001816705048,-0.4459876885519713,0.7030849041995701,0.34438177646170937,0.35988150094490495,-1.0242542741140128,-0.02668167382255444,1.0,0.0,0.0,0.0,0.0,0.0,1.0,3.97
STU-11115,0.34735627946683245,-0.6440663541684012,-0.12237581049203301,-2.1974180073920593,-1.0086586458570954,0.04621538659590096,-1.532380013001837,1.0,0.0,0.0,0.0,1.0,0.0,0.0,2.79
STU-10102,0.34735627946683245,0.4790601003577489,-0.5805262550098607,0.6655982326630103,0.91639228848939,1.4213571815078678,-0.08471061590045793,0.0,1.0,0.0,0.0,0.0,1.0,0.0,5.22
STU-14355,0.6076325407666144,1.1059688667932546,0.577685967876803,0.8611212929594536,1.0585876518438173,-1.6253641605126563,0.9353771027321596,1.0,0.0,0.0,0.0,0.0,0.0,1.0,5.35
STU-12150,-0.6937487657322955,0.39125203209479503,-0.18556897525311275,1.0706102861342153,-0.2348848919690444,-0.21728483757884656,-1.2727768510743744,1.0,0.0,0.0,0.0,0.0,1.0,0.0,4.26
STU-14644,-0.4334725044325135,0.8180400848147324,0.7129588361934897,0.21868838055685288,1.0585876518438173,-0.2913942756279943,-0.756624682065655,1.0,0.0,0.0,0.0,0.0,0.0,1.0,4.63
STU-11982,0.08708001816705048,0.7935355076250707,0.336762027225187,0.553870769636471,1.0585876518438173,-0.8183947239774908,-0.40845102959823454,1.0,0.0,0.0,0.0,0.0,1.0,0.0,4.38
STU-10935,0.6076325407666144,0.33203263721978005,1.1059413295514529,-0.5215060619939701,-1.044027035726978,0.03798100459044026,-0.8971158049911052,0.0,1.0,0.0,0.0,0.0,0.0,1.0,4.26
STU-14807,-0.4334725044325135,-0.5399219011123401,-0.4294550955029045,-0.3259830016975256,-1.208598319203168,-0.019659669447785372,-0.7474622175270386,0.0,1.0,1.0,0.0,0.0,0.0,0.0,5.03
STU-11114,-0.9540250270320775,0.8690912872931937,-1.28256281977748,-0.772892853803683,0.36854314744365213,1.1002162832948932,-0.008356744745321915,1.0,0.0,0.0,0.0,0.0,0.0,1.0,3.48
STU-12893,-0.9540250270320775,-0.7563789996210164,-0.021661704154061278,-0.11649400852276522,0.2718214282076455,0.7873097670873801,-1.165881431457184,0.0,1.0,0.0,0.0,0.0,1.0,0.0,3.77
STU-13397,0.08708001816705048,-2.1613080918282734,0.39798040558748343,-1.3315301689363799,-2.494852824267074,-1.806520564632796,-0.7321914432960114,0.0,1.0,0.0,1.0,0.0,0.0,0.0,2.73
STU-13742,-0.6937487657322955,0.3402008296163337,1.354764415798205,0.8890531587160878,1.0030087534768586,0.8120129131037629,-0.34736793267412597,0.0,1.0,0.0,0.0,0.0,0.0,1.0,5.05
STU-10840,1.1281850633661783,-1.1035271764745538,-1.5294111196254476,-1.2198027059098404,-1.7853196152447286,-0.3902068596935249,-0.5489421525236851,1.0,0.0,1.0,0.0,0.0,0.0,0.0,3.29
STU-10367,-0.6937487657322955,-1.7549405200997208,-0.8747694284286369,-1.024279645613396,-1.0050496264826179,0.09562167862866662,-1.6728711359272872,1.0,0.0,0.0,0.0,0.0,0.0,1.0,2.98
STU-14651,-1.4745775496316413,1.3550987348881458,0.2617201440714044,-1.0661774442483485,0.10580653698166458,0.4661688688744062,-0.017519209283938315,0.0,1.0,0.0,0.0,1.0,0.0,0.0,5.08
STU-10229,0.8679088020663964,1.4367806588536838,0.22321180929512144,-0.21425553867098746,0.2581071545846298,0.4991063968962497,0.718532108651573,1.0,0.0,0.0,1.0,0.0,0.0,0.0,4.14
STU-11641,1.1281850633661783,1.3081316286079612,0.9301853400597013,0.38627957509666194,0.2840920940808703,-0.5384257357918212,-0.1580103322093886,1.0,0.0,0.0,0.0,0.0,1.0,0.0,4.92
STU-14956,-0.6937487657322955,-0.6052674402847706,-1.573843813598082,0.24662024631348708,0.44577616205747866,-0.4972538257645162,-0.9765238309924467,0.0,1.0,0.0,0.0,1.0,0.0,0.0,3.41
STU-11290,-1.2143012883318594,0.981403932745809,1.5048481821057689,1.0706102861342153,0.6168436804077281,1.149622575327659,2.5620963276923314,1.0,0.0,0.0,1.0,0.0,0.0,0.0,4.99
STU-13155,0.08708001816705048,1.2489122337329461,1.4633776677313102,1.7968387958067198,0.20397186396746206,0.5979189809617803,0.7276945731901892,0.0,1.0,0.0,1.0,0.0,0.0,0.0,5.6
STU-10016,0.8679088020663964,0.4075884168879027,0.9351223060566604,1.308031145065611,1.0585876518438173,0.8037785310983022,-0.1580103322093886,0.0,1.0,1.0,0.0,0.0,0.0,0.0,5.4
STU-14060,0.34735627946683245,-0.00286325103892666,-0.7029630117344521,1.7968387958067198,0.6659263439006273,-1.2795201162832994,-0.5917003203705612,1.0,0.0,1.0,0.0,0.0,0.0,0.0,5.15
STU-13344,-0.4334725044325135,1.252996329931223,1.0940926111587514,-0.004766545496225848,1.0585876518438173,0.09562167862866662,-1.1903146702268275,1.0,0.0,0.0,0.0,1.0,0.0,0.0,5.57
STU-12903,0.08708001816705048,1.2693327147243303,1.2155419746839504,1.7968387958067198,1.0585876518438173,0.5320439249180933,-0.002248435052911163,1.0,0.0,0.0,0.0,0.0,1.0,0.0,5.7
STU-11393,-1.2143012883318594,0.5770784091163944,-0.8263871616584357,0.1767905819219003,0.7178962228931083,0.23560617272150144,1.3629587812009207,0.0,1.0,0.0,0.0,0.0,1.0,0.0,4.27
STU-12849,-0.4334725044325135,0.6771387659741788,-0.06313221852851998,-0.35391486745416106,1.0585876518438173,0.35088752079795343,2.5620963276923314,1.0,0.0,0.0,0.0,0.0,0.0,1.0,3.88
STU-10387,-0.1731962431327315,1.2591224742286387,-0.5044969786566856,0.35834770934002647,0.792963825882247,-0.4972538257645162,1.243846742198909,1.0,0.0,0.0,0.0,1.0,0.0,0.0,5.2
STU-13361,1.6487375859657423,-0.08862927120274175,1.4643650609307026,-0.5075401291156529,0.020633679743987846,0.3591219028034149,1.2896590648919901,1.0,0.0,1.0,0.0,0.0,0.0,0.0,4.86
STU-13209,0.08708001816705048,-0.503165035327848,-1.797982069860036,0.023165320260409614,0.1252952416038447,-0.29962865763345575,-0.1580103322093886,1.0,0.0,0.0,0.0,1.0,0.0,0.0,3.45
STU-13895,0.6076325407666144,-0.3295909469010793,-0.38798458112844575,0.21868838055685288,-1.1508540092115227,0.5073407789017104,-0.9643072116076249,0.0,1.0,0.0,0.0,0.0,1.0,0.0,3.71
STU-10279,0.8679088020663964,0.10128120201713449,1.5048481821057689,-0.11649400852276522,0.9430990318605265,-1.3783327003488302,-0.4053968747520292,0.0,1.0,0.0,0.0,0.0,1.0,0.0,4.99
STU-13595,-0.1731962431327315,0.372873599202549,0.0657225939921197,-0.2002896057926691,-0.009682083001626218,-0.7031133759010381,-0.7382997529884223,1.0,0.0,0.0,0.0,0.0,0.0,1.0,3.45
STU-10372,1.6487375859657423,-1.750856423901444,-0.4590768914846603,-0.21425553867098746,-1.209320123078064,-0.3078630396389165,-1.3216433286136615,1.0,0.0,0.0,0.0,0.0,1.0,0.0,1.61
STU-13851,0.6076325407666144,-0.8237665868925854,1.06150863557882,-0.8846203168302224,-0.2370503035937312,0.9355286431856763,-0.7963286950663256,1.0,0.0,0.0,1.0,0.0,0.0,0.0,3.87
STU-13641,-0.4334725044325135,0.14008011590076538,-2.3696827323079286,-1.359462034693014,-1.5254702202823234,-0.727816521917421,0.5169578888020139,1.0,0.0,0.0,0.0,0.0,0.0,1.0,3.05
STU-10477,-0.4334725044325135,2.110656531569374,0.0657225939921197,0.023165320260409614,1.0585876518438173,-1.0654261841413168,-0.6650000366794918,1.0,0.0,0.0,1.0,0.0,0.0,0.0,4.9
STU-11865,-0.4334725044325135,1.890115336862421,1.5048481821057689,1.74097506429345,0.9979561263525891,1.8166075177699903,-0.5672670816009177,1.0,0.0,0.0,1.0,0.0,0.0,0.0,6.35
STU-10621,0.6076325407666144,-1.038181637302123,-1.350692950535519,-0.6751313236554608,-0.009682083001626218,-0.678410229884656,1.231630122814087,1.0,0.0,0.0,0.0,1.0,0.0,0.0,2.47
STU-14890,-0.4334725044325135,0.5117328699439638,-0.2240773100293957,0.5119729710015184,-0.18363681685145836,-0.40667562370444704,-1.2025312896116493,1.0,0.0,1.0,0.0,0.0,0.0,0.0,4.5
STU-11029,1.3884613246659603,0.2911916752370107,0.0657225939921197,0.5957685682714223,-0.1583736812301138,-1.3865670823542908,0.2665171914131679,1.0,0.0,0.0,0.0,0.0,0.0,1.0,5.41
STU-13624,-0.6937487657322955,0.8486708063018089,1.5048481821057689,1.6571794670235462,1.0585876518438173,-1.4771452844143607,-0.7413539078346277,0.0,1.0,0.0,0.0,1.0,0.0,0.0,4.82
STU-14300,-0.6937487657322955,0.30752806003011834,1.3320543722121916,1.0985421518908494,0.7496555933885132,1.824841899775451,-0.603916939755383,0.0,1.0,0.0,0.0,1.0,0.0,0.0,5.2
STU-13413,1.1281850633661783,-2.0489954463756583,-2.4131280330811706,-2.2812136046619633,-1.8827631383556307,1.174325721344041,0.10464698456427943,1.0,0.0,0.0,0.0,1.0,0.0,0.0,1.84
STU-11874,0.08708001816705048,0.7629047861379938,0.134346421349854,0.5957685682714223,-0.06598278524348077,1.7507324617263031,-1.1780980508420058,1.0,0.0,0.0,0.0,1.0,0.0,0.0,3.55
STU-13628,-0.9540250270320775,-0.7380005667287702,-1.3151467953574116,-0.2980511359408914,0.1729342973469531,-1.2712857342778388,-1.5018384645397824,1.0,0.0,0.0,0.0,0.0,0.0,1.0,3.72
STU-12155,-1.2143012883318594,0.8221241810130092,1.4515289493386072,0.6237004340280577,1.0585876518438173,0.5732158349453974,2.5620963276923314,0.0,1.0,0.0,0.0,0.0,0.0,1.0,5.52
STU-11001,-0.4334725044325135,-0.3173386583062485,0.1639682173316098,-0.15839180715771778,-0.17064434710333862,1.3554821254641807,0.2359756429511133,0.0,1.0,0.0,1.0,0.0,0.0,0.0,5.29
STU-13123,0.8679088020663964,-0.1070077040949878,-1.386239105713626,0.3164499107050751,-0.7574708973934368,-1.674770452545422,0.07410543610222486,1.0,0.0,0.0,0.0,0.0,0.0,1.0,3.61
STU-13081,-0.4334725044325135,-0.7461687591253239,-0.7572696377010046,-2.001894947095615,-1.6756054262606024,-0.6454727018628125,0.2848421204904004,1.0,0.0,0.0,0.0,0.0,0.0,1.0,2.9
STU-12382,0.34735627946683245,-0.588931055491663,-1.463255775266192,-1.0661774442483485,-0.7661325438921839,0.5896845989563189,-1.5781923356949183,1.0,0.0,0.0,0.0,0.0,0.0,1.0,3.34
STU-10595,-0.4334725044325135,1.4408647550519613,-0.9409247727878923,-0.03269841125286007,1.0585876518438173,0.11209044263958802,0.19932578479664798,0.0,1.0,1.0,0.0,0.0,0.0,0.0,5.28
STU-13243,0.6076325407666144,-1.7488143758023051,-0.28628308159108307,-1.0801433771266657,-1.2764478834433515,-1.3042232622996823,-0.32904300359689315,1.0,0.0,0.0,0.0,0.0,1.0,0.0,3.43
STU-12573,-0.1731962431327315,-0.4173990151640328,0.4621609635479541,-0.004766545496225848,-0.20673454084811713,-0.1349410175242381,2.263934460831526,1.0,0.0,0.0,0.0,0.0,0.0,1.0,4.34
STU-10100,-0.9540250270320775,-0.9422053766426157,-0.4116820179138502,-1.862235618312441,-0.3150051220824526,2.4671236962013987,-0.6894332754491354,1.0,0.0,0.0,0.0,0.0,1.0,0.0,3.17
STU-13288,-1.4745775496316413,0.11557553871110372,1.3221804402182735,-0.004766545496225848,0.5648738014152471,0.26030931873788427,-0.6833249657567243,1.0,0.0,0.0,0.0,0.0,1.0,0.0,4.63
STU-14269,2.559704500514979,0.9344368264656244,1.0348490191952384,1.6571794670235462,1.0585876518438173,-0.036128433458707504,-0.5458879976774794,0.0,1.0,0.0,0.0,1.0,0.0,0.0,5.18
STU-13338,0.08708001816705048,-0.4337353999571405,0.3328124544276189,0.20472244767853576,0.3945280869398926,-0.9995511280976299,-1.1353398829951296,1.0,0.0,0.0,0.0,0.0,1.0,0.0,4.18
STU-12648,0.34735627946683245,0.2523927613533802,0.04943060620215324,1.3499289437005624,-0.36841860882472444,1.281372687415033,-0.11830631920871788,0.0,1.0,0.0,0.0,1.0,0.0,0.0,4.92
STU-12539,1.1281850633661783,-0.28058179252175636,0.24197228008356675,0.8331894272028181,-0.548869577548617,-0.9007385440320993,-1.587354800233535,1.0,0.0,0.0,0.0,1.0,0.0,0.0,4.64
STU-13922,1.6487375859657423,0.8731753834914706,0.9756054272317267,1.7968387958067198,1.0585876518438173,-1.016019892108552,0.006914029485705235,1.0,0.0,0.0,0.0,0.0,1.0,0.0,5.76
STU-11019,-1.2143012883318594,1.4245283702588531,0.0657225939921197,0.5818026353931052,0.8629788017471183,0.19443426269419722,-0.29239314544242784,0.0,1.0,0.0,0.0,0.0,0.0,1.0,4.79
STU-14454,-1.4745775496316413,0.02572542234901182,-0.5489296726293201,0.27455211207012253,0.4898061984261084,-0.43137876972082917,-1.040661082762761,0.0,1.0,0.0,0.0,1.0,0.0,0.0,4.19
STU-12473,1.1281850633661783,-0.4235251594614484,0.5924968658676817,-0.43771046472406494,-0.050824903870674246,-0.26669112961161223,-0.1580103322093886,1.0,0.0,0.0,0.0,1.0,0.0,0.0,3.88
STU-10799,-0.1731962431327315,0.7853673152285171,-0.4472281730919574,-0.7449609880470488,1.0585876518438173,-0.18434730955700304,0.23292148810490793,1.0,0.0,1.0,0.0,0.0,0.0,0.0,4.25
STU-10602,0.08708001816705048,-0.3193807064053869,-1.0525002043191747,-1.1499730415182536,1.0585876518438173,0.9849349352184406,1.2407925873527037,1.0,0.0,0.0,0.0,0.0,0.0,1.0,3.27
STU-12414,-0.4334725044325135,-0.023283732030311134,0.44932485195586025,-0.9265181154651749,1.0585876518438173,0.10385606063412732,-0.5642129267547122,1.0,0.0,0.0,0.0,0.0,1.0,0.0,4.2
STU-13853,0.08708001816705048,0.8343764696078397,0.316026770037957,-1.4292916990846007,0.45299420080643393,0.7379034750546151,-0.5336713782926576,1.0,0.0,0.0,0.0,0.0,1.0,0.0,3.4
STU-14534,-1.2143012883318594,-0.6992016528451398,-0.3820602219320943,0.023165320260409614,-1.4309139126710035,2.1542171799938847,2.3891548095259494,1.0,0.0,0.0,1.0,0.0,0.0,0.0,2.36
STU-12762,0.8679088020663964,-0.3928944379743715,0.4828962207351842,-0.17235774003603488,0.1729342973469531,-1.312457644305143,-1.6392754326190273,1.0,0.0,0.0,0.0,0.0,0.0,1.0,4.15
STU-12964,-0.9540250270320775,-1.3179422268840915,0.43056438116741497,0.41421144085329614,0.2710996243327506,0.02151224057951886,1.210251038890649,1.0,0.0,0.0,0.0,0.0,0.0,1.0,4.07
STU-11084,0.8679088020663964,-1.0340975411038462,0.315039376838566,-0.5354719948722872,-0.5409297349247657,-0.4972538257645162,0.13518853302633374,1.0,0.0,0.0,0.0,0.0,1.0,0.0,3.5
STU-11742,0.6076325407666144,-0.28058179252175636,0.13632120774863735,-1.7225762895292664,-0.07464443174222793,0.13679358865597085,1.4087711038940025,1.0,0.0,1.0,0.0,0.0,0.0,0.0,3.59
STU-14387,0.34735627946683245,1.1856087426596544,0.48388361393457513,-0.9544499812218091,1.0585876518438173,-0.3490349496662207,1.2713341358147578,1.0,0.0,0.0,0.0,0.0,0.0,1.0,4.5
STU-10440,0.34735627946683245,-0.04983035731911121,1.0220129076031446,-0.2980511359408914,-0.33665923832931954,-0.08553472549147244,-1.4102138191536193,1.0,0.0,0.0,0.0,0.0,0.0,1.0,4.73
STU-13638,-0.1731962431327315,0.12374373110765774,1.5048481821057689,1.727009131415133,0.8860765257437759,-1.7982861826273346,-0.24658082274934637,1.0,0.0,0.0,0.0,0.0,0.0,1.0,5.69
STU-13464,0.8679088020663964,-0.15397481037517236,1.5048481821057689,0.1767905819219003,-0.22838865709498402,-2.6134900011679614,-1.2513977671509362,1.0,0.0,0.0,0.0,0.0,1.0,0.0,3.73
STU-10769,-1.2143012883318594,-1.217881870026307,-1.7328141187001729,-1.1080752428833012,-1.1219818542156994,0.02151224057951886,-0.8757367210676671,1.0,0.0,0.0,0.0,0.0,0.0,1.0,3.05
STU-14196,0.08708001816705048,-0.09475541550015698,-0.011787772160143142,1.573383869753641,1.0585876518438173,-0.3490349496662207,0.17794670087321007,0.0,1.0,0.0,0.0,0.0,1.0,0.0,4.61
STU-11584,1.1281850633661783,0.3830838396982414,0.16890518332856888,1.6571794670235462,1.0585876518438173,-1.3206920263106037,-0.06333153197701977,0.0,1.0,0.0,0.0,1.0,0.0,0.0,4.74
STU-13795,-0.9540250270320775,2.595387699102364,-0.401808085919932,-0.004766545496225848,0.08920504785906619,0.7379034750546151,-0.9215490437607488,0.0,1.0,1.0,0.0,0.0,0.0,0.0,4.31
STU-13898,-0.6937487657322955,-0.1315122812846491,0.0657225939921197,-0.3399489345758439,0.2819266824561835,1.2237320133768066,0.26346303656696224,1.0,0.0,0.0,0.0,1.0,0.0,0.0,3.77
STU-13120,-1.2143012883318594,0.2095097512714728,0.8837778596882822,0.4980070381232013,0.8377156661257726,-0.8678010160102557,1.4606917362794951,0.0,1.0,0.0,0.0,0.0,0.0,1.0,4.41
STU-11792,-0.6937487657322955,1.702246911741683,1.4683146337282693,1.7968387958067198,1.0585876518438173,-0.16787854554608161,0.037455577947759805,1.0,0.0,0.0,0.0,0.0,1.0,0.0,5.07
STU-14043,-0.1731962431327315,0.3973781763922106,-0.2290142760263548,0.7773256956895485,0.5172347456721397,0.013277858574057428,-1.0498235473013773,0.0,1.0,1.0,0.0,0.0,0.0,0.0,5.05
STU-11952,-0.4334725044325135,0.42596684978014876,1.3310669790127994,1.6292476012669108,0.7150090073935256,2.718272347367955,-0.9551447470690086,1.0,0.0,0.0,0.0,0.0,0.0,1.0,6.08
STU-10848,-0.4334725044325135,0.22380408796544207,0.31010241084160695,-0.8008247195603185,-0.6809596866545061,0.02151224057951886,1.7569447563614229,1.0,0.0,0.0,0.0,0.0,0.0,1.0,3.94
STU-11609,-0.1731962431327315,-1.9734396667075356,-2.0181707533244233,-2.6984458494016956,-2.617559482999321,0.5485126889290146,-0.680270810910519,1.0,0.0,0.0,0.0,1.0,0.0,0.0,1.74
STU-11254,-1.4745775496316413,0.39125203209479503,-1.1344538398686996,1.140439950525802,-1.0209293117303202,-2.168833372873074,-0.42372180382926194,0.0,1.0,0.0,0.0,0.0,0.0,1.0,4.66
STU-12515,2.559704500514979,0.7976196038233476,0.873903927694364,-0.07459620988781264,0.012693837120136617,1.3143102154368758,0.22375902356629152,0.0,1.0,0.0,0.0,1.0,0.0,0.0,5.27
STU-14687,1.9090138472655243,0.6812228621724556,0.2913419400531602,-0.06063027700949553,0.21840794146537368,-0.90897292603756,-0.778003765989093,1.0,0.0,0.0,0.0,0.0,0.0,1.0,4.61
STU-12789,-0.1731962431327315,-2.1531398994317192,-0.3544132123491219,-0.8287565853169527,-1.3652297600555068,0.5320439249180933,-1.3246974834598668,1.0,0.0,0.0,0.0,1.0,0.0,0.0,3.02
STU-11493,-0.9540250270320775,-1.1627465713495688,-2.110985714067258,-2.2812136046619633,-1.8329586709878365,-0.950144836064865,-0.1580103322093886,1.0,0.0,0.0,1.0,0.0,0.0,0.0,2.09
STU-14843,-0.1731962431327315,1.426570418357992,-2.1880023836198244,1.1125080847691666,1.0585876518438173,-0.90897292603756,2.5620963276923314,0.0,1.0,0.0,0.0,1.0,0.0,0.0,3.87
STU-14325,-0.4334725044325135,1.05900176051307,0.0889263341778272,-0.36788080033247816,1.0585876518438173,-0.8842697800211778,2.5620963276923314,0.0,1.0,0.0,0.0,0.0,1.0,0.0,4.06
STU-13419,-0.1731962431327315,0.3156962524266724,0.688274006208693,0.7214619641762801,1.0585876518438173,-1.8312237106491782,-1.297210089844018,1.0,0.0,0.0,1.0,0.0,0.0,0.0,3.89
STU-10849,0.8679088020663964,1.2550383780303618,1.2461511638650986,0.023165320260409614,1.0585876518438173,-0.31609742164437715,2.0379270022123235,1.0,0.0,0.0,0.0,0.0,1.0,0.0,4.82
STU-14515,-1.4745775496316413,-0.34184323549591017,-1.4741171004595026,-1.0801433771266657,-0.7350949772716739,-1.2218794422450738,-0.14884786767077218,1.0,0.0,0.0,0.0,1.0,0.0,0.0,3.64
STU-13133,1.1281850633661783,-0.8748177893710467,0.7761520009545694,-1.1080752428833012,1.0585876518438173,-1.3948014643597522,-1.0040112246082957,1.0,0.0,1.0,0.0,0.0,0.0,0.0,4.16
STU-10313,0.6076325407666144,0.21563589556888804,-0.9567230639781633,-1.261700504544793,0.1729342973469531,-0.5878320278245861,-0.11525216436251223,1.0,0.0,0.0,0.0,0.0,0.0,1.0,3.02
STU-11134,-1.4745775496316413,0.10740734631455008,-0.341577100757028,-1.2477345716664747,0.6745879903993744,-0.08553472549147244,2.5620963276923314,1.0,0.0,0.0,0.0,1.0,0.0,0.0,2.9
STU-11425,1.6487375859657423,-0.588931055491663,-0.9142651564043123,0.553870769636471,-0.3799674708230544,-0.7195821399119602,1.5187206783573983,1.0,0.0,1.0,0.0,0.0,0.0,0.0,4.16
STU-11610,1.3884613246659603,1.7410458256253138,1.4653524541300935,0.6655982326630103,1.0585876518438173,-0.011425287442324671,0.4650372564165214,1.0,0.0,0.0,0.0,1.0,0.0,0.0,5.29
STU-14604,-0.1731962431327315,0.4606816674655025,-0.5094339446536461,0.2885180449484397,0.06249830448793079,0.08738729662320592,-1.4590802966929064,1.0,0.0,0.0,0.0,0.0,0.0,1.0,3.87
STU-11164,-0.6937487657322955,-0.23361468624157183,0.0657225939921197,-1.1499730415182536,-1.156628440210687,-0.859566634004795,-0.9704155213000357,0.0,1.0,0.0,1.0,0.0,0.0,0.0,3.97
STU-12196,-1.4745775496316413,-0.019199635832034313,-2.055691694901314,-0.3120170688192085,-0.50772675667957,-0.8019259599665687,-0.42372180382926194,0.0,1.0,1.0,0.0,0.0,0.0,0.0,3.12
STU-14244,-0.1731962431327315,0.4811021484568873,-0.34750145995337944,-0.08856214276612975,0.5821970944127415,0.9602317892020584,0.9659186511942138,1.0,0.0,0.0,0.0,0.0,0.0,1.0,4.67
STU-11778,-1.2143012883318594,-0.4112728708666176,0.24888403247931054,-0.1025280756444481,0.1729342973469531,0.4085281948361798,-0.3412596229817149,1.0,0.0,0.0,0.0,1.0,0.0,0.0,3.78
STU-10747,0.6076325407666144,1.0487915200173776,-0.3534258191497295,1.7968387958067198,-0.16631352385396506,0.12032482464504946,-0.5581046170623012,0.0,1.0,0.0,0.0,0.0,1.0,0.0,5.07
STU-13188,-1.4745775496316413,1.949334731737436,1.0842186791648318,0.8052575614461839,0.1729342973469531,0.49087201489078824,-1.1353398829951296,0.0,1.0,0.0,0.0,1.0,0.0,0.0,6.29
STU-14828,0.6076325407666144,-2.2695366410826114,-1.2884871789738315,-1.0522115113700314,-0.857801636003921,0.836716059120145,1.8088653887469155,1.0,0.0,0.0,0.0,0.0,1.0,0.0,3.28
STU-11428,-1.4745775496316413,-0.45823997714680215,0.06720368379120617,0.3024839778267568,0.1729342973469531,0.19443426269419722,2.1142808733674596,0.0,1.0,0.0,0.0,1.0,0.0,0.0,3.27
STU-11169,0.8679088020663964,-1.8652111174531971,-1.2924367517713982,-1.0801433771266657,-2.510732509514777,-0.26669112961161223,-0.08471061590045793,1.0,0.0,0.0,0.0,0.0,1.0,0.0,1.75
STU-12710,-0.9540250270320775,-0.7645471920175704,0.7870133261478799,0.023165320260409614,-0.5322680884260196,-0.3325661856552993,2.5620963276923314,1.0,0.0,1.0,0.0,0.0,0.0,0.0,3.75
STU-11653,0.8679088020663964,-2.0020283400954737,-1.5106506488370022,-1.2896323703014272,-3.102611686929144,-0.7195821399119602,2.0745768603667885,1.0,0.0,0.0,0.0,1.0,0.0,0.0,2.19
STU-14900,-0.6937487657322955,0.448429378870672,-0.06806918452548046,0.42817737373161324,0.8095653150048454,0.34265313879249276,-1.019281998839323,0.0,1.0,0.0,0.0,0.0,0.0,1.0,4.83
STU-14015,-0.1731962431327315,-0.2907920330174488,-1.102857257488159,0.4421433066099316,0.2812048785812886,0.13679358865597085,-0.7199748239111896,1.0,0.0,0.0,0.0,1.0,0.0,0.0,3.85
STU-14343,-0.4334725044325135,-0.6399822579701244,-1.350692950535519,-1.4013598333279667,-1.2482975323224241,-0.06083157947509033,-1.0956358699944588,0.0,1.0,0.0,0.0,1.0,0.0,0.0,2.95
STU-11885,-1.4745775496316413,0.22584613606458048,-0.47586257587432224,-0.7030631894120962,1.0585876518438173,0.4085281948361798,-0.3992885650596184,1.0,0.0,0.0,0.0,0.0,0.0,1.0,3.96
STU-11140,-0.9540250270320775,0.8976799606811322,0.7218453749880154,1.6152816683885936,1.0585876518438173,-0.8430978699938729,-0.2832306809038117,0.0,1.0,0.0,0.0,0.0,0.0,1.0,4.96
STU-12828,-0.6937487657322955,0.9201424897716551,1.2708359938498952,1.573383869753641,1.0585876518438173,-0.5301913537863597,-0.011410899591527291,0.0,1.0,0.0,0.0,0.0,1.0,0.0,5.64
STU-14940,-0.9540250270320775,0.46476576366377964,0.6349547734415313,-1.1499730415182536,1.0585876518438173,0.24384055472696214,0.41006246918482353,1.0,0.0,1.0,0.0,0.0,0.0,0.0,4.37
STU-13552,0.34735627946683245,-0.025325780129449547,0.5431272058980882,1.6013157355102765,0.6615955206512537,-0.06083157947509033,-0.1580103322093886,1.0,0.0,0.0,0.0,0.0,0.0,1.0,5.8
STU-11989,-0.9540250270320775,1.3326362057976229,0.7218453749880154,1.713043198536816,1.0585876518438173,0.02151224057951886,0.5933117599571499,0.0,1.0,0.0,0.0,0.0,0.0,1.0,5.53
STU-13892,-0.4334725044325135,2.20867484032802,1.3409409110067187,0.8611212929594536,1.0585876518438173,0.6390908909890846,-0.6894332754491354,1.0,0.0,1.0,0.0,0.0,0.0,0.0,6.74
STU-13531,0.34735627946683245,-0.9952986272202156,-0.5281944154420914,-1.5829169607460927,-1.8827631383556307,0.6143877449727017,0.3703584561841528,1.0,0.0,0.0,0.0,1.0,0.0,0.0,2.28
STU-11472,-0.9540250270320775,0.015515181853319404,1.5048481821057689,-1.513087296354506,1.0585876518438173,0.5732158349453974,-0.09998139013148509,0.0,1.0,0.0,0.0,1.0,0.0,0.0,4.55
STU-13968,1.3884613246659603,-0.023283732030311134,-0.9162399428030956,-0.13045994140108233,-0.6816814905294021,0.4085281948361798,-0.3443137778279203,1.0,0.0,0.0,0.0,0.0,0.0,1.0,3.59
STU-12928,1.9090138472655243,-0.5052070834269863,0.38218211439721245,0.819223494324501,-1.2959365880655327,0.05444976860136239,0.2084882493352644,1.0,0.0,0.0,1.0,0.0,0.0,0.0,3.46
STU-10079,-0.9540250270320775,0.12782782730593456,0.7889881125466632,1.0426784203775796,0.411129576062491,0.7543722390655365,1.6439410270518213,0.0,1.0,0.0,0.0,1.0,0.0,0.0,3.86
STU-12890,0.34735627946683245,-0.9687520019314156,-1.8779609190107778,-0.8706543839519053,0.1729342973469531,1.2896070694204937,1.9493565116723655,1.0,0.0,0.0,1.0,0.0,0.0,0.0,2.76
STU-14834,0.08708001816705048,0.3749156473016874,1.2017184698924654,0.009199387382091261,-0.2984036329598542,-0.8430978699938729,1.3873920199705643,1.0,0.0,0.0,1.0,0.0,0.0,0.0,4.75
STU-14767,-0.1731962431327315,1.3265100615002072,0.0657225939921197,-0.8147906524386356,1.0585876518438173,-1.0489574201303948,-0.8513034822980237,1.0,0.0,0.0,0.0,0.0,1.0,0.0,4.5
STU-10761,-1.2143012883318594,0.4157566092844567,1.5048481821057689,0.5818026353931052,1.0585876518438173,-0.011425287442324671,1.280496600353374,1.0,0.0,1.0,0.0,0.0,0.0,0.0,4.81
STU-12846,-0.1731962431327315,-0.48478660243560184,0.6369295598403146,-1.163938974396571,1.0585876518438173,0.5238095429126318,1.3721212457395375,1.0,0.0,0.0,0.0,0.0,0.0,1.0,4.61
STU-12601,-0.4334725044325135,-0.023283732030311134,0.0657225939921197,1.7968387958067198,-1.066402955848741,-0.5466601177972819,-0.7199748239111896,1.0,0.0,0.0,1.0,0.0,0.0,0.0,3.99
STU-12213,0.6076325407666144,0.35857926250857974,0.37329557560268667,-1.5549850949894586,1.0585876518438173,0.7790753850819193,0.22070486872008616,1.0,0.0,0.0,0.0,0.0,1.0,0.0,5.45
STU-13757,1.3884613246659603,0.8200821329138704,0.02968274221431556,0.3304158435833922,0.08631783235948448,-0.8183947239774908,-0.5550504622160959,1.0,0.0,1.0,0.0,0.0,0.0,0.0,4.03
STU-12716,1.1281850633661783,-1.4976424596082754,-1.0682984955094441,-0.03269841125286007,-1.259846394320754,-2.5558493271297356,0.33676275287589286,1.0,0.0,1.0,0.0,0.0,0.0,0.0,3.46
STU-10073,-1.2143012883318594,-1.3771616217591065,0.7870133261478799,-0.39581266608911364,0.1729342973469531,1.6354511136498504,-0.24658082274934637,0.0,1.0,0.0,0.0,0.0,0.0,1.0,3.92
STU-11009,0.08708001816705048,0.4341350421767028,0.9380844856548362,-0.13045994140108233,0.5331144309198422,-0.21728483757884656,-1.0925817151482533,0.0,1.0,1.0,0.0,0.0,0.0,0.0,5.26
STU-10077,-0.4334725044325135,-2.057163638772212,-0.8668702828335021,-0.6611653907771436,-2.038672775333074,0.02974662258497956,0.040509732793965185,1.0,0.0,0.0,0.0,0.0,0.0,1.0,2.85
STU-10667,-1.4745775496316413,2.0759417138840206,0.0657225939921197,1.0985421518908494,0.29491915220430426,0.48263763288532757,-0.7596788369118603,1.0,0.0,1.0,0.0,0.0,0.0,0.0,4.57
STU-11121,-0.1731962431327315,0.7465684013448862,-0.9893070395580948,0.051097186017043834,-1.6734400146359154,2.121279651972042,1.0056226641948842,0.0,1.0,1.0,0.0,0.0,0.0,0.0,4.11
STU-12558,0.6076325407666144,-0.023283732030311134,-0.8787190012262049,0.6237004340280577,0.40463334118843064,1.4542947095297107,-0.14273955797836144,1.0,0.0,0.0,0.0,0.0,1.0,0.0,4.02
STU-10729,-0.6937487657322955,-2.222569534802427,-1.5155876148339613,-0.39581266608911364,-0.6607491781574302,-1.3700983183433695,0.4131166240310289,0.0,1.0,0.0,0.0,0.0,0.0,1.0,3.2
STU-14197,-1.4745775496316413,-0.17643733946569523,0.21037569770302758,1.2242355477957059,-0.3301630034552592,0.8531848231310664,-0.5214547589078359,1.0,0.0,0.0,1.0,0.0,0.0,0.0,3.74
STU-11410,-0.4334725044325135,-0.5501321416080325,1.1039665431526695,0.98681468886431,-1.1522976169613135,0.35088752079795343,-0.1580103322093886,1.0,0.0,0.0,0.0,0.0,1.0,0.0,3.53
STU-10676,-1.4745775496316413,-1.0443077815995385,0.8156477289302433,0.7493938299329143,-1.025260134979694,2.1953890900211896,-1.532380013001837,0.0,1.0,0.0,0.0,0.0,0.0,1.0,4.85
STU-12584,0.34735627946683245,1.2550383780303618,1.0387985919928064,1.7549409971717673,0.31440785682648437,-0.3572693316716814,-1.3308057931522779,1.0,0.0,0.0,0.0,1.0,0.0,0.0,4.96
STU-11633,-0.4334725044325135,1.293837291913992,0.0657225939921197,1.5314860711186886,1.0585876518438173,-0.7113477579064995,0.205434094489059,1.0,0.0,0.0,1.0,0.0,0.0,0.0,4.59
STU-14466,0.08708001816705048,0.8017037000216244,0.4819088275357918,0.023165320260409614,1.0585876518438173,-0.7113477579064995,1.5798037752815073,1.0,0.0,0.0,0.0,0.0,0.0,1.0,4.35
STU-14918,-1.4745775496316413,1.410234033564884,0.16594300373039314,0.819223494324501,1.0585876518438173,-0.7525196679338038,-0.18549772582523752,1.0,0.0,0.0,0.0,0.0,0.0,1.0,5.41
STU-13294,0.08708001816705048,0.8915538163837167,1.3103317218255706,0.5259389038798356,1.0585876518438173,0.7049659470327716,2.4868877646045235,1.0,0.0,0.0,0.0,0.0,0.0,1.0,5.78
STU-13216,-0.1731962431327315,0.5709522648189792,0.41970305597410446,0.4561092394882487,1.0585876518438173,0.4249969588471012,-0.4573175071375216,0.0,1.0,1.0,0.0,0.0,0.0,0.0,4.9
STU-12754,-0.1731962431327315,1.406149937366607,0.02178359661918077,-1.2477345716664747,1.0585876518438173,1.4460603275242498,0.758236121652244,1.0,0.0,1.0,0.0,0.0,0.0,0.0,5.02
STU-11729,0.6076325407666144,-0.15397481037517236,0.0657225939921197,-0.9823818469784447,1.0585876518438173,-0.6537070838682731,-1.1994771347654438,1.0,0.0,0.0,1.0,0.0,0.0,0.0,4.92
STU-13010,-1.4745775496316413,-0.9687520019314156,-2.664913298926097,-0.8427225181952698,-1.0093804497319914,-2.012380114769318,-1.3430224125370995,1.0,0.0,1.0,0.0,0.0,0.0,0.0,3.33
STU-14809,-0.4334725044325135,-0.5868890073925246,-2.400291921489076,-0.7030631894120962,-0.7314859578971963,2.187154708015729,-0.46342581682993267,1.0,0.0,0.0,0.0,0.0,0.0,1.0,3.14
STU-10081,0.08708001816705048,0.497438533249995,1.5048481821057689,1.6152816683885936,1.0585876518438173,1.536638529584319,-0.991794605223474,1.0,0.0,0.0,0.0,0.0,1.0,0.0,5.84
STU-14471,1.1281850633661783,-0.36838986078470987,-0.2023546596427747,-1.5270532292328232,0.1729342973469531,-0.5301913537863597,-0.7352455981422168,1.0,0.0,0.0,0.0,1.0,0.0,0.0,2.81
STU-14516,-0.1731962431327315,-0.12947023318551068,0.0657225939921197,-0.8287565853169527,1.0585876518438173,-0.42314438771536844,0.47725387580134315,1.0,0.0,1.0,0.0,0.0,0.0,0.0,4.95
STU-13316,-0.9540250270320775,-1.4547594495263678,-0.7701057492930998,-0.5773697935072397,-0.8534708127545475,-2.2923491029549874,1.472908355664317,1.0,0.0,0.0,1.0,0.0,0.0,0.0,2.82
STU-11521,-1.4745775496316413,0.7220638241552249,1.5048481821057689,0.7354278970545971,1.0585876518438173,-0.42314438771536844,-0.6619458818332862,0.0,1.0,0.0,1.0,0.0,0.0,0.0,5.43
STU-10959,-0.1731962431327315,-0.021241683931172723,-0.6723538225533039,-0.36788080033247816,0.25305452746036133,-1.7488798905945697,1.8516235565937917,0.0,1.0,1.0,0.0,0.0,0.0,0.0,3.76
STU-12504,-1.4745775496316413,0.2993598676335647,-2.3370987567279964,1.238201480674023,0.895459976117418,-0.1349410175242381,-0.13357709343974503,1.0,0.0,0.0,0.0,0.0,0.0,1.0,4.66
STU-10196,0.34735627946683245,-1.3771616217591065,-1.7101040751141596,-0.38184673321079526,-2.3302815407908843,0.4414657228580233,-1.0803650957634316,1.0,0.0,0.0,1.0,0.0,0.0,0.0,2.89
STU-14428,-0.9540250270320775,-0.6318140655735707,1.2254159066778698,0.10696091753031352,0.6522120702776116,0.8696535871419893,0.1687842363345937,1.0,0.0,0.0,0.0,0.0,0.0,1.0,4.4
STU-13780,2.1692901085653062,-0.023283732030311134,0.8936517916822017,0.5259389038798356,1.0160012232249784,-1.1230668581795433,0.08326790064084126,1.0,0.0,1.0,0.0,0.0,0.0,0.0,5.17
STU-14993,1.9090138472655243,-0.06820879021135727,-0.4541399254877012,0.42817737373161324,0.659430109026567,0.7049659470327716,1.0697599159651987,1.0,0.0,0.0,0.0,1.0,0.0,0.0,4.39
STU-11415,0.6076325407666144,-0.023283732030311134,-2.837830532969599,-0.5354719948722872,-1.7947030656183713,0.10385606063412732,-1.24223530261232,1.0,0.0,0.0,1.0,0.0,0.0,0.0,2.89
STU-10925,0.08708001816705048,-1.9652714743109816,-1.7634233078813197,-2.0717246114872014,-0.43843358468959465,1.1002162832948932,-0.2160392742872918,0.0,1.0,0.0,0.0,0.0,0.0,1.0,1.98
STU-11456,1.6487375859657423,0.4790601003577489,-0.9527734911805952,-0.6611653907771436,0.1729342973469531,-0.23375360158976868,-0.6558375721408755,1.0,0.0,0.0,0.0,0.0,0.0,1.0,3.77
STU-10994,-0.1731962431327315,-1.5384834215910446,-0.3790980423339186,-1.7505081552859019,0.45299420080643393,-1.7159423625727261,-0.2740682163651953,0.0,1.0,0.0,0.0,0.0,1.0,0.0,3.72
STU-12010,0.34735627946683245,0.7424843051466093,-0.043384354540683706,-0.7868587866820002,1.0585876518438173,0.836716059120145,0.0679971264098141,1.0,0.0,0.0,0.0,0.0,1.0,0.0,4.77
STU-13449,0.34735627946683245,0.7526945456423018,0.0657225939921197,1.7968387958067198,1.0585876518438173,0.836716059120145,-1.3277516383060723,0.0,1.0,0.0,0.0,0.0,0.0,1.0,5.18
STU-10589,0.6076325407666144,0.55665792812501,1.4080836485653652,0.7214619641762801,1.0585876518438173,0.32618437478157136,0.9628644963480084,1.0,0.0,0.0,0.0,0.0,0.0,1.0,5.36
STU-13815,-0.4334725044325135,1.8472323267805133,1.5048481821057689,1.3778608094571978,1.0585876518438173,0.8861223511529106,-1.7767124006982722,1.0,0.0,0.0,0.0,1.0,0.0,0.0,6.55
STU-13226,0.8679088020663964,1.0140767023320234,0.8660047820992292,0.9030190915944062,-0.9906135489847062,2.005998303895589,-0.778003765989093,1.0,0.0,0.0,0.0,0.0,0.0,1.0,4.41
STU-10203,0.6076325407666144,-0.023283732030311134,-0.18063200925615228,0.34438177646170937,0.3302875420741868,-0.28315989362253363,0.6452323923426423,1.0,0.0,1.0,0.0,0.0,0.0,0.0,4.82
STU-12462,-0.1731962431327315,2.595387699102364,-1.415860901695382,-0.13045994140108233,0.4898061984261084,-0.39844124169898637,-0.3931802553672074,1.0,0.0,0.0,0.0,0.0,1.0,0.0,3.36
STU-14550,0.6076325407666144,-0.4092308227674792,-2.1840528108222568,-0.24218740442762168,-0.3749148436987848,-1.806520564632796,-0.29239314544242784,0.0,1.0,0.0,0.0,1.0,0.0,0.0,3.06
STU-12185,0.8679088020663964,1.001824413737193,1.4574533085349588,0.7633597628112313,0.14694935785071261,-0.5631288818082033,0.43754986280067243,1.0,0.0,1.0,0.0,0.0,0.0,0.0,4.9
STU-11762,-0.9540250270320775,0.5729943129181176,-1.9757128457505724,-0.3120170688192085,0.4587686318055984,-0.6207695558464297,-0.991794605223474,1.0,0.0,1.0,0.0,0.0,0.0,0.0,4.04
STU-13730,0.8679088020663964,0.9017640568794091,0.2469092460805272,0.6376663669063749,1.0585876518438173,0.48263763288532757,0.013022339178116259,0.0,1.0,0.0,1.0,0.0,0.0,0.0,5.6
STU-11436,0.34735627946683245,-0.17031119516828,0.5273289147078172,0.051097186017043834,0.1491147694753994,-0.8101603419720301,2.5620963276923314,0.0,1.0,0.0,0.0,0.0,1.0,0.0,4.42
STU-11048,0.6076325407666144,0.07473457672833478,-0.015737344957711237,-0.6611653907771436,1.0585876518438173,-0.052597197469628904,-0.9490364373765977,1.0,0.0,0.0,0.0,0.0,0.0,1.0,3.31
STU-11517,-1.4745775496316413,1.871736903970175,0.46808532274430553,0.4561092394882487,1.0585876518438173,1.1331538113167374,-0.1580103322093886,1.0,0.0,0.0,0.0,0.0,1.0,0.0,5.32
STU-10637,2.1692901085653062,-0.05187240541824962,0.10867419816566487,-0.22822147154930458,1.0585876518438173,-0.8019259599665687,-0.65278341729467,0.0,1.0,0.0,0.0,0.0,0.0,1.0,4.32
STU-13092,1.3884613246659603,1.3796033120778075,0.6053329774597755,0.9169850244727232,0.44649796593237356,-0.1514097815351595,-1.1750438959958003,1.0,0.0,0.0,0.0,1.0,0.0,0.0,4.57
STU-10507,0.34735627946683245,-0.6481504503666784,0.37724514840025336,-0.15839180715771778,-0.12228348748533531,1.7754356077426852,0.0008057197932944839,1.0,0.0,0.0,1.0,0.0,0.0,0.0,4.21
STU-12076,-0.4334725044325135,0.5219431104396562,1.5048481821057689,1.7968387958067198,1.0585876518438173,-1.4195046103761344,-0.7871662305277093,0.0,1.0,0.0,0.0,0.0,0.0,1.0,5.63
STU-11532,2.559704500514979,0.3156962524266724,0.0657225939921197,1.0007806217426272,-0.8303730887578897,-2.2511771929276834,-0.005302589899116539,0.0,1.0,0.0,0.0,0.0,0.0,1.0,4.25
STU-11596,-0.6937487657322955,2.243389658013374,0.8176225153290281,1.7968387958067198,0.7474901817638264,-0.019659669447785372,-0.6130794042939993,1.0,0.0,1.0,0.0,0.0,0.0,0.0,5.4
STU-10824,0.6076325407666144,-0.20911010905191055,1.5048481821057689,0.06506311889536094,-0.8549144205043393,-0.5631288818082033,-0.1580103322093886,0.0,1.0,0.0,1.0,0.0,0.0,0.0,4.0
STU-10638,-0.4334725044325135,-0.004905299138065071,-0.21617816443426094,0.16282464904358318,1.0585876518438173,0.9849349352184406,0.8956730897314885,1.0,0.0,0.0,0.0,1.0,0.0,0.0,4.75
STU-14627,0.08708001816705048,0.021641326150735,0.27258146926471494,0.23265431343516998,0.06755093161219929,1.1660913393385803,-1.5171092387708098,0.0,1.0,0.0,1.0,0.0,0.0,0.0,3.37
STU-12353,0.34735627946683245,0.27893938664218026,0.35552249801363234,-0.07459620988781264,-0.9732902559872129,-2.168833372873074,-1.06814847637861,1.0,0.0,0.0,0.0,0.0,0.0,1.0,3.8
STU-12256,2.559704500514979,-0.11721794459068023,-0.20926641203851712,-0.06063027700949553,-0.2738623012134046,1.4789978555460943,-0.27712237121140065,1.0,0.0,1.0,0.0,0.0,0.0,0.0,4.18
STU-13562,-1.4745775496316413,-0.4378194961554173,-0.5805262550098607,0.1907565148002174,0.6298361501558488,0.40029381283071913,0.16267592664218267,1.0,0.0,0.0,0.0,1.0,0.0,0.0,4.3
STU-13214,-0.1731962431327315,-1.9244305123282126,0.0657225939921197,-2.2672476717836463,-0.44492981956365507,0.5073407789017104,-0.9276573534531597,1.0,0.0,1.0,0.0,0.0,0.0,0.0,2.48
STU-11330,-1.4745775496316413,-2.1429296589360267,-0.4650012506810117,-1.2058367730315234,-1.3233651353115639,-0.678410229884656,0.11075529425669019,1.0,0.0,0.0,0.0,1.0,0.0,0.0,2.22
STU-12829,2.1692901085653062,0.11557553871110372,-0.6150850169885755,-0.03269841125286007,-0.17353156260292033,-0.9419104540594035,0.08632205548704663,1.0,0.0,0.0,0.0,0.0,0.0,1.0,3.58
STU-12251,0.34735627946683245,-0.7951779135046468,1.0052272232134825,0.4561092394882487,0.1729342973469531,1.8001387537590674,-0.30155560998104425,0.0,1.0,0.0,1.0,0.0,0.0,0.0,4.52
STU-11182,2.1692901085653062,2.595387699102364,0.36539643000755045,-1.2058367730315234,-0.09124592086482633,-0.24198798359522938,-0.7108123593725733,0.0,1.0,0.0,0.0,0.0,1.0,0.0,3.73
STU-12116,-0.6937487657322955,2.595387699102364,-0.8204628024620844,-1.848269685434124,-0.13311054560876928,0.23560617272150144,-0.9123865792221324,1.0,0.0,0.0,0.0,0.0,0.0,1.0,2.73
STU-11820,-1.4745775496316413,-0.8319347792891394,-0.9675843891714738,-1.359462034693014,-1.4850492032881712,0.7049659470327716,0.6452323923426423,1.0,0.0,0.0,0.0,1.0,0.0,0.0,3.12
STU-13367,-0.4334725044325135,-1.3485729483711684,0.6675387490214628,-0.9404840483434921,-0.6542529432833708,-0.1349410175242381,0.6269074632654096,1.0,0.0,0.0,0.0,0.0,0.0,1.0,3.42
STU-11246,-0.9540250270320775,-0.1601009546725876,0.27949322166045876,-0.4516763976023833,-0.03999784574724028,0.7461378570600758,-0.9032241146835162,0.0,1.0,0.0,1.0,0.0,0.0,0.0,4.64
STU-14722,-1.4745775496316413,0.4361770902758412,0.5056062643211962,0.1907565148002174,-0.11145642936190135,0.21090302670511862,-0.08165646105425256,1.0,0.0,0.0,1.0,0.0,0.0,0.0,5.55
STU-11872,-0.9540250270320775,-2.2695366410826114,-1.1522269174577526,-0.772892853803683,-0.8484181856302789,-0.637238319857351,0.17489254602700444,0.0,1.0,0.0,1.0,0.0,0.0,0.0,2.66
STU-11113,-0.6937487657322955,-0.46232407334507897,-0.556828818224455,-1.2756664374231101,-1.003606018732826,-1.5512547224635085,0.037455577947759805,1.0,0.0,0.0,1.0,0.0,0.0,0.0,1.32
STU-11822,0.08708001816705048,0.8935958644828547,1.4179575805592848,-1.3734279675713312,0.1729342973469531,2.38477987614679,-0.756624682065655,1.0,0.0,0.0,0.0,0.0,0.0,1.0,4.42
STU-14732,2.559704500514979,1.9391244912417438,0.0657225939921197,1.4895882724837373,1.0585876518438173,-0.17611292755154234,0.33065444318348214,0.0,1.0,0.0,0.0,0.0,0.0,1.0,5.5
STU-10395,-1.2143012883318594,-0.20094191665535655,0.2814680080592421,1.7968387958067198,-0.1648699161041742,-0.08553472549147244,-0.28628483575001706,1.0,0.0,0.0,0.0,0.0,0.0,1.0,5.11
STU-11615,-0.4334725044325135,1.6532377573623604,0.9183366216669985,1.7828728629284027,1.0585876518438173,-1.2383482062559954,0.019130648870527008,1.0,0.0,0.0,0.0,0.0,1.0,0.0,5.12
STU-11953,-0.4334725044325135,0.5035646775474102,0.939071878854227,-0.004766545496225848,0.13179147647790507,-1.263051352272378,-1.0162278439931174,1.0,0.0,1.0,0.0,0.0,0.0,0.0,4.35
STU-12204,-0.4334725044325135,-1.0565600701943691,-2.229472897994283,-0.9125521825868579,-1.5478461404040862,-1.8312237106491782,-1.7767124006982722,1.0,0.0,0.0,0.0,1.0,0.0,0.0,2.13
STU-13013,1.3884613246659603,0.6832649102715944,1.179995819505843,1.6013157355102765,0.8839111141190892,-0.7442852859283431,-1.5690298711563022,1.0,0.0,1.0,0.0,0.0,0.0,0.0,5.51
STU-12830,0.34735627946683245,0.9691516441509778,0.5302910943059929,-0.6332335250205094,0.1729342973469531,-1.0242542741140128,-1.214747908996471,1.0,0.0,0.0,1.0,0.0,0.0,0.0,4.97
STU-11501,2.1692901085653062,0.624045515396579,0.6626017830245038,0.8471553600811365,1.0585876518438173,-0.41491000570990777,0.23292148810490793,1.0,0.0,0.0,0.0,0.0,0.0,1.0,4.54
STU-13076,0.6076325407666144,-0.3867682936769559,0.020796203419788394,-1.3035983031797445,-2.256657545551536,-0.2749255116170729,-0.1580103322093886,0.0,1.0,1.0,0.0,0.0,0.0,0.0,3.87
STU-14798,0.6076325407666144,-0.023283732030311134,0.5845977202725469,-0.11649400852276522,-0.05587753099494274,-0.044362815464168204,-0.008356744745321915,1.0,0.0,0.0,0.0,1.0,0.0,0.0,3.49
STU-14423,-0.9540250270320775,-0.713495989539109,-0.7009882253356687,-0.3120170688192085,-1.238914081948782,-1.3453951723269866,-0.054169067438403634,1.0,0.0,1.0,0.0,0.0,0.0,0.0,3.05
STU-11869,-1.4745775496316413,0.07065048053005796,0.8195973017278114,0.6655982326630103,0.1729342973469531,-0.2749255116170729,-0.7260831336036006,1.0,0.0,0.0,0.0,0.0,0.0,1.0,4.53
STU-14826,1.9090138472655243,-0.023283732030311134,0.0849767613802605,0.35834770934002647,1.0585876518438173,1.4131227995024072,1.6714284206676704,1.0,0.0,0.0,0.0,0.0,1.0,0.0,4.41
STU-11132,-0.4334725044325135,0.6812228621724556,0.555963317490182,-1.359462034693014,-0.4268847226912658,-1.9135675307037874,0.03134726825534878,1.0,0.0,0.0,1.0,0.0,0.0,0.0,3.61
STU-10468,-1.4745775496316413,-1.8223281073712898,-2.3153761063413754,-0.03269841125286007,-2.2285071944306085,-0.3243318036498379,2.5620963276923314,1.0,0.0,0.0,0.0,0.0,1.0,0.0,2.4
STU-13702,-1.4745775496316413,0.15845854879301144,0.26665711006836346,-0.3399489345758439,0.5497159200424406,0.7543722390655365,-0.07249399651563616,1.0,0.0,0.0,0.0,0.0,0.0,1.0,3.91
STU-11879,-0.9540250270320775,-0.19685782045707972,-0.42550552270533637,0.38627957509666194,1.0585876518438173,-0.2584567476061508,-0.11830631920871788,0.0,1.0,0.0,0.0,0.0,1.0,0.0,4.25
STU-12056,0.34735627946683245,-0.017157587732895902,-2.1682545196319873,-1.9599971484606635,0.0220772874937787,0.5238095429126318,0.1260260684877176,0.0,1.0,0.0,1.0,0.0,0.0,0.0,4.05
STU-14469,-0.9540250270320775,-1.050433925896954,-0.8816811808243807,-0.8008247195603185,-1.7658309106225485,-0.11023787150785526,-0.6985957399877515,0.0,1.0,0.0,0.0,1.0,0.0,0.0,3.17
STU-10752,-0.1731962431327315,0.5872886496120868,-0.5894127938043865,0.9309509573510404,-0.2854111632117345,0.9519974071965978,-0.8177077789897638,1.0,0.0,1.0,0.0,0.0,0.0,0.0,4.12
STU-13926,-0.1731962431327315,-0.6910334604485857,0.15409428533769026,-0.6890972565337792,0.06105469673813994,-0.07730034348601174,-0.5489421525236851,1.0,0.0,0.0,0.0,1.0,0.0,0.0,3.58
STU-10463,1.1281850633661783,0.029809518547288645,-0.1411362812804783,-0.14442587427939943,-0.2565390082159113,-0.8678010160102557,-0.1580103322093886,0.0,1.0,0.0,0.0,1.0,0.0,0.0,3.7
STU-14206,-1.4745775496316413,-1.7140995581169516,0.01190966462526123,0.13489278328694773,-0.07680984336691472,0.12855920665051015,-1.2025312896116493,0.0,1.0,1.0,0.0,0.0,0.0,0.0,3.71
STU-14107,-1.4745775496316413,0.7649468342371323,0.27751843526167397,-0.06063027700949553,1.0585876518438173,-0.06083157947509033,0.9292687930397483,0.0,1.0,0.0,1.0,0.0,0.0,0.0,5.06
STU-14881,2.559704500514979,0.4137145611853183,-0.19248072764885515,0.14885871616526608,0.17798692447122158,0.5155751609071711,2.5620963276923314,0.0,1.0,0.0,0.0,0.0,0.0,1.0,4.41
STU-10592,2.1692901085653062,1.6144388434787293,1.0852060723642243,0.5119729710015184,1.0585876518438173,-1.2054106782341518,-1.233072838073704,1.0,0.0,0.0,1.0,0.0,0.0,0.0,4.32
STU-14794,0.34735627946683245,-0.023283732030311134,1.0842186791648318,-1.191870840153205,-0.5856815751682914,-0.21728483757884656,-0.10914385467010149,1.0,0.0,0.0,0.0,0.0,0.0,1.0,4.2
STU-13839,-1.4745775496316413,-1.4404651128323989,-1.3319324797470735,-0.5634038606289227,0.1729342973469531,0.2850124647542664,0.4222790885696453,0.0,1.0,0.0,0.0,0.0,0.0,1.0,3.62
STU-10483,1.1281850633661783,0.9528152593578705,-1.2746636741823454,0.7773256956895485,0.1729342973469531,0.5320439249180933,1.0453266771955552,0.0,1.0,0.0,0.0,0.0,0.0,1.0,6.13
STU-12913,-0.4334725044325135,0.4953964851508562,-0.5982993325989137,0.023165320260409614,1.0585876518438173,0.12032482464504946,-0.7016498948339571,0.0,1.0,0.0,0.0,1.0,0.0,0.0,4.07
STU-14149,-1.4745775496316413,0.3095701081292571,0.2607327508720134,1.3359630108222453,-0.09774215573888569,0.13679358865597085,0.9720269608866245,1.0,0.0,0.0,0.0,0.0,0.0,1.0,4.55
STU-14148,-0.4334725044325135,0.46272371556464126,0.28739236725559353,1.7968387958067198,0.6269489346562661,0.8614192051365286,0.8468066121922014,0.0,1.0,0.0,0.0,0.0,1.0,0.0,5.17
STU-14540,-0.4334725044325135,1.0344971833234085,1.1770336399076688,1.7968387958067198,0.60673842615919,-2.716419776236223,0.07410543610222486,0.0,1.0,0.0,0.0,0.0,0.0,1.0,5.22
STU-13572,-0.4334725044325135,0.7424843051466093,1.4120332213629334,1.7968387958067198,-0.11867446811085766,-0.9007385440320993,-0.9795779858386522,1.0,0.0,0.0,0.0,1.0,0.0,0.0,5.3
STU-13257,0.6076325407666144,-0.4337353999571405,-0.304056159180136,-0.9684159141001275,-1.4489590095433929,-1.8888643846874045,0.5994200696495606,1.0,0.0,0.0,0.0,0.0,0.0,1.0,2.42
STU-12901,-0.4334725044325135,-0.1376384255820647,-0.12138841729264063,-0.9404840483434921,0.21696433371558282,0.6555596550000059,-0.8787908759138726,1.0,0.0,1.0,0.0,0.0,0.0,0.0,4.39
STU-11840,0.08708001816705048,-1.2975217458927069,-0.4097072315150668,-0.5494379277506043,-1.1111547960922665,1.3719508894751022,0.9323229478859536,1.0,0.0,0.0,0.0,1.0,0.0,0.0,3.7
STU-13494,-0.4334725044325135,0.5484897357284564,1.4456045901422572,1.4616564067271016,0.8420464893751463,-0.15964416354062091,-1.028444463377939,1.0,0.0,0.0,0.0,0.0,1.0,0.0,4.38
STU-11327,-0.1731962431327315,0.2891496271378723,-1.8779609190107778,0.3304158435833922,-0.4175012723176237,-0.011425287442324671,-1.7095209940817526,1.0,0.0,0.0,0.0,0.0,1.0,0.0,4.77
STU-12910,-0.4334725044325135,-1.5874925759703675,-0.7622066036979637,-0.2980511359408914,0.02279909136867464,-1.3289264083160652,-0.3229346939044824,0.0,1.0,1.0,0.0,0.0,0.0,0.0,4.13
STU-10490,-1.4745775496316413,0.6628444292802095,-0.380085435533311,1.154405883404119,1.0585876518438173,-1.4277389923815957,-0.1580103322093886,1.0,0.0,0.0,0.0,0.0,1.0,0.0,3.94
STU-14071,-1.4745775496316413,-0.1315122812846491,-0.49857261946033565,-1.024279645613396,0.1729342973469531,-0.07730034348601174,-0.5214547589078359,1.0,0.0,1.0,0.0,0.0,0.0,0.0,3.37
STU-11544,-0.9540250270320775,1.3408043981941766,0.5934842590670726,0.023165320260409614,0.5540467432918141,0.02151224057951886,0.7673985861908601,1.0,0.0,0.0,0.0,1.0,0.0,0.0,4.18
STU-13719,-0.1731962431327315,-0.9993827234184925,-0.10953969889993775,-0.11649400852276522,-1.4402973630446465,-1.4359733743870564,0.2878962753366058,1.0,0.0,1.0,0.0,0.0,0.0,0.0,3.29
STU-12878,-0.4334725044325135,-0.6685709313580629,-2.092225243278813,0.009199387382091261,-1.1703427138337028,-2.716419776236223,-1.3552390319219214,0.0,1.0,1.0,0.0,0.0,0.0,0.0,2.99
STU-14901,-0.1731962431327315,1.643027516866668,0.8709417480961883,1.0007806217426272,1.0585876518438173,-0.39844124169898637,0.3703584561841528,0.0,1.0,0.0,0.0,0.0,0.0,1.0,5.47
STU-13162,0.08708001816705048,-0.5542162378063092,-0.6200219829855347,-2.3789751348101853,-0.029892591498702263,-1.4936140484252822,0.3550876819531257,1.0,0.0,1.0,0.0,0.0,0.0,0.0,3.55
STU-10323,-1.2143012883318594,-0.8503132121813852,-0.8945172924164746,-2.4907025978367243,-0.8036663453867533,1.4542947095297107,-0.8238160886821746,0.0,1.0,0.0,0.0,1.0,0.0,0.0,2.64
STU-14583,-0.1731962431327315,0.7588206899397171,1.422894546556244,1.7968387958067198,1.0585876518438173,0.8861223511529106,-1.1780980508420058,0.0,1.0,0.0,0.0,0.0,0.0,1.0,5.85
STU-10113,-1.4745775496316413,0.2095097512714728,-1.2094957230224808,-2.0717246114872014,-0.038554237997449434,0.6226221269781624,-0.5978086300629719,1.0,0.0,0.0,0.0,0.0,1.0,0.0,2.66
STU-13140,0.08708001816705048,-0.24178287863812584,-0.6091606577922242,-0.758926920925366,0.8391592738755635,0.16973111667781438,-0.21909342913349744,1.0,0.0,0.0,1.0,0.0,0.0,0.0,4.09
STU-11977,0.08708001816705048,1.1120950110906693,1.5048481821057689,0.9169850244727232,1.0585876518438173,0.8284816771146842,0.8254275282687633,1.0,0.0,0.0,0.0,0.0,1.0,0.0,5.18
STU-13996,0.34735627946683245,0.36470540680599534,0.3644090368081595,0.40024550797497904,0.8904073489931495,0.8614192051365286,-0.4328842683678781,0.0,1.0,0.0,0.0,0.0,0.0,1.0,4.64
STU-10874,1.6487375859657423,0.36470540680599534,-0.7464083125076941,-0.9544499812218091,-0.27747132058788326,1.7013261696935376,0.22375902356629152,1.0,0.0,0.0,0.0,1.0,0.0,0.0,3.77
STU-13037,-0.4334725044325135,1.4572011398450686,0.8768661072925397,-0.4935741962373346,1.0585876518438173,0.12032482464504946,0.8956730897314885,0.0,1.0,0.0,1.0,0.0,0.0,0.0,4.98
STU-13549,0.6076325407666144,2.595387699102364,-2.1336957576532716,-0.14442587427939943,-0.47091475905989555,0.19443426269419722,-0.7138665142187788,1.0,0.0,1.0,0.0,0.0,0.0,0.0,3.01
STU-14191,-0.9540250270320775,-0.4909127467330171,-1.081134607101538,0.5119729710015184,0.5114603146729753,-1.0324886561194735,-1.1750438959958003,1.0,0.0,1.0,0.0,0.0,0.0,0.0,3.94
STU-13739,-1.4745775496316413,1.2448281375346695,0.4937575459284947,1.1125080847691666,1.0585876518438173,0.21913740871057932,1.869948485671024,1.0,0.0,1.0,0.0,0.0,0.0,0.0,4.94
STU-12282,-0.6937487657322955,0.3177383005258108,0.2241992024945138,-0.14442587427939943,0.32812213044950006,0.20266864469965792,-0.1366312482859504,1.0,0.0,1.0,0.0,0.0,0.0,0.0,4.34
STU-13921,-1.4745775496316413,0.4096304649870411,0.693210972205652,1.0147465546209455,0.6356105811550132,-0.20081607356792516,-0.5092381395230141,1.0,0.0,0.0,0.0,0.0,0.0,1.0,4.43
STU-10346,-0.4334725044325135,0.6281296115948558,-0.15989675206892362,0.553870769636471,0.6911894795219719,-1.2548169702669167,-0.3504220875203313,1.0,0.0,0.0,0.0,0.0,1.0,0.0,3.92
STU-14616,-0.4334725044325135,-1.207671629530615,-1.0515128111197822,-0.4935741962373346,-1.5492897481538774,-0.2584567476061508,-0.1549561773631832,1.0,0.0,1.0,0.0,0.0,0.0,0.0,2.67
STU-14825,-1.2143012883318594,1.5143784866209455,0.5223919487108581,1.1264740176474837,-0.08619329374055681,-1.3700983183433695,-0.7413539078346277,1.0,0.0,0.0,0.0,1.0,0.0,0.0,4.68
STU-10862,-0.4334725044325135,0.23197228036199571,1.5048481821057689,-0.17235774003603488,1.0585876518438173,-0.19258169156246446,0.037455577947759805,1.0,0.0,0.0,0.0,0.0,0.0,1.0,4.84
STU-13810,-1.4745775496316413,-0.4235251594614484,-1.7071418955159838,0.7354278970545971,-0.43554636919001294,-0.8019259599665687,-0.3626387069051531,1.0,0.0,0.0,0.0,0.0,0.0,1.0,3.71
STU-11362,1.1281850633661783,-1.0055088677159079,-0.478824755472498,-1.0801433771266657,-0.9061624956219243,-0.011425287442324671,0.15962177179597728,1.0,0.0,0.0,1.0,0.0,0.0,0.0,3.57
STU-12401,-1.4745775496316413,-0.4031046784700636,0.0657225939921197,-0.42374453184574784,0.15488920047456384,0.3097156107706492,0.9231604833473375,1.0,0.0,0.0,0.0,0.0,0.0,1.0,4.1
STU-13003,1.1281850633661783,1.1508939249743004,0.9351223060566604,0.9449168902293574,0.524452784421095,-1.0736605661467777,-0.1580103322093886,1.0,0.0,0.0,0.0,0.0,0.0,1.0,4.42
STU-13148,-0.1731962431327315,-0.8523552602805237,-1.196659611430387,0.819223494324501,-1.7254098936283964,-0.6454727018628125,-0.2679599066727843,1.0,0.0,0.0,0.0,1.0,0.0,0.0,2.89
STU-11531,0.08708001816705048,2.3679545920608196,1.3221804402182735,1.7968387958067198,1.0585876518438173,0.6884971830218495,-1.3918888900763866,1.0,0.0,1.0,0.0,0.0,0.0,0.0,6.28
STU-12280,1.1281850633661783,0.6669285254784867,1.1572857759198312,0.9309509573510404,1.0585876518438173,-0.1267066355187774,1.3751754005857428,0.0,1.0,0.0,0.0,0.0,1.0,0.0,5.5
STU-14752,-1.2143012883318594,-0.7032857490434166,-1.1443277718626177,-0.4935741962373346,-0.4586440931866707,1.0508099912621276,-0.07554815136184154,1.0,0.0,0.0,0.0,0.0,0.0,1.0,3.08
STU-11864,0.08708001816705048,-0.20502601285363373,0.41871566277471206,0.6097345011497406,0.9387682086111528,-0.1514097815351595,1.0300559029645278,0.0,1.0,0.0,0.0,0.0,0.0,1.0,4.67
STU-14801,-0.6937487657322955,-0.4704922657416326,-0.24974953321358342,-1.862235618312441,0.1397313191017563,-2.177067754878535,-0.6711083463719025,1.0,0.0,0.0,1.0,0.0,0.0,0.0,2.98
STU-10953,-0.4334725044325135,-1.4629276419229216,-1.1897478590346446,-0.8706543839519053,-1.7261316975032919,-0.24198798359522938,-1.2116937541502657,1.0,0.0,0.0,0.0,0.0,0.0,1.0,2.98
STU-13669,0.34735627946683245,-0.4745763619399098,-0.9241390883982303,1.0007806217426272,-0.8231550500089334,0.12032482464504946,-0.5336713782926576,0.0,1.0,1.0,0.0,0.0,0.0,0.0,4.3
STU-13346,-0.9540250270320775,1.9595449722331286,0.6705009286196386,1.0287124874992626,1.0585876518438173,-0.5301913537863597,-0.5184006040616305,1.0,0.0,0.0,0.0,0.0,1.0,0.0,5.3
STU-10734,1.1281850633661783,-0.027367828228587958,0.044493640205192767,0.567836702514788,-0.6816814905294021,0.8449504411256057,-1.171989741149595,1.0,0.0,0.0,1.0,0.0,0.0,0.0,4.59
STU-11804,-1.2143012883318594,-1.207671629530615,0.0657225939921197,-1.8063718867991716,-0.8202678345093517,-2.716419776236223,0.0008057197932944839,0.0,1.0,0.0,1.0,0.0,0.0,0.0,2.86
STU-14607,1.6487375859657423,-0.6134356326813246,0.0657225939921197,-0.8147906524386356,-0.5582530279222601,-0.11847225351331596,-0.45426335229131626,1.0,0.0,0.0,1.0,0.0,0.0,0.0,3.37
STU-12779,1.1281850633661783,2.595387699102364,-1.4948523576467312,-1.1080752428833012,0.2913101328298266,0.11209044263958802,1.7355656724379849,1.0,0.0,0.0,0.0,1.0,0.0,0.0,2.48
STU-10187,0.08708001816705048,-0.731874422431355,0.7030849041995701,0.06506311889536094,-1.0158766846060507,1.5942792036225455,1.051434986887966,0.0,1.0,0.0,0.0,0.0,1.0,0.0,4.86
STU-13791,-1.4745775496316413,-0.7175800857373859,-1.4622683820667997,-2.1275883430004714,-0.12228348748533531,0.33441875678703203,-0.313772229365866,0.0,1.0,0.0,1.0,0.0,0.0,0.0,2.93
STU-14409,-0.1731962431327315,0.6975592469655633,0.719870588589232,0.16282464904358318,0.37576118619260845,-0.06083157947509033,0.1260260684877176,1.0,0.0,1.0,0.0,0.0,0.0,0.0,4.56
STU-13912,-0.6937487657322955,2.595387699102364,0.41180391037896963,0.8471553600811365,1.0585876518438173,0.672028419010928,-0.054169067438403634,1.0,0.0,0.0,0.0,1.0,0.0,0.0,5.35
STU-11473,-1.4745775496316413,-1.109653320771969,-1.1512395242583615,-0.07459620988781264,-1.2988238035651143,1.6601542596662326,2.5620963276923314,1.0,0.0,1.0,0.0,0.0,0.0,0.0,3.97
STU-10362,-1.4745775496316413,0.7179797279569481,1.5048481821057689,0.9309509573510404,1.0585876518438173,0.38382504881979695,1.6866991948986978,1.0,0.0,0.0,1.0,0.0,0.0,0.0,5.16
STU-10605,-0.1731962431327315,0.16050059689214985,0.0657225939921197,-1.4991213634761889,-0.9956661761089747,-2.177067754878535,-1.65760036169626,1.0,0.0,0.0,1.0,0.0,0.0,0.0,1.95
STU-10811,1.6487375859657423,-1.2342182548194147,0.0657225939921197,-1.0801433771266657,0.06827273548709523,0.21090302670511862,-0.09692723528527972,0.0,1.0,0.0,0.0,0.0,1.0,0.0,3.69
STU-11545,-0.6937487657322955,-1.4915163153108602,-1.2884871789738315,-1.3315301689363799,-1.4005981499253894,0.9190598791747534,1.0880848450424316,1.0,0.0,0.0,0.0,1.0,0.0,0.0,3.54
STU-11664,1.1281850633661783,1.3326362057976229,-1.952015408965168,-0.06063027700949553,1.0585876518438173,-1.2383482062559954,0.13213437818012835,0.0,1.0,0.0,0.0,0.0,0.0,1.0,4.45
STU-12390,-1.4745775496316413,0.8507128544009477,0.8008368309393661,1.6152816683885936,0.1729342973469531,0.9684661712075191,-0.7077582045263678,1.0,0.0,1.0,0.0,0.0,0.0,0.0,4.53
STU-14345,-0.6937487657322955,-2.040827253979104,-0.7098747641301959,-1.4013598333279667,-1.5362972784057574,0.40029381283071913,2.5143751582203726,1.0,0.0,0.0,0.0,0.0,1.0,0.0,2.46
STU-12942,-0.4334725044325135,0.17887902978439593,1.075332140370306,0.0929949846519964,0.06105469673813994,-1.0654261841413168,1.4118252587402078,1.0,0.0,0.0,0.0,0.0,1.0,0.0,4.31
STU-13605,0.08708001816705048,0.14008011590076538,-1.291449358572006,-1.345496101814697,-0.024839964374433764,-0.6454727018628125,0.2878962753366058,1.0,0.0,0.0,0.0,0.0,0.0,1.0,3.47
STU-13639,-1.4745775496316413,-1.9877340034015047,-1.2480040577987639,-1.764474088164219,-1.6683873875116464,-0.9666136000757863,-0.7902203853739148,1.0,0.0,1.0,0.0,0.0,0.0,0.0,2.56
STU-12183,1.3884613246659603,-0.08862927120274175,-1.6409865511567283,-0.7868587866820002,0.2862575057055571,0.5320439249180933,-0.3259888487506878,0.0,1.0,0.0,0.0,0.0,1.0,0.0,3.82
STU-11758,2.559704500514979,1.2509542818320842,0.8768661072925397,0.6237004340280577,1.0585876518438173,-0.950144836064865,-0.5061839846768087,1.0,0.0,1.0,0.0,0.0,0.0,0.0,5.34
STU-12550,-0.4334725044325135,-0.529711660616648,-1.6627092015433493,-0.5634038606289227,-0.6694108246561773,-0.2584567476061508,-0.390126100521002,1.0,0.0,0.0,0.0,0.0,0.0,1.0,3.89
STU-14518,0.08708001816705048,-1.9611873781127047,-1.9757128457505724,-1.8343037525558057,-2.045169010207134,-1.7241767445781868,-0.1580103322093886,1.0,0.0,0.0,0.0,0.0,1.0,0.0,1.46
STU-11686,-0.1731962431327315,0.12374373110765774,0.10867419816566487,1.7968387958067198,1.0585876518438173,-0.24198798359522938,2.5620963276923314,0.0,1.0,0.0,0.0,0.0,1.0,0.0,4.96
STU-14134,-0.4334725044325135,-0.6992016528451398,-0.025611276951629375,-0.40977859896743074,0.17798692447122158,-0.1349410175242381,2.3311258674480455,0.0,1.0,1.0,0.0,0.0,0.0,0.0,4.61
STU-12271,-0.9540250270320775,-0.28058179252175636,-0.7069125845320201,-2.2393158060270104,-0.671576236280864,1.6107479676334684,0.22070486872008616,1.0,0.0,0.0,0.0,0.0,0.0,1.0,3.1
STU-14072,-1.2143012883318594,0.20338360697405722,0.23012356169086526,1.7689069300500855,1.0585876518438173,-1.444207756392517,0.4406040176468778,1.0,0.0,0.0,0.0,0.0,1.0,0.0,4.76
STU-10055,0.34735627946683245,-0.24995107103467948,0.5026440847230205,-1.7225762895292664,-0.43987719243938656,-0.9583792180703257,-0.30766391967345524,0.0,1.0,0.0,0.0,1.0,0.0,0.0,4.39
STU-14403,-1.4745775496316413,-0.023283732030311134,-0.4136568043126349,-1.5829169607460927,-0.03205800312338906,-1.5018484304307436,1.140005477427924,1.0,0.0,0.0,0.0,0.0,1.0,0.0,2.33
STU-12783,-0.6937487657322955,-0.32754889880194094,0.7731898213563937,1.308031145065611,0.2335658228381802,1.1990288673604246,0.2359756429511133,1.0,0.0,0.0,0.0,1.0,0.0,0.0,4.41
STU-12791,-1.4745775496316413,0.35857926250857974,-0.616072410187968,0.5119729710015184,0.6320015617805356,-1.1724731502123082,0.6666114762660805,1.0,0.0,0.0,0.0,1.0,0.0,0.0,4.81
STU-12819,1.9090138472655243,0.8588810467975013,0.6201438754506541,1.7689069300500855,0.2682124088331678,0.17796549868327508,-0.4115051844444402,0.0,1.0,0.0,0.0,0.0,1.0,0.0,6.01
STU-14027,0.6076325407666144,0.2605609537499342,-0.5459674930311443,-0.07459620988781264,0.12096441835447212,0.02151224057951886,-0.674162501218108,1.0,0.0,0.0,0.0,1.0,0.0,0.0,4.52
STU-13129,-0.1731962431327315,-0.889112126065016,1.5048481821057689,-0.1025280756444481,0.1729342973469531,-2.2758803389440656,0.0679971264098141,1.0,0.0,0.0,0.0,0.0,0.0,1.0,4.05
STU-11520,0.8679088020663964,0.8323344215087016,0.5895346862695059,1.238201480674023,1.0073395767262323,1.2237320133768066,2.5620963276923314,1.0,0.0,0.0,0.0,0.0,0.0,1.0,5.32
STU-10272,0.08708001816705048,-1.2730171687030454,-0.31195530477527217,1.7968387958067198,-2.2934695431712098,0.9519974071965978,-0.06943984166943079,0.0,1.0,0.0,0.0,0.0,0.0,1.0,3.63
STU-13492,-0.6937487657322955,-0.6828652680520321,-0.11348927169750585,-0.9544499812218091,0.009806621620553886,-0.7607540499392644,2.0837393249054053,0.0,1.0,0.0,0.0,0.0,1.0,0.0,3.22
STU-12525,-0.9540250270320775,0.4035043206896259,0.8462569181113915,-0.4656423304807004,0.8369938622508778,1.4213571815078678,-0.5550504622160959,1.0,0.0,0.0,0.0,1.0,0.0,0.0,4.41
STU-10914,1.1281850633661783,2.595387699102364,1.5048481821057689,1.5035542053620543,1.0585876518438173,0.3755906668143363,1.2071968840444434,1.0,0.0,1.0,0.0,0.0,0.0,0.0,5.79
STU-13585,-0.9540250270320775,0.8364185177069785,1.1335883391344252,0.41421144085329614,1.0585876518438173,0.02151224057951886,0.5444452824178627,1.0,0.0,0.0,0.0,0.0,1.0,0.0,5.07
STU-10426,-1.2143012883318594,-1.0055088677159079,1.0091767960110507,0.5259389038798356,-0.9184331614951492,-0.7031133759010381,2.4655086806810855,0.0,1.0,1.0,0.0,0.0,0.0,0.0,3.83
STU-10655,0.08708001816705048,-0.9810042905262465,-0.48672390106763275,-0.36788080033247816,-2.5663114078817353,-0.727816521917421,-1.0162278439931174,0.0,1.0,0.0,0.0,0.0,0.0,1.0,2.6
STU-11426,0.6076325407666144,-0.4745763619399098,0.1758169357243127,-0.27011927018425713,0.0581674812385572,-1.6830048345508826,1.1583304065051563,0.0,1.0,0.0,0.0,0.0,1.0,0.0,4.21
STU-12112,-1.4745775496316413,0.09311300962058085,0.0657225939921197,0.7214619641762801,-0.2514863810916428,-0.4972538257645162,1.973789750442009,0.0,1.0,0.0,0.0,0.0,1.0,0.0,4.27
STU-11239,-0.9540250270320775,1.7818867876080828,0.0657225939921197,0.023165320260409614,1.0585876518438173,2.549467516256007,0.8742940058080504,1.0,0.0,0.0,0.0,0.0,0.0,1.0,5.66
STU-12726,-1.4745775496316413,-1.154578378953015,-0.8984668652140426,-0.8566884510735882,-1.8473947484857476,-0.5960664098300468,-0.09692723528527972,1.0,0.0,0.0,0.0,0.0,1.0,0.0,2.35
STU-11552,0.6076325407666144,-0.05595650161652644,0.14619513974255546,-1.261700504544793,-0.26880967408913614,0.35088752079795343,-1.7767124006982722,1.0,0.0,0.0,0.0,0.0,0.0,1.0,4.1
STU-11437,0.8679088020663964,-0.12334408888809546,-0.036472602144939886,-1.2896323703014272,0.3995807140641621,2.022467067906512,0.19321747510423723,1.0,0.0,0.0,0.0,0.0,1.0,0.0,3.61
STU-11943,0.6076325407666144,-0.6358981617718475,-1.7486124098904425,0.03713125313872672,0.19603202134361083,1.981295157879207,2.5620963276923314,1.0,0.0,0.0,0.0,1.0,0.0,0.0,3.03
STU-11396,0.34735627946683245,0.09923915391799608,-0.15495978607196456,-0.1025280756444481,0.8803020947446115,-0.31609742164437715,-0.1580103322093886,1.0,0.0,0.0,0.0,1.0,0.0,0.0,3.91
STU-14802,-1.2143012883318594,0.9752777884483933,0.9064879032742955,-0.01873247837454296,0.4905280023010033,0.8037785310983022,0.10464698456427943,1.0,0.0,0.0,0.0,0.0,1.0,0.0,5.16
STU-10286,-0.1731962431327315,-0.07025083831049568,0.0657225939921197,-1.2337686387881577,-0.2709750857138229,-0.20081607356792516,0.8009942894991198,1.0,0.0,0.0,0.0,0.0,0.0,1.0,3.85
STU-11044,-0.1731962431327315,-0.9707940500305541,-1.3734029941215322,-0.07459620988781264,0.06827273548709523,0.7955441490928408,-0.1580103322093886,0.0,1.0,1.0,0.0,0.0,0.0,0.0,4.22
STU-10243,0.6076325407666144,-1.2464705434142456,-1.0367019131289037,1.5454520039970068,-1.6734400146359154,0.3591219028034149,0.9445395672707757,0.0,1.0,0.0,0.0,0.0,1.0,0.0,4.04
STU-13728,-0.1731962431327315,-0.1682691470691416,1.5048481821057689,1.4756223396054189,0.19386660971892405,1.6107479676334684,-0.4512091974451109,1.0,0.0,0.0,0.0,1.0,0.0,0.0,3.81
STU-13618,1.6487375859657423,1.0344971833234085,0.1264472757547192,1.7968387958067198,1.0585876518438173,1.215497631371346,-0.0877647707466633,0.0,1.0,0.0,0.0,0.0,0.0,1.0,5.54
STU-14916,-1.4745775496316413,-0.5317537087157864,-1.617289114371324,0.5259389038798356,0.7272796732667504,-1.5512547224635085,0.97508111573283,0.0,1.0,0.0,0.0,0.0,0.0,1.0,3.44
STU-12506,-1.4745775496316413,-0.18460553186224887,0.0657225939921197,0.6795641655413275,1.0585876518438173,-0.4972538257645162,1.4057169490477972,1.0,0.0,0.0,0.0,0.0,0.0,1.0,5.45
STU-10554,-1.4745775496316413,1.05900176051307,1.5048481821057689,1.308031145065611,1.0585876518438173,2.6647488643324597,2.5620963276923314,0.0,1.0,0.0,0.0,1.0,0.0,0.0,5.5
STU-11078,-0.9540250270320775,2.0330587038021126,1.4278315125532028,0.8471553600811365,1.0585876518438173,0.3920594308252584,0.5200120436482192,1.0,0.0,0.0,0.0,0.0,0.0,1.0,5.48
STU-12742,-0.9540250270320775,-0.9646679057331389,-1.8137803610503056,-0.7309950551687304,-0.75530548576875,1.1331538113167374,-1.581246490541124,0.0,1.0,1.0,0.0,0.0,0.0,0.0,3.95
STU-11395,0.08708001816705048,2.595387699102364,0.0657225939921197,1.7968387958067198,1.0585876518438173,-0.29962865763345575,-0.03278998351496546,1.0,0.0,0.0,0.0,0.0,1.0,0.0,6.07
STU-13275,0.8679088020663964,-1.29343764969443,0.7998494377399737,0.8890531587160878,-0.8881173987495351,-1.4359733743870564,1.5431539171270419,0.0,1.0,0.0,0.0,0.0,0.0,1.0,4.02
STU-12891,0.08708001816705048,0.5464476876293175,0.27949322166045876,-0.22822147154930458,-0.3265539840807815,-1.4112702283706737,1.9951688343654472,0.0,1.0,1.0,0.0,0.0,0.0,0.0,4.13
STU-10375,-1.4745775496316413,-0.7665892401167088,0.37527036200147,0.24662024631348708,-1.4828837916634845,1.8001387537590674,0.4650372564165214,1.0,0.0,1.0,0.0,0.0,0.0,0.0,3.76
STU-14899,-0.4334725044325135,-0.9871304348236617,0.1382959941474207,0.23265431343516998,-0.9220421808696269,1.9730607758737464,0.718532108651573,0.0,1.0,0.0,0.0,0.0,0.0,1.0,4.22
STU-10266,-0.4334725044325135,-0.6052674402847706,0.061279324594854724,0.8890531587160878,0.576422663413576,-0.6866446118901167,-0.1580103322093886,0.0,1.0,0.0,0.0,0.0,0.0,1.0,4.42
STU-12673,-0.6937487657322955,0.867049239194055,1.006214616412875,0.7912916285678668,1.0585876518438173,0.9849349352184406,1.6928075045911084,1.0,0.0,1.0,0.0,0.0,0.0,0.0,5.55
STU-14917,0.8679088020663964,2.0779837619831585,1.4821381385197554,1.6711453999018633,0.7431593585144528,0.7708410030764586,-0.778003765989093,0.0,1.0,0.0,0.0,0.0,1.0,0.0,6.04
STU-12895,0.34735627946683245,1.0038664618363318,0.7030849041995701,-0.8427225181952698,1.0585876518438173,0.7049659470327716,-0.646675107602259,1.0,0.0,0.0,0.0,1.0,0.0,0.0,3.98
STU-13813,0.34735627946683245,0.5954568420086405,0.7238201613868002,0.023165320260409614,1.0585876518438173,0.3014812287651885,0.5444452824178627,0.0,1.0,0.0,1.0,0.0,0.0,0.0,6.11
STU-13971,-1.4745775496316413,-0.33367504309935614,0.32886288163005223,-0.6471994578988266,-0.12300529136023125,-0.16787854554608161,0.0985386748718684,1.0,0.0,0.0,0.0,0.0,0.0,1.0,3.56
STU-10727,-1.2143012883318594,1.8472323267805133,1.5048481821057689,0.8750872258377707,0.1729342973469531,0.7873097670873801,-0.8085453144511474,0.0,1.0,0.0,0.0,1.0,0.0,0.0,5.71
STU-11453,-0.1731962431327315,0.4137145611853183,-0.9103155836067441,1.321997077943928,-1.260568198195649,0.6143877449727017,1.6622659561290543,0.0,1.0,0.0,0.0,0.0,1.0,0.0,4.54
STU-13263,-0.1731962431327315,0.6812228621724556,0.6231060550488284,0.7493938299329143,0.24006205771224057,1.5037010015624763,1.814973698439326,1.0,0.0,0.0,0.0,1.0,0.0,0.0,6.0
STU-12151,-0.4334725044325135,-0.48478660243560184,-0.3563879987479052,0.21868838055685288,-0.24138112684310478,0.41676257684164053,0.03134726825534878,0.0,1.0,1.0,0.0,0.0,0.0,0.0,4.31
STU-13830,1.9090138472655243,1.2550383780303618,1.0141137620080096,1.4895882724837373,0.9012344071165825,-0.678410229884656,-0.25879744213416817,1.0,0.0,1.0,0.0,0.0,0.0,0.0,4.85
STU-12171,0.6076325407666144,-0.6604027389615088,0.2054387317060685,1.0007806217426272,-1.0165984884809467,0.38382504881979695,-0.4115051844444402,1.0,0.0,0.0,0.0,0.0,1.0,0.0,4.88
STU-11107,1.1281850633661783,-1.4649696900220601,-0.28628308159108307,-0.24218740442762168,-1.5731092760254313,0.02151224057951886,-1.3582931867681267,1.0,0.0,0.0,0.0,0.0,1.0,0.0,3.55
STU-12685,-0.1731962431327315,-1.8652111174531971,-0.8490972052444492,-0.2980511359408914,-2.385860439157843,0.08738729662320592,1.4668000459719057,1.0,0.0,0.0,1.0,0.0,0.0,0.0,2.73
STU-13375,-0.1731962431327315,0.5239851585387947,1.5048481821057689,-0.8287565853169527,1.0585876518438173,0.7379034750546151,-1.575138180848713,1.0,0.0,0.0,0.0,0.0,0.0,1.0,5.19
STU-12477,-0.6937487657322955,-2.2695366410826114,-0.3642871443430414,-0.5494379277506043,-0.26953147796403204,0.24384055472696214,0.14435099756495012,0.0,1.0,1.0,0.0,0.0,0.0,0.0,2.97
STU-14987,0.8679088020663964,-2.236863871496396,-0.5716397162153335,-0.758926920925366,-1.9968081505891306,0.7543722390655365,-0.5031298298306034,1.0,0.0,0.0,0.0,0.0,1.0,0.0,2.18
STU-10151,-0.6937487657322955,-0.48274455433646346,-0.9616600299751223,-0.39581266608911364,-0.16703532772886098,0.03798100459044026,0.5994200696495606,0.0,1.0,0.0,0.0,0.0,0.0,1.0,4.05
STU-11572,1.1281850633661783,0.6628444292802095,0.6152069094536936,0.4980070381232013,0.7142872035186306,-0.3655037136771428,-1.123123263610308,0.0,1.0,0.0,0.0,0.0,0.0,1.0,5.51
STU-14883,0.34735627946683245,-0.023283732030311134,1.032874232796455,1.0287124874992626,1.0585876518438173,-0.9583792180703257,0.4528206370316996,1.0,0.0,0.0,0.0,0.0,0.0,1.0,5.1
STU-14368,0.34735627946683245,-0.16622709897000282,0.8758787140931473,-0.4656423304807004,0.782136767758814,-1.0242542741140128,0.6879905601895187,0.0,1.0,0.0,0.0,0.0,1.0,0.0,4.2
STU-11679,0.08708001816705048,-0.17031119516828,0.6961731518038277,0.972848755985993,-1.096718718594355,-0.19258169156246446,0.04967219733258158,0.0,1.0,0.0,0.0,1.0,0.0,0.0,3.99
STU-13679,0.34735627946683245,-1.2832274091987377,-0.04042217494250799,-0.8846203168302224,0.1729342973469531,0.6637940370054666,2.117335028213665,1.0,0.0,0.0,0.0,0.0,1.0,0.0,3.79
STU-12995,-0.4334725044325135,1.7655504028149756,1.5048481821057689,1.4756223396054189,1.0585876518438173,1.0837475192839718,1.4423668072022622,0.0,1.0,0.0,0.0,0.0,0.0,1.0,6.63
STU-11511,0.6076325407666144,0.6465080444871019,0.6941983654050443,1.0287124874992626,1.0585876518438173,1.487232237551555,-1.3277516383060723,1.0,0.0,1.0,0.0,0.0,0.0,0.0,5.37
STU-12064,-1.2143012883318594,-0.3193807064053869,-0.4798121486718889,0.6935300984196445,0.2306786073385985,-0.3902068596935249,2.5620963276923314,0.0,1.0,0.0,0.0,1.0,0.0,0.0,3.74
STU-11051,-1.4745775496316413,1.0324551352242703,1.5048481821057689,0.023165320260409614,0.40824236056290825,-0.6537070838682731,0.8590232315770235,0.0,1.0,0.0,0.0,0.0,0.0,1.0,4.57
STU-13053,-0.4334725044325135,-0.021241683931172723,1.4209197601574606,0.03713125313872672,0.4031897334386398,1.3884196534860236,-1.608733884156973,1.0,0.0,0.0,0.0,0.0,1.0,0.0,4.49
STU-11752,1.9090138472655243,-1.7671928086945512,-1.501764110042475,-1.2896323703014272,-2.891123151584742,-0.3490349496662207,-0.3443137778279203,1.0,0.0,0.0,0.0,0.0,1.0,0.0,2.14
STU-13482,-0.4334725044325135,-0.006947347237203482,0.0657225939921197,-0.3120170688192085,1.020332046474352,2.09657650595566,1.4576375814332896,0.0,1.0,0.0,0.0,0.0,0.0,1.0,4.85
STU-10046,-0.9540250270320775,-0.4602820252459406,0.0657225939921197,1.0845762190125323,-1.1393051472131939,0.08738729662320592,-0.1580103322093886,0.0,1.0,1.0,0.0,0.0,0.0,0.0,4.34
STU-13514,1.3884613246659603,-1.9080941275351049,0.0657225939921197,-0.758926920925366,-1.466282302540887,0.04621538659590096,0.6757739408046967,0.0,1.0,0.0,0.0,0.0,1.0,0.0,3.84
STU-13249,0.08708001816705048,1.0569597124139312,0.414766089977144,-0.4516763976023833,0.23717484221265886,-0.5631288818082033,-1.2055854444578546,1.0,0.0,0.0,0.0,1.0,0.0,0.0,3.78
STU-11278,-0.9540250270320775,2.1310770125607585,1.5048481821057689,1.713043198536816,1.0585876518438173,0.5073407789017104,0.275679655951784,1.0,0.0,1.0,0.0,0.0,0.0,0.0,5.7
STU-10883,-1.4745775496316413,2.1596656859486973,1.5048481821057689,1.1823377491607534,1.0585876518438173,-0.5878320278245861,-0.08471061590045793,1.0,0.0,0.0,0.0,0.0,0.0,1.0,5.07
STU-14333,1.3884613246659603,0.9711936922501165,0.4325391675661983,-0.24218740442762168,0.6356105811550132,-0.7360509039228816,-0.6069710946015883,1.0,0.0,0.0,0.0,0.0,0.0,1.0,4.72
STU-14477,-0.1731962431327315,0.1441642120990422,0.7475175981722045,0.4980070381232013,1.0585876518438173,-0.43137876972082917,-1.1322857281489243,1.0,0.0,0.0,0.0,1.0,0.0,0.0,4.53
STU-10094,-0.4334725044325135,-0.20911010905191055,-1.7634233078813197,-1.010313712735079,-1.4504026172931845,-0.8760353980157165,2.5620963276923314,0.0,1.0,1.0,0.0,0.0,0.0,0.0,2.87
STU-10393,-0.4334725044325135,0.5444056395301792,0.8156477289302433,0.2885180449484397,1.0044523612266496,-0.5384257357918212,-0.5611587719085066,1.0,0.0,1.0,0.0,0.0,0.0,0.0,5.65
STU-13867,0.08708001816705048,-1.5691141430781215,0.8284838405223386,-0.8427225181952698,-0.5553658124226774,0.8120129131037629,-1.24223530261232,1.0,0.0,0.0,0.0,0.0,0.0,1.0,2.98
STU-10633,0.08708001816705048,-0.006947347237203482,-1.428697013287476,-1.1220411757616182,-0.7892302678888417,0.5896845989563189,-0.10914385467010149,1.0,0.0,1.0,0.0,0.0,0.0,0.0,4.05
STU-13544,-0.4334725044325135,-1.5425675177893214,1.136550518732601,1.0007806217426272,-1.3363576050596846,1.1907944853549624,-1.2636143865357583,1.0,0.0,1.0,0.0,0.0,0.0,0.0,4.08
STU-10560,-1.2143012883318594,-0.27445564822434115,0.9499332040475376,-1.3315301689363799,-0.2926292019606898,0.5732158349453974,-0.7352455981422168,1.0,0.0,0.0,0.0,0.0,0.0,1.0,4.82
STU-10409,-0.4334725044325135,-0.7012437009442781,0.23999749368478338,-0.5634038606289227,-0.8484181856302789,0.2850124647542664,0.755181966806038,1.0,0.0,0.0,0.0,1.0,0.0,0.0,3.48
STU-12866,-1.4745775496316413,-0.48274455433646346,0.4888205799315342,1.0426784203775796,1.0585876518438173,-0.8513322519993344,-1.0803650957634316,1.0,0.0,0.0,0.0,0.0,0.0,1.0,4.1
STU-14031,0.34735627946683245,-0.24178287863812584,0.8452695249119991,1.3638948765788808,0.8716404482458644,-0.5384257357918212,0.022184803716732385,0.0,1.0,0.0,0.0,1.0,0.0,0.0,4.4
STU-14532,-0.4334725044325135,0.15641650069387303,0.890689612084026,1.0426784203775796,0.6818060291483298,0.005043476568596729,-1.233072838073704,0.0,1.0,0.0,0.0,0.0,0.0,1.0,3.92
STU-12725,-0.1731962431327315,-0.7196221338365242,-0.5202952698469566,-0.4796082633590175,-0.2536517927163296,1.5201697655733977,0.1382426878725391,1.0,0.0,0.0,0.0,0.0,1.0,0.0,3.95
STU-13196,-0.1731962431327315,-0.9626258576340002,-0.03351042254676417,0.9030190915944062,0.7893548065077693,0.5320439249180933,0.807102599191531,0.0,1.0,0.0,0.0,1.0,0.0,0.0,4.13
STU-11873,-0.9540250270320775,0.2013415588749188,0.8887148256852426,-0.6192675921421923,0.2934755444545134,1.0178724632402847,1.6775367303600817,1.0,0.0,0.0,1.0,0.0,0.0,0.0,3.81
STU-11323,-0.9540250270320775,-0.4173990151640328,-0.6170598033873589,0.8611212929594536,-1.1934404378303616,-0.6537070838682731,-1.24223530261232,1.0,0.0,0.0,0.0,1.0,0.0,0.0,3.61
STU-14370,-0.6937487657322955,-0.7625051439184316,-0.9122903700055289,-0.758926920925366,-0.610222906914741,0.27677808274880566,-0.4115051844444402,1.0,0.0,0.0,0.0,0.0,0.0,1.0,3.17
STU-11504,1.6487375859657423,-2.2695366410826114,-1.4899153916497723,-1.5549850949894586,-1.2504629439471109,-2.21823966490584,2.276151080216348,1.0,0.0,0.0,0.0,0.0,1.0,0.0,2.07
STU-12093,-1.2143012883318594,-0.9993827234184925,1.5048481821057689,0.98681468886431,-1.6156957046442697,-2.3582241589986745,1.2194135034292655,1.0,0.0,1.0,0.0,0.0,0.0,0.0,3.05
STU-14139,-0.1731962431327315,0.24830866515510336,-0.008825592561967419,-0.7449609880470488,-0.11795266423596172,-1.0736605661467777,-1.2361269929199092,1.0,0.0,0.0,1.0,0.0,0.0,0.0,4.38
STU-14395,2.1692901085653062,0.49948058134913337,1.5048481821057689,0.7214619641762801,1.0585876518438173,-1.8641612386710216,0.9720269608866245,1.0,0.0,0.0,1.0,0.0,0.0,0.0,5.2
STU-10041,-1.2143012883318594,-0.6501924984658168,-0.3386149211588523,0.553870769636471,-0.7004483912766873,-0.4643162977426727,-1.3399682576908942,0.0,1.0,0.0,0.0,1.0,0.0,0.0,4.46
STU-10586,0.08708001816705048,-0.18664757996138764,-1.5126254352357855,-2.6984458494016956,1.0585876518438173,-0.637238319857351,1.0789223805038148,1.0,0.0,0.0,0.0,0.0,1.0,0.0,2.98
STU-10600,-1.2143012883318594,-0.42148311136230965,-1.2796006401793043,0.07902905177367806,0.7915202181324561,0.35088752079795343,1.8638401759786134,0.0,1.0,1.0,0.0,0.0,0.0,0.0,4.63
STU-13886,0.6076325407666144,-0.04778830921997243,1.2264032998772623,-1.2477345716664747,0.37864840169219016,-2.646427529189805,0.02829311340914341,1.0,0.0,0.0,0.0,1.0,0.0,0.0,3.74
STU-10712,0.34735627946683245,0.38920998399565665,-0.6219967693843194,-0.2561533373059388,0.6045730145345033,0.06268415060682309,-0.3534762423665367,1.0,0.0,0.0,0.0,0.0,0.0,1.0,3.98
STU-14351,-0.9540250270320775,-0.8911541741641544,-1.2065335434243052,-0.28408520306257423,-0.06959180461795841,-0.43961315172629056,0.3917375401075907,0.0,1.0,0.0,0.0,0.0,0.0,1.0,3.94
STU-14056,-0.6937487657322955,0.6873490064698712,0.11064898456444822,-0.28408520306257423,1.0585876518438173,-1.7077079805672655,-0.6894332754491354,1.0,0.0,0.0,1.0,0.0,0.0,0.0,4.04
STU-14486,0.34735627946683245,0.6832649102715944,0.33182506122822797,-0.03269841125286007,1.0585876518438173,-1.5430203404580478,-0.1580103322093886,0.0,1.0,0.0,0.0,0.0,1.0,0.0,4.61
STU-12025,0.6076325407666144,-0.2254464938450182,0.3180015564367417,0.5259389038798356,-0.07897525499160152,1.3390133614532593,0.3764667658765636,1.0,0.0,0.0,0.0,0.0,0.0,1.0,4.51
STU-12945,-0.6937487657322955,-1.0851487435823077,0.0657225939921197,1.2521674135523413,-0.7047792145260608,0.02151224057951886,-0.09387308043907433,0.0,1.0,0.0,0.0,0.0,0.0,1.0,4.49
STU-14792,-0.6937487657322955,-1.2280921105219995,-0.4294550955029045,0.41421144085329614,-2.3598754996616025,1.1084506653003539,1.717240743360752,1.0,0.0,0.0,0.0,0.0,0.0,1.0,3.24
STU-10199,2.1692901085653062,-0.0008212029397882488,0.49079536633031895,0.40024550797497904,-0.24643375396737327,0.943763025191137,-1.1903146702268275,0.0,1.0,0.0,0.0,0.0,0.0,1.0,4.54
STU-11503,1.1281850633661783,-0.11109180029326463,0.25777057127383773,0.5399048367581526,-1.544958924904504,1.5942792036225455,-1.2819393156129908,1.0,0.0,0.0,0.0,0.0,1.0,0.0,3.7
STU-14754,-0.9540250270320775,-0.20706806095277214,-0.7839292540845861,0.26058617919180543,-1.2345832586994085,0.02151224057951886,2.5620963276923314,1.0,0.0,0.0,0.0,0.0,1.0,0.0,2.38
STU-12734,0.08708001816705048,0.924226585969932,-0.6239715557831027,0.8611212929594536,0.34761083507168117,-0.7195821399119602,-1.5232175484632207,1.0,0.0,1.0,0.0,0.0,0.0,0.0,4.67
STU-11623,0.8679088020663964,-0.7849676730089549,0.0657225939921197,0.27455211207012253,-1.9354548212230072,0.07915291461774449,0.7093696441129569,1.0,0.0,0.0,0.0,0.0,0.0,1.0,4.0
STU-13427,0.34735627946683245,0.5689102167198408,-1.7663854874794955,0.023165320260409614,-0.5236064419272725,0.7543722390655365,0.38562923041518,0.0,1.0,1.0,0.0,0.0,0.0,0.0,4.61
STU-13272,-0.1731962431327315,1.0896324820001466,1.1987562902942899,0.4421433066099316,1.0585876518438173,-0.8925041620266386,-1.6423295874652328,1.0,0.0,1.0,0.0,0.0,0.0,0.0,4.63
STU-10921,-1.4745775496316413,-0.33367504309935614,0.6991353314020035,0.3723136422183448,0.8637006056220131,0.02151224057951886,-0.5397796879850687,1.0,0.0,0.0,0.0,1.0,0.0,0.0,4.33
STU-13151,-1.4745775496316413,0.22380408796544207,0.15014471254012357,-2.0437927457305674,0.014137444869927471,1.2072632493658852,-1.3918888900763866,1.0,0.0,0.0,0.0,0.0,0.0,1.0,3.54
STU-14668,-0.6937487657322955,-0.14784866607775676,0.3120771972403903,0.12092685040863062,-0.5755763209197534,0.02974662258497956,-1.1017441796868697,1.0,0.0,0.0,0.0,0.0,1.0,0.0,4.27
STU-13424,0.8679088020663964,-0.43169335185800206,-0.15495978607196456,0.38627957509666194,0.8254450002525479,0.9355286431856763,-0.49091321044578157,0.0,1.0,1.0,0.0,0.0,0.0,0.0,4.31
STU-11257,0.6076325407666144,0.1114914425128269,-0.09275401451027719,-1.3175642360580628,0.027129914618047198,0.9767005532129798,-0.1580103322093886,1.0,0.0,0.0,0.0,1.0,0.0,0.0,4.53
STU-11195,0.6076325407666144,0.6546762368836558,0.7356688797795017,-0.4935741962373346,1.0585876518438173,0.12032482464504946,-1.0834192506096372,1.0,0.0,0.0,0.0,1.0,0.0,0.0,4.84
STU-13972,-1.4745775496316413,-0.023283732030311134,0.8561308501053111,0.4700751723665658,1.0585876518438173,0.5649814529399367,-1.2025312896116493,1.0,0.0,0.0,0.0,0.0,1.0,0.0,4.93
STU-11678,1.1281850633661783,0.2993598676335647,0.4463626723576845,0.6935300984196445,0.2934755444545134,-1.4195046103761344,-1.220856218688882,1.0,0.0,0.0,0.0,1.0,0.0,0.0,4.45
STU-14930,-1.2143012883318594,0.39329408019393347,-1.9204188265846274,0.03713125313872672,-1.8517255717351213,-0.1267066355187774,-0.1366312482859504,0.0,1.0,0.0,0.0,1.0,0.0,0.0,3.28
STU-14380,-0.9540250270320775,-1.4363810166341218,-2.441762435863535,-0.15839180715771778,-2.251604918427267,-1.6665360705399606,-0.1580103322093886,0.0,1.0,0.0,0.0,1.0,0.0,0.0,2.67
STU-11713,-0.6937487657322955,-0.45823997714680215,0.41871566277471206,0.24662024631348708,0.4450543581825827,1.676623023677154,-0.5611587719085066,0.0,1.0,1.0,0.0,0.0,0.0,0.0,4.62
STU-10971,-0.6937487657322955,1.05900176051307,0.3950182259893077,0.3024839778267568,0.5793098789131587,1.0755131372785112,0.6269074632654096,1.0,0.0,0.0,0.0,0.0,1.0,0.0,3.67
STU-10179,-1.4745775496316413,-0.9115746551555388,0.0657225939921197,-0.5913357263855569,0.6644827361508364,-0.8513322519993344,-0.3351513132893042,1.0,0.0,0.0,0.0,1.0,0.0,0.0,3.94
STU-12807,0.8679088020663964,-0.1927737242588029,-0.8441602392474901,-0.7449609880470488,-0.32005774920672114,1.0919819012894325,-0.8848991856062834,1.0,0.0,0.0,0.0,0.0,1.0,0.0,3.76
STU-14210,2.559704500514979,-1.0361395892029848,-1.2292435870103184,1.0147465546209455,-0.5827943596687086,-1.1477700041959253,0.8406983024997907,0.0,1.0,0.0,0.0,1.0,0.0,0.0,3.88
STU-12311,-0.6937487657322955,-1.0443077815995385,-1.2440544850011972,-0.186323672914352,-2.087033634951077,0.5979189809617803,2.3128009383708132,0.0,1.0,0.0,0.0,0.0,1.0,0.0,3.49
STU-14684,-1.2143012883318594,0.3830838396982414,-0.2576486788087182,1.0287124874992626,0.10291932148208288,-0.4725506797481341,-0.7596788369118603,0.0,1.0,0.0,0.0,0.0,0.0,1.0,4.86
STU-13283,0.6076325407666144,-2.2695366410826114,-0.5982993325989137,-0.27011927018425713,-1.8842067461054222,-0.1431753995296988,0.39479169495379635,1.0,0.0,0.0,0.0,0.0,0.0,1.0,3.34
STU-11215,-0.1731962431327315,-0.3357170911984946,-0.26061085840689396,0.553870769636471,0.8911291528680455,-0.4972538257645162,-1.0925817151482533,0.0,1.0,0.0,1.0,0.0,0.0,0.0,4.82
STU-13231,-0.1731962431327315,-0.18664757996138764,1.0200381212043612,0.3164499107050751,-0.08547148986566087,-1.7241767445781868,0.013022339178116259,1.0,0.0,0.0,0.0,0.0,0.0,1.0,4.69
STU-14113,1.1281850633661783,0.5423635914310407,0.6290304142451799,1.154405883404119,-0.23849391134352205,2.1048108879611207,0.7490736571136273,1.0,0.0,0.0,0.0,0.0,0.0,1.0,4.67
STU-13298,1.3884613246659603,-1.2342182548194147,-0.5755892890129002,-0.5634038606289227,-1.3912146995517474,-1.0901293301576997,1.4301501878174407,0.0,1.0,1.0,0.0,0.0,0.0,0.0,3.6
STU-14672,0.34735627946683245,0.5096908218448254,1.401171896169623,1.7968387958067198,-0.36841860882472444,2.0883421239501976,0.83458999280738,0.0,1.0,0.0,0.0,1.0,0.0,0.0,5.08
STU-14089,-1.4745775496316413,0.8976799606811322,-0.4215559499077697,0.8471553600811365,0.844211900999833,2.2036234720266505,-0.5947544752167665,1.0,0.0,0.0,1.0,0.0,0.0,0.0,4.88
STU-12006,-0.4334725044325135,0.4035043206896259,1.0871808587630076,-0.5494379277506043,1.0585876518438173,-0.07730034348601174,-0.41761349413685095,1.0,0.0,0.0,1.0,0.0,0.0,0.0,4.46
STU-14262,-0.4334725044325135,-0.11313384839240304,0.4809214343363994,0.27455211207012253,0.42700926131019346,-0.42314438771536844,-0.1946601903638539,0.0,1.0,0.0,0.0,1.0,0.0,0.0,4.51
STU-10719,-0.1731962431327315,-0.38881034177609436,0.0657225939921197,1.0985421518908494,1.0585876518438173,1.9236544838409808,-1.1200691087641024,1.0,0.0,0.0,1.0,0.0,0.0,0.0,5.56
STU-12384,-0.1731962431327315,-0.9054485108581236,0.3229385224337008,1.0287124874992626,0.7323323003910199,-0.974847982081247,-0.3565303972127421,1.0,0.0,1.0,0.0,0.0,0.0,0.0,4.66
STU-11141,1.1281850633661783,-1.3097740344875375,0.0657225939921197,-0.8287565853169527,-1.7008685618819468,0.5567470709344753,1.091138999888637,1.0,0.0,0.0,0.0,0.0,1.0,0.0,2.56
STU-10172,0.8679088020663964,-0.2560772153320951,-0.5025221922579023,1.0007806217426272,1.0585876518438173,-0.3902068596935249,-0.1580103322093886,1.0,0.0,1.0,0.0,0.0,0.0,0.0,6.31
STU-13165,0.34735627946683245,-0.9401633285434774,-1.0446010587240384,-1.2198027059098404,-1.0822826410964432,-0.2749255116170729,-0.44815504259890554,1.0,0.0,0.0,0.0,0.0,1.0,0.0,2.85
STU-13803,0.6076325407666144,-0.23157263814243342,1.5048481821057689,1.7968387958067198,1.0585876518438173,-0.43137876972082917,0.6177449987267934,1.0,0.0,0.0,0.0,0.0,1.0,0.0,4.92
STU-12138,-1.4745775496316413,-0.5317537087157864,0.7297445205831516,-0.11649400852276522,-0.5041177373050924,0.27677808274880566,1.100301464427253,1.0,0.0,0.0,0.0,1.0,0.0,0.0,4.06
STU-13337,1.3884613246659603,-1.3689934293625527,-0.3988459063217563,-0.8427225181952698,-2.3006875819201658,-0.3325661856552993,-0.7077582045263678,1.0,0.0,0.0,0.0,0.0,0.0,1.0,2.62
STU-13943,-0.1731962431327315,0.17071083738784193,0.07214064978816523,-1.4711894977195534,0.8579261746228487,1.8413106637863723,-1.0803650957634316,1.0,0.0,1.0,0.0,0.0,0.0,0.0,4.65
STU-13559,0.08708001816705048,-1.9550612338152895,-1.6202512939694997,0.03713125313872672,-2.2653191920502826,-0.3737380956826035,-0.319880539058277,0.0,1.0,0.0,0.0,0.0,0.0,1.0,2.73
STU-13709,-1.2143012883318594,-1.828454251668705,-0.43439206149986354,-1.191870840153205,-0.6412604735352501,1.8413106637863723,-1.379672270691565,0.0,1.0,0.0,0.0,1.0,0.0,0.0,2.85
STU-14280,0.08708001816705048,-0.20706806095277214,-0.08584226211453339,0.0929949846519964,0.0018667789967026565,1.4295915635133285,2.5620963276923314,0.0,1.0,0.0,0.0,1.0,0.0,0.0,4.86
STU-11529,-0.9540250270320775,0.2523927613533802,-1.9075827149925335,-1.0382455784917144,-0.4470952311883418,0.48263763288532757,-1.2300186832274982,0.0,1.0,0.0,0.0,0.0,0.0,1.0,3.26
STU-11014,-0.4334725044325135,-0.5154173239226787,-2.3627709799121854,-1.024279645613396,0.13395688810259185,-1.246582588261456,-0.1580103322093886,1.0,0.0,0.0,0.0,0.0,0.0,1.0,3.26
STU-13699,0.34735627946683245,-0.6113935845821863,0.0657225939921197,0.6655982326630103,-1.528357435781906,2.1377484159829634,-0.9459822825303922,1.0,0.0,0.0,0.0,1.0,0.0,0.0,3.78
STU-11004,-1.4745775496316413,0.867049239194055,0.19359001331336562,1.7968387958067198,1.0585876518438173,-0.5466601177972819,-0.8787908759138726,0.0,1.0,1.0,0.0,0.0,0.0,0.0,5.61
STU-10218,-0.4334725044325135,-1.2117557257288918,-1.0386766995276884,-1.8343037525558057,-2.4861911777683274,2.055404595928355,-0.24047251305693534,1.0,0.0,0.0,0.0,1.0,0.0,0.0,2.3
STU-10089,2.1692901085653062,0.046145903340396296,-0.12830016968838445,-0.4796082633590175,0.22490417633943405,0.05444976860136239,2.5620963276923314,1.0,0.0,0.0,0.0,0.0,0.0,1.0,3.65
STU-10642,0.08708001816705048,0.08086072102575001,1.256025095859018,0.6935300984196445,0.48042274805246526,1.676623023677154,0.8009942894991198,1.0,0.0,0.0,0.0,0.0,1.0,0.0,3.31
STU-14551,-0.4334725044325135,-0.8360188754874162,0.29430411965133596,0.3304158435833922,-2.612506855875052,-0.15964416354062091,0.4314415531082617,0.0,1.0,0.0,1.0,0.0,0.0,0.0,3.59
STU-11298,-0.6937487657322955,0.07677662482747319,1.2244285134784776,0.9169850244727232,0.3808138133168769,-1.8641612386710216,-0.4145593392906456,1.0,0.0,0.0,0.0,0.0,1.0,0.0,4.49
STU-13132,0.8679088020663964,0.8262082772112861,-0.7789922880876257,0.16282464904358318,0.15922002372393743,1.5448729115897812,0.9781352705790354,1.0,0.0,0.0,0.0,0.0,0.0,1.0,4.54
STU-10002,1.1281850633661783,-0.9483315209400311,0.29331672645194495,0.06506311889536094,-0.6051702797904716,1.4295915635133285,-1.1078524893792807,1.0,0.0,0.0,0.0,0.0,1.0,0.0,3.78
STU-11634,1.6487375859657423,0.36878950300427216,0.0657225939921197,-1.010313712735079,0.8377156661257726,0.05444976860136239,0.5413911275716574,1.0,0.0,1.0,0.0,0.0,0.0,0.0,4.07
STU-12265,-0.9540250270320775,0.9487311631595936,0.9775802136305101,1.727009131415133,0.6558210896520893,-1.5677234864744307,0.8101567540377365,1.0,0.0,1.0,0.0,0.0,0.0,0.0,5.15
STU-11510,0.6076325407666144,0.5995409382069177,0.20346394530728376,0.0929949846519964,1.0585876518438173,1.1907944853549624,0.6696656311122858,1.0,0.0,1.0,0.0,0.0,0.0,0.0,4.59
STU-10809,-0.6937487657322955,-0.5154173239226787,0.0657225939921197,0.06506311889536094,0.07621257811094645,-1.4112702283706737,-0.029735828668760088,1.0,0.0,0.0,0.0,0.0,0.0,1.0,3.86
STU-10803,-1.4745775496316413,-1.0892328397805844,0.0657225939921197,0.1907565148002174,-0.6549747471582656,1.2237320133768066,-0.1580103322093886,0.0,1.0,0.0,0.0,1.0,0.0,0.0,4.24
STU-14569,-1.4745775496316413,1.796181124302052,0.9262357672621332,-0.1025280756444481,1.0585876518438173,-0.5137225897754384,0.9231604833473375,1.0,0.0,0.0,1.0,0.0,0.0,0.0,4.81
STU-10506,0.08708001816705048,0.27077119424562623,-0.10953969889993775,0.023165320260409614,0.40535514506332654,-0.40667562370444704,-0.1580103322093886,0.0,1.0,0.0,0.0,0.0,0.0,1.0,5.59
STU-13833,-0.6937487657322955,1.065127904810485,0.9588197428420647,1.2800992793089756,1.0585876518438173,-1.016019892108552,-0.6008627849091775,1.0,0.0,0.0,0.0,0.0,0.0,1.0,5.48
STU-10185,0.6076325407666144,1.2407440413363926,1.5048481821057689,1.1264740176474837,1.0585876518438173,-0.8266291059829515,-1.7767124006982722,0.0,1.0,0.0,0.0,1.0,0.0,0.0,5.71
STU-10975,-0.9540250270320775,1.095758626297562,1.338966124607934,0.8750872258377707,1.0585876518438173,-0.8101603419720301,0.3153836689524547,1.0,0.0,0.0,0.0,0.0,1.0,0.0,5.6
STU-10580,0.08708001816705048,-1.3934980065522142,0.0657225939921197,-0.2002896057926691,-0.07825345111670558,-0.6948789938955774,1.402662794201592,1.0,0.0,0.0,0.0,0.0,0.0,1.0,3.6
STU-13266,-0.6937487657322955,-1.8897156946428588,0.8413199521144324,-1.3175642360580628,-2.3974093011561726,-0.17611292755154234,0.040509732793965185,1.0,0.0,0.0,1.0,0.0,0.0,0.0,2.08
STU-12042,-0.1731962431327315,-1.6610063075393517,-1.2539284169951153,-1.4013598333279667,-0.13311054560876928,0.8943567331583714,1.7111324336683413,1.0,0.0,0.0,0.0,1.0,0.0,0.0,2.72
STU-13403,-1.4745775496316413,1.410234033564884,1.0486725239867245,0.1907565148002174,1.0585876518438173,-0.2584567476061508,1.4545834265870843,1.0,0.0,0.0,0.0,1.0,0.0,0.0,5.12
STU-13324,0.8679088020663964,-0.023283732030311134,-0.7720805356918832,0.8890531587160878,0.19386660971892405,1.7260293157099196,-0.909332424375927,0.0,1.0,0.0,0.0,1.0,0.0,0.0,4.87
STU-10793,-0.1731962431327315,0.3749156473016874,0.8047864037369328,1.7549409971717673,1.0585876518438173,0.02151224057951886,-0.8115994692973528,1.0,0.0,1.0,0.0,0.0,0.0,0.0,5.42
STU-11994,-0.6937487657322955,0.6015829863060561,-0.5548540318256715,0.27455211207012253,0.18376135547038602,-2.2594115749331443,0.8865106251928725,0.0,1.0,1.0,0.0,0.0,0.0,0.0,3.67
STU-13725,0.8679088020663964,-0.29896022541400247,0.15014471254012357,0.4840411052448829,-0.28613296708662944,-1.0818949481522384,1.5126123686649875,1.0,0.0,0.0,0.0,0.0,1.0,0.0,4.84
STU-11475,0.6076325407666144,-0.7829256249098164,-1.9411540837718575,-0.8985862497085395,-0.43482456531511704,1.4295915635133285,0.03134726825534878,1.0,0.0,0.0,0.0,0.0,0.0,1.0,2.79
STU-13171,0.6076325407666144,1.365308975383838,0.95092059724693,1.6990772656584976,1.0585876518438173,0.6555596550000059,-0.8848991856062834,0.0,1.0,0.0,0.0,0.0,0.0,1.0,6.15
STU-12768,-0.9540250270320775,1.504168246125253,1.5048481821057689,0.7912916285678668,0.7215052422675859,-0.1267066355187774,0.7124237989591622,1.0,0.0,0.0,0.0,0.0,1.0,0.0,5.0
STU-11625,0.08708001816705048,0.43209299407756435,-0.019686917755277932,0.3164499107050751,1.0585876518438173,-1.7077079805672655,-1.110906644225486,0.0,1.0,0.0,0.0,1.0,0.0,0.0,4.2
STU-12385,-0.9540250270320775,0.22176203986630327,-0.9409247727878923,0.42817737373161324,0.09281406723354485,-0.31609742164437715,-1.1353398829951296,1.0,0.0,1.0,0.0,0.0,0.0,0.0,4.05
STU-14972,-0.9540250270320775,0.999782365638055,1.2481259502638833,0.1767905819219003,1.0549786324693395,0.5238095429126318,-1.0162278439931174,1.0,0.0,1.0,0.0,0.0,0.0,0.0,4.91
STU-11357,1.1281850633661783,0.12782782730593456,0.09583808657357101,-0.40977859896743074,1.0585876518438173,1.1084506653003539,-0.6711083463719025,1.0,0.0,0.0,0.0,0.0,1.0,0.0,4.29
STU-13693,1.1281850633661783,0.04818795143953471,0.0657225939921197,0.7214619641762801,1.0585876518438173,-0.8513322519993344,-0.5031298298306034,1.0,0.0,0.0,1.0,0.0,0.0,0.0,3.85
STU-12748,1.6487375859657423,0.9691516441509778,-0.8175006228639086,0.5957685682714223,0.5655956052901431,0.02151224057951886,-0.6894332754491354,1.0,0.0,0.0,0.0,0.0,1.0,0.0,4.95
STU-11815,-1.4745775496316413,-1.2954796977935685,1.3784618525836094,-0.22822147154930458,-0.05515572712004783,0.2932468467597278,-0.3504220875203313,1.0,0.0,0.0,0.0,0.0,0.0,1.0,4.31
STU-10649,-0.4334725044325135,-1.9999862919963352,-0.5360935610372263,0.2885180449484397,-1.9051390584773935,-0.7607540499392644,0.7612902764984493,0.0,1.0,0.0,0.0,1.0,0.0,0.0,2.23
STU-10750,-0.6937487657322955,-1.0177611563107385,0.08398936818086812,0.4421433066099316,-0.3431554732033799,0.7790753850819193,-1.2758310059205797,1.0,0.0,0.0,0.0,1.0,0.0,0.0,3.34
STU-13103,1.3884613246659603,1.853358471077929,1.2945334306353011,0.8890531587160878,1.0585876518438173,-0.7689884319447252,-1.0162278439931174,1.0,0.0,0.0,1.0,0.0,0.0,0.0,5.2
STU-13705,0.8679088020663964,2.276062427599589,0.8620552093016611,1.2800992793089756,1.0585876518438173,1.7754356077426852,0.38562923041518,1.0,0.0,0.0,0.0,0.0,0.0,1.0,5.93
STU-13113,0.34735627946683245,-0.12742818508637227,-0.5202952698469566,-1.9739630813389806,-0.4810200133084335,-0.3737380956826035,-0.6772166560643136,1.0,0.0,0.0,0.0,1.0,0.0,0.0,3.77
STU-14659,0.6076325407666144,0.5913727458103637,1.5048481821057689,1.5314860711186886,0.6413850121541776,0.3179499927761099,-0.38707194567479664,1.0,0.0,0.0,1.0,0.0,0.0,0.0,5.16
STU-10859,0.6076325407666144,-0.18256348376311046,-1.7565115554855772,-2.532600396471677,0.6724225787746877,-0.11023787150785526,1.091138999888637,1.0,0.0,1.0,0.0,0.0,0.0,0.0,2.83
STU-11776,-0.1731962431327315,-0.5562582859054477,0.9449962380505785,0.7912916285678668,-0.13816317273303777,-0.3572693316716814,-0.7871662305277093,0.0,1.0,0.0,1.0,0.0,0.0,0.0,4.79
STU-12699,-0.9540250270320775,-0.05799854971566485,0.7307319137825425,-0.5634038606289227,-1.291605764816159,0.3097156107706492,0.41617077887723425,1.0,0.0,0.0,0.0,0.0,1.0,0.0,3.48
STU-11266,-0.9540250270320775,0.8221241810130092,0.6181690890518694,0.3024839778267568,0.1729342973469531,-0.7360509039228816,-1.1994771347654438,1.0,0.0,0.0,0.0,0.0,0.0,1.0,5.09
STU-12249,-0.9540250270320775,-0.1641850508708644,0.457223997550995,0.1907565148002174,1.0585876518438173,2.01423268590105,2.5620963276923314,1.0,0.0,0.0,0.0,0.0,0.0,1.0,5.56
STU-11794,-1.2143012883318594,-1.0157191082116002,-0.5538666386262792,-1.6946444237726321,-0.7697415632666615,1.5778104396116241,0.5749868308799171,0.0,1.0,0.0,1.0,0.0,0.0,0.0,2.68
STU-13542,1.3884613246659603,-1.0565600701943691,-1.0633615295124852,-2.4348388663234544,-1.8062519276167002,1.3225445974423364,-0.6711083463719025,1.0,0.0,0.0,0.0,1.0,0.0,0.0,2.99
STU-13517,-0.1731962431327315,1.353056686789007,1.5048481821057689,1.2521674135523413,1.0585876518438173,-0.4890194437590555,0.22986733325870254,0.0,1.0,0.0,0.0,0.0,1.0,0.0,5.15
STU-12212,-1.4745775496316413,0.2911916752370107,0.0889263341778272,0.3024839778267568,-0.3460426887029616,-0.6125351738409689,-0.4786965910609598,1.0,0.0,0.0,1.0,0.0,0.0,0.0,3.71
STU-14517,-0.1731962431327315,-1.4343389685349834,-1.23516794620667,0.023165320260409614,-1.7477858137501594,0.03798100459044026,-0.36569286175135846,1.0,0.0,0.0,0.0,0.0,0.0,1.0,2.1
STU-13785,-0.4334725044325135,1.755340162319283,1.5048481821057689,1.4756223396054189,1.0585876518438173,1.783669989748146,-0.8207619338359692,1.0,0.0,0.0,1.0,0.0,0.0,0.0,5.56
STU-12122,1.9090138472655243,-2.2695366410826114,-1.1778991406419417,-1.513087296354506,-3.1643259182327137,2.228326618043034,1.6775367303600817,1.0,0.0,1.0,0.0,0.0,0.0,0.0,2.94
STU-10846,-0.6937487657322955,1.5735978814959606,0.6793874674141658,1.1823377491607534,1.0585876518438173,1.3966540354914843,-1.028444463377939,1.0,0.0,1.0,0.0,0.0,0.0,0.0,5.03
STU-10571,0.08708001816705048,-0.023283732030311134,-0.3919341539260125,0.5818026353931052,0.8673096249964908,-0.974847982081247,0.4436581724930832,1.0,0.0,0.0,1.0,0.0,0.0,0.0,4.67
STU-14860,0.08708001816705048,0.1380380678016266,-0.304056159180136,-0.8566884510735882,0.5439414890432761,0.2850124647542664,1.8363527823627643,1.0,0.0,0.0,0.0,1.0,0.0,0.0,4.21
STU-14278,0.8679088020663964,-0.4378194961554173,0.6053329774597755,0.8750872258377707,0.9041216226161652,1.380185271480563,-1.4560261418467009,0.0,1.0,0.0,0.0,1.0,0.0,0.0,5.18
STU-11324,0.8679088020663964,-1.0626862144917846,0.6082951570579512,-0.3399489345758439,-1.1407487549629847,1.5037010015624763,-0.19160603551764827,0.0,1.0,0.0,0.0,0.0,0.0,1.0,4.77
STU-13836,-0.6937487657322955,-0.7277903262330778,0.26665711006836346,0.42817737373161324,1.0585876518438173,-1.6088953965017347,-0.6008627849091775,1.0,0.0,0.0,0.0,0.0,0.0,1.0,4.52
STU-12790,-0.4334725044325135,-0.023283732030311134,-0.3386149211588523,0.7773256956895485,-0.5163884031783161,-2.0370832607857,0.17183839118079905,0.0,1.0,1.0,0.0,0.0,0.0,0.0,4.09
STU-12419,0.6076325407666144,-0.6113935845821863,-0.21617816443426094,-0.3399489345758439,-0.610222906914741,0.8696535871419893,-0.4420467329064945,1.0,0.0,1.0,0.0,0.0,0.0,0.0,4.15
STU-10042,0.34735627946683245,2.595387699102364,0.058317144996679,0.5957685682714223,0.276874055331915,-0.4725506797481341,2.5620963276923314,1.0,0.0,0.0,0.0,0.0,1.0,0.0,4.19
STU-11120,-0.1731962431327315,-0.7032857490434166,0.6468034918342342,-0.07459620988781264,0.3129642490766935,0.8449504411256057,0.25735472687455146,0.0,1.0,0.0,0.0,0.0,0.0,1.0,4.6
STU-12578,-0.4334725044325135,0.2768973385430418,0.27159407606532393,1.2242355477957059,-0.24282473459289564,1.2319663953822673,0.30622120441383854,1.0,0.0,0.0,0.0,0.0,0.0,1.0,4.27
STU-12336,1.1281850633661783,-1.5343993253927677,-0.8984668652140426,-1.6527466251376797,-0.858523439878817,-0.036128433458707504,2.480779454912112,1.0,0.0,0.0,0.0,0.0,1.0,0.0,2.76
STU-12863,-1.2143012883318594,1.2305338008407,0.9953532912195644,1.5454520039970068,0.3302875420741868,-2.588786855151579,-1.4407553676156737,1.0,0.0,0.0,0.0,0.0,1.0,0.0,4.79
STU-11119,-1.4745775496316413,0.38512588779737983,0.5302910943059929,0.6097345011497406,0.8918509567429405,0.20266864469965792,-1.2086395993040602,0.0,1.0,0.0,0.0,0.0,1.0,0.0,4.59
STU-12842,-0.9540250270320775,-0.09271336740101857,0.53917763310052,0.3024839778267568,0.6154000726579372,0.02151224057951886,0.38868338526138535,1.0,0.0,0.0,0.0,0.0,0.0,1.0,5.4
STU-13937,1.6487375859657423,1.0406233276208239,1.4021592893690138,0.7074960312979617,1.0585876518438173,-0.003190905436863971,-0.723028978757395,1.0,0.0,0.0,0.0,0.0,0.0,1.0,5.07
STU-11069,2.4295663698650882,1.0937165781984233,0.46018617714917076,-1.0801433771266657,0.22995680346370254,0.5732158349453974,-0.8146536241435584,0.0,1.0,0.0,0.0,1.0,0.0,0.0,4.52
STU-14612,0.08708001816705048,-0.36226371648729466,0.671488321819031,0.4840411052448829,0.1252952416038447,1.0014036992293633,0.4406040176468778,1.0,0.0,0.0,0.0,0.0,1.0,0.0,4.37
STU-12038,-0.9540250270320775,1.0283710390259928,0.7504797777703802,-0.8287565853169527,0.8001818646312033,0.02151224057951886,1.2499550518913198,0.0,1.0,0.0,0.0,0.0,1.0,0.0,5.21
STU-13055,0.6076325407666144,-0.6195617769787399,0.15409428533769026,0.41421144085329614,0.02929532624273399,-0.036128433458707504,-1.1750438959958003,0.0,1.0,0.0,0.0,0.0,1.0,0.0,4.36
STU-13388,-1.4745775496316413,1.1529359730734392,-2.1188848596623937,-1.1360071086399353,0.5836407021625323,-1.3206920263106037,-1.489621845154961,0.0,1.0,0.0,0.0,1.0,0.0,0.0,3.43
STU-13916,-0.1731962431327315,1.4429068031510992,1.2609620618559771,0.553870769636471,1.0585876518438173,-1.0818949481522384,-1.0925817151482533,1.0,0.0,0.0,1.0,0.0,0.0,0.0,4.43
STU-13990,-0.6937487657322955,0.04818795143953471,0.0657225939921197,-1.764474088164219,1.0585876518438173,0.03798100459044026,-0.1580103322093886,1.0,0.0,0.0,0.0,0.0,0.0,1.0,4.66
STU-14005,-0.6937487657322955,-0.2172783014484642,0.5905220794688969,-0.36788080033247816,0.4710392976788232,-0.43961315172629056,0.1260260684877176,0.0,1.0,1.0,0.0,0.0,0.0,0.0,5.01
STU-10264,-1.4745775496316413,-0.5256275644183712,0.5490515650944382,-1.0522115113700314,1.0585876518438173,0.23560617272150144,-0.28628483575001706,1.0,0.0,0.0,0.0,0.0,0.0,1.0,4.03
STU-12858,-0.9540250270320775,-0.9707940500305541,-0.9715339619690405,-0.5634038606289227,-0.8657414786277723,-0.09376910749693386,1.7966487693620934,1.0,0.0,0.0,0.0,0.0,1.0,0.0,2.19
STU-11613,-0.4334725044325135,0.1421221639999038,0.07609022258573334,-0.004766545496225848,1.0585876518438173,-1.3536295543324472,0.7276945731901892,1.0,0.0,0.0,0.0,1.0,0.0,0.0,4.37
STU-13459,0.08708001816705048,0.5464476876293175,-0.5864506142062121,-0.5773697935072397,1.0585876518438173,-0.036128433458707504,-0.10914385467010149,1.0,0.0,0.0,0.0,0.0,0.0,1.0,4.55
STU-11159,0.08708001816705048,0.19317336647836517,-1.2549158101945077,-0.3120170688192085,-2.1924170006858303,-0.8513322519993344,2.5620963276923314,1.0,0.0,0.0,1.0,0.0,0.0,0.0,2.78
STU-11967,-1.2143012883318594,-0.41535696706489444,-1.896721389799223,-2.001894947095615,-1.8481165523606435,1.0178724632402847,-1.6942502198507254,1.0,0.0,0.0,0.0,1.0,0.0,0.0,2.43
STU-12262,0.6076325407666144,-0.17031119516828,-0.922164301999447,-0.186323672914352,0.7583172398872604,-0.9007385440320993,0.7276945731901892,1.0,0.0,0.0,0.0,0.0,0.0,1.0,2.94
STU-12111,0.34735627946683245,0.056356143836088717,-1.7683602738782802,-0.04666434413117842,0.9669185597320802,1.0178724632402847,-1.5232175484632207,1.0,0.0,1.0,0.0,0.0,0.0,0.0,3.66
STU-14401,1.6487375859657423,0.14620626019818062,0.6171816958524784,0.009199387382091261,0.6226181114068925,0.4579344868689447,-1.4529719870004953,1.0,0.0,0.0,1.0,0.0,0.0,0.0,4.64
STU-13405,0.08708001816705048,1.4776216208364534,1.2036932562912488,1.573383869753641,0.02785171849294314,2.1953890900211896,-0.46342581682993267,0.0,1.0,0.0,0.0,0.0,1.0,0.0,5.63
STU-13340,-1.4745775496316413,-0.6501924984658168,0.35157292521606426,-1.4153257662062837,0.4183476148114463,-1.5018484304307436,-0.6894332754491354,1.0,0.0,0.0,0.0,1.0,0.0,0.0,3.29
STU-14137,-0.4334725044325135,-0.45823997714680215,-0.5054843718560781,0.07902905177367806,-0.6802378827796113,0.32618437478157136,0.9628644963480084,1.0,0.0,0.0,0.0,0.0,0.0,1.0,4.21
STU-13512,-0.6937487657322955,-0.7829256249098164,1.5048481821057689,-0.3259830016975256,-1.3515154864324912,-1.1395356221904647,-0.3351513132893042,1.0,0.0,0.0,0.0,0.0,0.0,1.0,3.91
STU-11712,-0.4334725044325135,-1.8264122035695667,-1.8740113462132095,-1.2198027059098404,-0.9480271203658673,0.36735628480887556,-0.008356744745321915,1.0,0.0,0.0,0.0,0.0,0.0,1.0,3.15
STU-14710,-1.4745775496316413,-1.581366431672952,-1.3803147465172747,0.023165320260409614,-1.5413499055300264,0.3179499927761099,0.09548452002566303,1.0,0.0,0.0,0.0,1.0,0.0,0.0,2.12
STU-13975,-0.6937487657322955,-0.9871304348236617,-2.0112590009286797,-0.8427225181952698,0.14334033847623392,-0.21728483757884656,1.2469008970451143,1.0,0.0,1.0,0.0,0.0,0.0,0.0,3.52
STU-12481,-1.2143012883318594,-1.0831066954831692,-0.09867837370662724,1.1963036820390716,0.8167833537538017,0.21913740871057932,-0.44815504259890554,0.0,1.0,0.0,0.0,1.0,0.0,0.0,4.55
STU-11321,0.6076325407666144,1.3183418691036537,0.551026351493223,1.7968387958067198,0.1729342973469531,0.18619988068873652,1.0697599159651987,0.0,1.0,1.0,0.0,0.0,0.0,0.0,5.58
STU-12141,-0.1731962431327315,-2.2695366410826114,-1.1551890970559282,-0.42374453184574784,-1.1277562852148648,-2.2923491029549874,-0.19160603551764827,0.0,1.0,0.0,0.0,0.0,1.0,0.0,2.35
STU-13602,2.4295663698650882,0.18296312598267275,-0.3869971879290534,-0.2002896057926691,-0.2623134392150757,-0.29962865763345575,-0.28628483575001706,1.0,0.0,0.0,0.0,1.0,0.0,0.0,4.0
STU-13767,-0.4334725044325135,1.4347386107545457,-0.8876055400207321,0.3164499107050751,0.1541673965996679,-1.4606765204034386,-1.3979971997687974,1.0,0.0,1.0,0.0,0.0,0.0,0.0,4.57
STU-14500,-0.1731962431327315,1.2652486185260536,-0.8342863072535706,0.009199387382091261,0.6052948184093991,-0.3325661856552993,-1.4621344515391117,1.0,0.0,1.0,0.0,0.0,0.0,0.0,4.38
STU-11571,-0.6937487657322955,-1.270975120603907,-1.771322453476456,-2.686225658133168,-0.7062228222758518,-0.3243318036498379,-0.19160603551764827,1.0,0.0,1.0,0.0,0.0,0.0,0.0,3.4
STU-12865,2.1692901085653062,-0.7604630958192932,-0.5351061678378338,0.9030190915944062,0.14406214235112988,0.44970010486348405,-1.6667628262348761,1.0,0.0,0.0,1.0,0.0,0.0,0.0,4.59
STU-10946,0.34735627946683245,-2.1613080918282734,-0.6219967693843194,0.023165320260409614,-1.8596654143589724,0.02151224057951886,-1.1750438959958003,1.0,0.0,1.0,0.0,0.0,0.0,0.0,2.93
STU-13096,1.3884613246659603,-0.2172783014484642,-0.6506311721666829,-0.43771046472406494,0.1729342973469531,0.32618437478157136,0.5413911275716574,1.0,0.0,0.0,0.0,0.0,1.0,0.0,4.11
STU-12587,0.8679088020663964,-0.05391445351738803,-1.4237600472905168,0.8890531587160878,0.10941555635614222,0.4579344868689447,-0.1580103322093886,1.0,0.0,0.0,0.0,0.0,1.0,0.0,3.34
STU-12963,-0.1731962431327315,-1.0034668196167693,-1.3279829069495055,0.023165320260409614,0.16282904309841506,-1.4689109024089,1.3904461748167698,1.0,0.0,0.0,0.0,0.0,1.0,0.0,4.01
STU-10411,-0.4334725044325135,-1.3853298141556605,1.0792817131678727,0.4980070381232013,-0.40883962581887656,1.9154201018355201,1.537045607434631,0.0,1.0,0.0,0.0,0.0,0.0,1.0,4.33
STU-12182,0.34735627946683245,-0.23361468624157183,-0.1154640580962892,-0.04666434413117842,0.8911291528680455,1.2649039234041102,-0.27101406151898993,1.0,0.0,0.0,0.0,0.0,1.0,0.0,4.35
STU-10538,1.3884613246659603,-0.023283732030311134,-0.7266604485198565,0.6795641655413275,-0.7415912121457343,0.9190598791747534,2.5620963276923314,1.0,0.0,0.0,0.0,0.0,1.0,0.0,3.83
STU-11297,2.559704500514979,-0.13968047368120312,1.5048481821057689,-0.6611653907771436,0.6731443826495827,0.05444976860136239,0.19321747510423723,1.0,0.0,0.0,1.0,0.0,0.0,0.0,5.09
STU-11366,0.34735627946683245,-2.214401342405873,-2.8159844584330536,-0.40977859896743074,-3.1643259182327137,0.3179499927761099,-0.09692723528527972,0.0,1.0,0.0,0.0,1.0,0.0,0.0,1.65
STU-12192,0.8679088020663964,1.6511957092632217,-0.4630264642822284,1.7968387958067198,-0.36841860882472444,-0.5054882077699776,-0.22825589367211357,1.0,0.0,0.0,0.0,0.0,1.0,0.0,4.35
STU-12325,-1.2143012883318594,-0.9034064627589851,-1.4030247901032882,-0.11649400852276522,-1.0793954255968616,2.162451561999347,-0.3259888487506878,1.0,0.0,0.0,0.0,1.0,0.0,0.0,3.3
STU-10940,-1.2143012883318594,0.905848153077686,-0.8895803264195155,-1.0522115113700314,-0.6650800014068037,1.0508099912621276,2.092901789444021,1.0,0.0,0.0,0.0,0.0,0.0,1.0,4.24
STU-10962,-0.1731962431327315,-0.8033461059012009,-2.4388002562653592,-2.2812136046619633,0.1729342973469531,0.4661688688744062,-1.471296916077728,1.0,0.0,0.0,0.0,0.0,0.0,1.0,2.8
STU-11017,-0.4334725044325135,-1.1137374169702459,-0.8056519044712072,-0.17235774003603488,-1.6662219758869596,0.3755906668143363,0.6360699278040262,1.0,0.0,0.0,0.0,1.0,0.0,0.0,3.36
STU-11528,0.6076325407666144,-0.8298927311900006,-1.733801511899564,1.0287124874992626,-0.4442080156887591,0.836716059120145,0.5902576051109445,0.0,1.0,1.0,0.0,0.0,0.0,0.0,4.31
STU-10389,-0.6937487657322955,-0.17847938756483364,0.6823496470123415,-1.2756664374231101,1.0585876518438173,-0.727816521917421,2.5620963276923314,0.0,1.0,0.0,1.0,0.0,0.0,0.0,4.27
STU-10753,-0.4334725044325135,-1.199503437134061,1.5048481821057689,1.2661333464306586,0.0993103021076042,-0.4972538257645162,-0.16411864190179934,1.0,0.0,0.0,0.0,0.0,1.0,0.0,5.18
STU-13843,-0.1731962431327315,0.24626661705596495,-1.613339541573756,1.4616564067271016,0.17076888572226628,-0.974847982081247,-0.42677595867546736,1.0,0.0,0.0,0.0,1.0,0.0,0.0,4.37
STU-14478,0.6076325407666144,1.5695137852976837,0.0770776157851257,-0.5494379277506043,1.0585876518438173,-1.7159423625727261,-0.4023427199058238,1.0,0.0,0.0,0.0,0.0,1.0,0.0,4.48
STU-14989,-0.4334725044325135,-0.9217848956512312,-1.201596577427346,0.20472244767853576,-1.138583343338298,0.8614192051365286,-1.165881431457184,1.0,0.0,0.0,0.0,0.0,1.0,0.0,2.5
STU-13057,0.34735627946683245,-0.023283732030311134,0.577685967876803,0.27455211207012253,1.0585876518438173,0.7296690930491537,-0.1580103322093886,0.0,1.0,0.0,0.0,0.0,0.0,1.0,4.23
STU-10256,-0.9540250270320775,-0.7788415287115392,-1.8206921134460494,-0.004766545496225848,-0.26014802759038896,-0.19258169156246446,-1.1170149539178968,1.0,0.0,0.0,0.0,0.0,0.0,1.0,3.19
STU-13547,-0.6937487657322955,-1.409834391345322,-1.1778991406419417,-2.6984458494016956,-2.694792497613147,0.18619988068873652,-0.2343642033645246,1.0,0.0,0.0,0.0,0.0,0.0,1.0,2.06
STU-10108,0.8679088020663964,-0.2172783014484642,1.4870751045167145,-0.43771046472406494,0.6984075182709282,0.27677808274880566,0.5474994372640681,1.0,0.0,0.0,0.0,1.0,0.0,0.0,3.65
STU-14199,-0.6937487657322955,-2.1368035146386117,-1.0258405879355932,-0.4796082633590175,-2.227063586680818,0.21090302670511862,0.5749868308799171,1.0,0.0,0.0,1.0,0.0,0.0,0.0,1.39
STU-10796,0.6076325407666144,-0.7767994806124008,-0.15792196567014027,0.6237004340280577,0.7460465740140355,0.5896845989563189,-0.7841120756815039,1.0,0.0,0.0,0.0,0.0,0.0,1.0,4.57
STU-11018,-0.4334725044325135,-0.2519931191338179,1.3527896293994204,0.8331894272028181,1.0585876518438173,0.07915291461774449,0.4894704951861649,1.0,0.0,0.0,0.0,0.0,0.0,1.0,5.33
STU-10934,-0.9540250270320775,-1.420044631841014,0.0657225939921197,1.7968387958067198,-1.404207169299868,-1.5594891044689692,-1.1292315733027187,1.0,0.0,0.0,0.0,0.0,0.0,1.0,3.79
STU-10694,0.34735627946683245,0.21155179937061122,-0.47290039627614655,0.6237004340280577,1.0585876518438173,-1.0571918021358562,0.10159282971807405,1.0,0.0,0.0,0.0,0.0,1.0,0.0,3.86
STU-11218,0.08708001816705048,1.602186554883899,0.9756054272317267,0.8611212929594536,1.0585876518438173,1.3143102154368758,-0.6375126430636426,1.0,0.0,1.0,0.0,0.0,0.0,0.0,5.77
STU-11649,-1.2143012883318594,0.5729943129181176,0.5500389582938305,0.5399048367581526,-0.47452377843437316,-1.765348654605491,-1.1567189669185678,1.0,0.0,0.0,0.0,0.0,0.0,1.0,4.18
STU-10829,-0.6937487657322955,-0.023283732030311134,-1.183823499838293,-1.513087296354506,-0.22694504934519316,0.4085281948361798,0.2084882493352644,1.0,0.0,0.0,0.0,0.0,1.0,0.0,3.82
STU-14764,0.6076325407666144,1.1835666945605157,0.775164607755177,-0.24218740442762168,0.30646801420263314,-0.5878320278245861,-0.5550504622160959,0.0,1.0,1.0,0.0,0.0,0.0,0.0,4.57
STU-13871,1.3884613246659603,1.2407440413363926,-0.29813179998378597,-0.7309950551687304,0.9763020101057223,0.5320439249180933,-0.7382997529884223,1.0,0.0,0.0,0.0,0.0,0.0,1.0,4.03
STU-12364,0.8679088020663964,0.6465080444871019,1.5048481821057689,-0.004766545496225848,1.0585876518438173,-0.044362815464168204,-0.07249399651563616,1.0,0.0,0.0,0.0,0.0,0.0,1.0,4.44
STU-10608,-1.4745775496316413,-0.06004059781480326,1.4337558717495544,-0.27011927018425713,0.4638212589298679,0.8284816771146842,-0.03584413836117084,0.0,1.0,0.0,0.0,0.0,1.0,0.0,4.18
STU-12197,1.6487375859657423,0.7200217760560865,0.513505409916331,1.0845762190125323,0.8377156661257726,-1.0407230381249342,-0.8146536241435584,0.0,1.0,0.0,1.0,0.0,0.0,0.0,4.32
STU-10418,-0.1731962431327315,0.27485529044390344,0.0657225939921197,-0.21425553867098746,0.2220169608398513,0.19443426269419722,-0.1580103322093886,1.0,0.0,0.0,0.0,1.0,0.0,0.0,4.56
STU-14158,0.34735627946683245,-0.023283732030311134,0.8432947385132158,-1.59688289362441,0.3050244064528423,0.9190598791747534,-0.8635201016828453,1.0,0.0,0.0,0.0,0.0,0.0,1.0,4.48
STU-10628,0.34735627946683245,0.14620626019818062,0.0657225939921197,-0.4935741962373346,0.6413850121541776,-1.1724731502123082,-0.10608969982389611,1.0,0.0,1.0,0.0,0.0,0.0,0.0,4.02
STU-11714,-0.9540250270320775,-1.3628672850651373,0.1797665085218794,1.4197586080921505,-0.5539222046728864,0.23560617272150144,0.3611959916455364,1.0,0.0,0.0,0.0,0.0,0.0,1.0,4.15
STU-12776,-1.4745775496316413,-0.11721794459068023,0.9301853400597013,-0.4516763976023833,0.772031513510276,-0.42314438771536844,0.016076494024321635,0.0,1.0,0.0,0.0,0.0,0.0,1.0,4.62
STU-10290,-0.1731962431327315,-0.04574626112083402,0.7564041369667317,-0.13045994140108233,1.0585876518438173,1.9648263938682857,-0.17328110644041572,0.0,1.0,0.0,0.0,0.0,1.0,0.0,4.17
STU-14504,0.08708001816705048,-0.38472624557781754,0.4917827595297099,-0.42374453184574784,0.24655829258630094,0.4661688688744062,-0.04500660289978724,1.0,0.0,0.0,0.0,1.0,0.0,0.0,4.95
STU-13942,0.8679088020663964,1.371435119681253,0.7652906757612589,-0.6890972565337792,0.6363323850299092,-0.28315989362253363,1.167492871043773,1.0,0.0,0.0,0.0,1.0,0.0,0.0,3.92
STU-10804,-0.9540250270320775,0.11353349061196531,1.140500091530169,0.26058617919180543,0.5237309805462,-1.2136450602396125,1.0239475932721172,1.0,0.0,0.0,0.0,0.0,0.0,1.0,4.62
STU-14657,-0.1731962431327315,-0.7380005667287702,-1.5995160367822696,-1.6108488265027283,-1.5298010435316969,0.5073407789017104,0.1962716299504426,1.0,0.0,0.0,0.0,0.0,0.0,1.0,2.96
STU-14610,-1.2143012883318594,-0.36430576458643305,0.5451019922968715,0.7074960312979617,1.0585876518438173,-0.2749255116170729,-1.159773121764773,0.0,1.0,0.0,0.0,0.0,1.0,0.0,4.69
STU-13304,0.34735627946683245,1.1202632034872237,1.0516347035849003,-0.5773697935072397,1.0585876518438173,0.9355286431856763,0.205434094489059,0.0,1.0,1.0,0.0,0.0,0.0,0.0,5.06
STU-10332,0.8679088020663964,0.3769576954008262,0.28739236725559353,-0.6751313236554608,1.0585876518438173,-1.3536295543324472,-0.985686295531063,0.0,1.0,0.0,0.0,1.0,0.0,0.0,4.55
STU-14419,2.1692901085653062,-0.4092308227674792,1.081256499566656,-0.6471994578988266,1.0585876518438173,-0.9913167460921691,-0.02668167382255444,1.0,0.0,0.0,1.0,0.0,0.0,0.0,5.09
STU-11250,0.34735627946683245,-0.4500717847502481,-0.15989675206892362,-1.191870840153205,0.6002421912851307,-0.23375360158976868,-0.36874701659756387,1.0,0.0,0.0,0.0,0.0,0.0,1.0,3.78
STU-11705,0.6076325407666144,0.1747949335861191,0.7652906757612589,0.023165320260409614,1.0585876518438173,-0.974847982081247,1.2896590648919901,1.0,0.0,0.0,0.0,1.0,0.0,0.0,5.01
STU-14437,-0.6937487657322955,-0.23769878243984902,0.7011101178007868,0.27455211207012253,0.05455846186407956,-0.1514097815351595,2.5479708615286323,1.0,0.0,0.0,1.0,0.0,0.0,0.0,4.51
STU-12996,-0.6937487657322955,0.9773198365475314,0.2883797604549859,0.23265431343516998,0.4234002419357158,-0.2584567476061508,2.5620963276923314,1.0,0.0,0.0,0.0,1.0,0.0,0.0,4.69
STU-10771,0.8679088020663964,-0.45415588094852494,-0.6526059585654662,0.6097345011497406,-1.0375308008529187,-1.0983637121631604,0.9659186511942138,1.0,0.0,0.0,0.0,1.0,0.0,0.0,2.82
STU-12270,0.6076325407666144,0.7690309304354095,-0.14212367447987068,-1.6667125580159978,1.0585876518438173,0.40029381283071913,0.18405501056562082,1.0,0.0,1.0,0.0,0.0,0.0,0.0,4.12
STU-10392,0.8679088020663964,-0.24178287863812584,0.7050596905983548,0.34438177646170937,-0.17353156260292033,0.9931693172239027,2.2211762929846497,1.0,0.0,1.0,0.0,0.0,0.0,0.0,3.76
STU-13238,0.8679088020663964,-0.8237665868925854,-1.8522886958265885,0.5399048367581526,-1.669109191386542,-1.5100828124362042,1.0941931547348422,1.0,0.0,0.0,0.0,0.0,1.0,0.0,3.51
STU-12359,1.3884613246659603,0.08290276912488842,0.7909628989454466,1.5175201382403714,1.041264358846324,-0.1349410175242381,-0.1580103322093886,1.0,0.0,0.0,0.0,1.0,0.0,0.0,5.8
STU-12327,-0.4334725044325135,1.252996329931223,-0.49758522626094326,0.10696091753031352,0.4472197698072695,-1.9382706767201694,1.5828579301277128,1.0,0.0,0.0,0.0,0.0,0.0,1.0,4.67
STU-14718,-0.6937487657322955,-0.2887499849183104,-0.20926641203851712,-0.14442587427939943,-0.6953957641524178,1.281372687415033,-1.7034126843893416,0.0,1.0,0.0,0.0,1.0,0.0,0.0,4.59
STU-14859,1.6487375859657423,2.073899665784882,0.912412262470647,-0.21425553867098746,1.0585876518438173,0.6802628010163888,-0.20076850005626465,1.0,0.0,0.0,0.0,0.0,1.0,0.0,4.84
STU-12238,-0.4334725044325135,0.4811021484568873,-0.5272070222426991,0.9449168902293574,-0.11506544873638003,0.4579344868689447,-1.5934631099259458,0.0,1.0,0.0,1.0,0.0,0.0,0.0,4.4
STU-12334,0.08708001816705048,-0.9299530880477851,-1.2371427326054534,0.9169850244727232,0.43206188843446197,0.02151224057951886,-1.028444463377939,0.0,1.0,0.0,0.0,0.0,1.0,0.0,4.19
STU-13095,0.08708001816705048,-0.29691817731486403,1.5048481821057689,-2.4907025978367243,1.0441515743459056,-0.29962865763345575,-0.21298511944108642,1.0,0.0,0.0,0.0,0.0,0.0,1.0,3.64
STU-12237,0.08708001816705048,-0.14989071417689517,-0.8767442148274216,0.5957685682714223,-0.6910649409030442,-0.011425287442324671,1.717240743360752,1.0,0.0,0.0,0.0,1.0,0.0,0.0,3.64
STU-11728,-0.1731962431327315,0.7996616519224864,-1.2944115381701815,1.0147465546209455,0.968362167481871,-0.9172073080430214,-0.46953412652234344,1.0,0.0,0.0,0.0,0.0,0.0,1.0,4.3
STU-14167,1.1281850633661783,-0.24382492673726425,1.4169701873598923,0.35834770934002647,0.2934755444545134,-0.3655037136771428,2.5620963276923314,0.0,1.0,0.0,1.0,0.0,0.0,0.0,5.4
STU-10738,1.1281850633661783,0.2013415588749188,0.39798040558748343,0.4980070381232013,-0.2926292019606898,-1.1230668581795433,0.15351346210356653,1.0,0.0,0.0,0.0,0.0,0.0,1.0,4.62
STU-14057,1.1281850633661783,-0.7196221338365242,-0.8214501956614767,-1.3175642360580628,0.18664857096996876,0.38382504881979695,-0.3412596229817149,1.0,0.0,1.0,0.0,0.0,0.0,0.0,3.37
STU-10165,1.1281850633661783,0.7996616519224864,1.367600527390299,0.13489278328694773,0.442167142683,-0.08553472549147244,-0.002248435052911163,1.0,0.0,0.0,0.0,0.0,1.0,0.0,4.74
STU-11868,-1.4745775496316413,-0.11925999268981864,-0.11348927169750585,-1.0382455784917144,-0.7199370958988675,1.380185271480563,1.8271903178241482,1.0,0.0,0.0,0.0,1.0,0.0,0.0,2.98
STU-14759,-0.9540250270320775,1.1223052515863619,1.5048481821057689,0.3723136422183448,0.9820764411048867,-0.6290039378518903,-0.7413539078346277,1.0,0.0,0.0,0.0,0.0,1.0,0.0,4.26
STU-12834,-1.4745775496316413,-1.4343389685349834,-1.009054903545931,-1.0801433771266657,-1.8149135741154474,0.8696535871419893,-0.44815504259890554,0.0,1.0,0.0,0.0,0.0,0.0,1.0,3.81
STU-13370,1.1281850633661783,-1.4363810166341218,0.15310689213829928,0.21868838055685288,0.3865882443160414,1.1578569573331197,-0.5550504622160959,1.0,0.0,0.0,0.0,0.0,0.0,1.0,4.64
STU-10213,0.08708001816705048,0.6260875634957174,-1.3526677369343023,-0.07459620988781264,-0.3792456669481584,1.0261068452457456,-1.0498235473013773,0.0,1.0,0.0,0.0,0.0,0.0,1.0,4.14
STU-10060,-0.4334725044325135,0.0012208451593501623,0.6853118266105171,0.35834770934002647,0.4760919248030927,2.7059207743597633,0.9323229478859536,1.0,0.0,1.0,0.0,0.0,0.0,0.0,4.84
STU-10074,0.08708001816705048,1.1100529629915314,1.5048481821057689,0.8750872258377707,1.0585876518438173,-1.3865670823542908,0.7857235152680929,0.0,1.0,1.0,0.0,0.0,0.0,0.0,5.22
STU-11052,1.9090138472655243,-1.4547594495263678,0.6073077638585589,-0.2980511359408914,-1.4684477141655738,0.5567470709344753,0.8956730897314885,1.0,0.0,0.0,0.0,0.0,0.0,1.0,3.44
STU-14681,-0.1731962431327315,-2.2695366410826114,-0.8935298992170836,0.21868838055685288,-1.978041249841846,-0.11847225351331596,1.8363527823627643,1.0,0.0,1.0,0.0,0.0,0.0,0.0,3.11
STU-13200,0.8679088020663964,-0.023283732030311134,-0.380085435533311,0.023165320260409614,-0.3207795530816171,1.2566695413986495,-0.7474622175270386,1.0,0.0,0.0,0.0,1.0,0.0,0.0,2.94
STU-12943,-0.1731962431327315,-0.2887499849183104,0.4779592547382237,-1.4432576319629191,1.0585876518438173,0.21090302670511862,0.29095043018281114,1.0,0.0,0.0,0.0,1.0,0.0,0.0,3.56
STU-14557,-0.4334725044325135,-1.109653320771969,0.0657225939921197,0.0929949846519964,-1.5882671573982383,0.12855920665051015,-1.361347341614332,1.0,0.0,0.0,0.0,1.0,0.0,0.0,2.21
STU-10242,-0.1731962431327315,1.4020658411683304,0.6744505014172066,0.7912916285678668,0.7561518282625735,0.8861223511529106,0.07410543610222486,0.0,1.0,0.0,0.0,0.0,1.0,0.0,5.55
STU-10955,-1.2143012883318594,-0.32754889880194094,0.06522889739242282,0.8611212929594536,0.9965125186027983,0.9602317892020584,0.23292148810490793,1.0,0.0,1.0,0.0,0.0,0.0,0.0,5.48
STU-14163,-1.4745775496316413,0.6015829863060561,0.6902487926074763,0.3723136422183448,1.0585876518438173,-0.7031133759010381,-0.8726825662214617,0.0,1.0,0.0,1.0,0.0,0.0,0.0,5.41
STU-13386,0.08708001816705048,0.8547969505992246,-0.540043133834793,-0.9963477798567617,-0.15187744635605344,-0.16787854554608161,0.5902576051109445,0.0,1.0,0.0,0.0,1.0,0.0,0.0,3.48
STU-13078,1.1281850633661783,-0.6522345465649552,0.45327442475342694,-0.4796082633590175,-1.0721773868479052,-1.3206920263106037,-0.9795779858386522,0.0,1.0,0.0,0.0,0.0,1.0,0.0,3.2
STU-10791,-0.4334725044325135,0.7996616519224864,-0.2556738924099349,0.5399048367581526,-0.5705236937954838,0.15326235266689298,-0.6100252494477937,1.0,0.0,0.0,0.0,0.0,1.0,0.0,4.55
STU-10093,0.08708001816705048,-0.2172783014484642,-0.20334205284216567,-0.1025280756444481,0.0018667789967026565,0.4579344868689447,-1.2849934704591963,1.0,0.0,0.0,0.0,0.0,1.0,0.0,3.39
STU-13501,-0.6937487657322955,0.042061807142119476,1.5048481821057689,1.74097506429345,1.0585876518438173,0.22737179071604074,-0.7199748239111896,0.0,1.0,0.0,0.0,1.0,0.0,0.0,5.61
STU-13899,1.1281850633661783,0.7833252671293783,0.0657225939921197,0.42817737373161324,0.8023472762558901,0.16149673467235368,0.1077011394104848,1.0,0.0,0.0,0.0,1.0,0.0,0.0,4.51
STU-14804,1.1281850633661783,-1.0953589840779998,0.4631483567473465,-0.8846203168302224,-0.35903515845108236,0.23560617272150144,-0.7474622175270386,0.0,1.0,0.0,0.0,0.0,0.0,1.0,4.97
STU-12288,-0.6937487657322955,-0.6951175566468626,-0.48376172146945706,-1.3035983031797445,-0.6520875316586839,-0.2502223656006901,-1.1964229799192385,0.0,1.0,0.0,0.0,0.0,1.0,0.0,2.59
STU-13020,0.34735627946683245,-0.5011229872287095,-0.021661704154061278,0.819223494324501,0.08631783235948448,-0.23375360158976868,0.1382426878725391,0.0,1.0,0.0,0.0,0.0,1.0,0.0,3.94
STU-14450,0.6076325407666144,-0.33367504309935614,0.3268880952312675,0.27455211207012253,0.33461836532356043,-0.3490349496662207,1.8455152469013805,1.0,0.0,0.0,1.0,0.0,0.0,0.0,3.85
STU-11439,1.9090138472655243,0.4096304649870411,0.07510282938634096,-1.0522115113700314,1.0585876518438173,0.9355286431856763,-0.8513034822980237,1.0,0.0,0.0,0.0,0.0,0.0,1.0,4.65
STU-12352,0.6076325407666144,0.34836902201288766,1.5048481821057689,0.7354278970545971,1.0585876518438173,-1.180707532217769,-0.1580103322093886,1.0,0.0,1.0,0.0,0.0,0.0,0.0,4.39
STU-12818,-0.9540250270320775,2.595387699102364,1.5048481821057689,0.972848755985993,0.4688738860541364,-0.9913167460921691,-0.09692723528527972,1.0,0.0,0.0,0.0,0.0,1.0,0.0,5.52
STU-12730,0.08708001816705048,0.448429378870672,0.7741772145557846,-0.9125521825868579,0.8073999033801585,-0.6454727018628125,-0.8910074952986944,0.0,1.0,0.0,0.0,0.0,0.0,1.0,4.27
STU-12897,-0.6937487657322955,-0.36226371648729466,0.5164675895145067,-0.004766545496225848,1.0585876518438173,-1.600661014496274,-0.570321236447123,1.0,0.0,0.0,0.0,1.0,0.0,0.0,3.78
STU-14179,0.6076325407666144,1.5552194486037145,0.5046188711218051,0.5259389038798356,-0.1100128216121105,-0.3243318036498379,-1.3155350189212507,1.0,0.0,0.0,0.0,0.0,1.0,0.0,5.25
STU-12460,0.08708001816705048,1.6695741421554677,1.5048481821057689,0.06506311889536094,1.0585876518438173,0.02151224057951886,-0.5306172234464522,1.0,0.0,0.0,0.0,0.0,0.0,1.0,5.82
STU-12252,-0.6937487657322955,-0.7155380376382474,-1.4869532120515965,-1.094109310004984,-1.074342798472592,-1.4853796664198213,0.3917375401075907,1.0,0.0,0.0,0.0,1.0,0.0,0.0,2.67
STU-11345,-1.4745775496316413,-1.7243097986126439,0.0657225939921197,-1.848269685434124,-1.9224623514748869,1.4789978555460943,-1.0253903085317337,1.0,0.0,0.0,1.0,0.0,0.0,0.0,2.27
STU-12287,-1.4745775496316413,-1.3873718622547988,-1.814767754249698,-1.4851554305978705,-0.620328161163279,-1.131301240185004,0.055780507024992335,0.0,1.0,1.0,0.0,0.0,0.0,0.0,2.35
STU-11454,-1.4745775496316413,1.0283710390259928,0.0657225939921197,-0.39581266608911364,0.6363323850299092,-0.43137876972082917,-1.055931856993788,1.0,0.0,0.0,0.0,0.0,1.0,0.0,4.67
STU-11843,-0.4334725044325135,0.8343764696078397,1.5048481821057689,1.0985421518908494,1.0585876518438173,0.3179499927761099,0.03134726825534878,0.0,1.0,0.0,0.0,0.0,1.0,0.0,5.45
STU-13106,-1.4745775496316413,2.26176809090562,0.8028116173381494,1.7968387958067198,1.0066177728513364,-0.5878320278245861,-0.21909342913349744,1.0,0.0,1.0,0.0,0.0,0.0,0.0,6.92
STU-11582,0.34735627946683245,1.6062706510821758,1.059533849180035,1.7968387958067198,0.1729342973469531,0.8531848231310664,0.6513407020350531,1.0,0.0,0.0,0.0,0.0,0.0,1.0,5.84
STU-10034,0.34735627946683245,-0.7441267110261855,1.5048481821057689,-0.5773697935072397,0.08703963623438042,-0.10200348950239456,-1.0773109409172261,1.0,0.0,0.0,0.0,0.0,0.0,1.0,3.97
STU-11933,-1.4745775496316413,-1.2423864472159685,-1.4830036392540298,-1.0382455784917144,-0.8715159096269367,-1.4359733743870564,-0.12441462890112863,1.0,0.0,0.0,0.0,1.0,0.0,0.0,2.87
STU-13948,0.6076325407666144,-0.023283732030311134,0.67642528781599,0.26058617919180543,-1.2742824718186647,-1.0242542741140128,-0.14884786767077218,1.0,0.0,0.0,0.0,0.0,0.0,1.0,4.23
STU-10065,0.08708001816705048,1.8308959419874054,0.5549759242907897,1.2661333464306586,0.1729342973469531,0.3179499927761099,0.04356388764017056,1.0,0.0,0.0,1.0,0.0,0.0,0.0,5.89
STU-14980,0.08708001816705048,-0.6338561136727091,-0.3830476151314867,-1.6946444237726321,-1.5095905350346208,0.49087201489078824,-0.6985957399877515,1.0,0.0,0.0,0.0,1.0,0.0,0.0,3.03
STU-13688,0.34735627946683245,-2.114340985548089,-0.5854632210068198,-0.2002896057926691,-2.379364204283783,0.44970010486348405,2.126497492752281,1.0,0.0,0.0,1.0,0.0,0.0,0.0,3.12
STU-12394,-1.2143012883318594,0.7690309304354095,0.08398936818086812,0.26058617919180543,1.0585876518438173,0.48263763288532757,0.35814183679933104,1.0,0.0,0.0,0.0,0.0,0.0,1.0,5.56
STU-10908,0.34735627946683245,-0.03757806872428038,0.3940308327899153,0.023165320260409614,1.0585876518438173,1.5860448216170848,-0.011410899591527291,1.0,0.0,0.0,0.0,0.0,1.0,0.0,5.38
STU-11363,-0.6937487657322955,0.10944939441368849,0.23999749368478338,-0.7309950551687304,0.1729342973469531,-1.5100828124362042,2.5601874809134535,1.0,0.0,0.0,1.0,0.0,0.0,0.0,3.65
STU-14156,2.559704500514979,-1.9285146085264895,-1.2934241449707906,-0.43771046472406494,0.1729342973469531,0.24384055472696214,0.2848421204904004,1.0,0.0,0.0,0.0,0.0,0.0,1.0,2.25
STU-12884,0.8679088020663964,-0.21115215715104896,-2.183065417622865,0.13489278328694773,-2.1664320611895898,0.7379034750546151,2.5620963276923314,0.0,1.0,0.0,0.0,0.0,1.0,0.0,3.23
STU-10783,-1.4745775496316413,-1.1014851283754152,-1.754536769086794,-0.605301659263874,-1.0707337790981144,-1.0571918021358562,1.451529271740879,1.0,0.0,0.0,0.0,0.0,0.0,1.0,3.35
STU-12409,0.34735627946683245,-0.12334408888809546,0.0657225939921197,0.051097186017043834,-1.9101916856016625,-1.8394580926546396,0.1871091654118262,1.0,0.0,0.0,1.0,0.0,0.0,0.0,2.26
STU-12005,0.34735627946683245,-0.9871304348236617,-1.2805880333786954,-2.6984458494016956,-1.012989469106469,-0.6207695558464297,-0.8421410177594073,1.0,0.0,0.0,0.0,0.0,1.0,0.0,2.38
STU-11152,-0.4334725044325135,0.28098143474131865,-0.9290760543951908,0.38627957509666194,-0.06526098136858483,-0.8925041620266386,-1.685087755312109,1.0,0.0,0.0,0.0,1.0,0.0,0.0,3.57
STU-10635,-0.6937487657322955,0.5464476876293175,1.377474459384217,1.140439950525802,0.1729342973469531,1.0919819012894325,-0.2893389905962225,1.0,0.0,0.0,0.0,0.0,0.0,1.0,4.99
STU-14176,-1.2143012883318594,-2.2695366410826114,-1.1611134562522798,-0.5354719948722872,-1.9246277630995736,-0.41491000570990777,1.1522220968127455,1.0,0.0,0.0,0.0,0.0,0.0,1.0,2.47
STU-14003,0.34735627946683245,-1.7733189529919668,0.6023707978615997,-0.2561533373059388,-1.3876056801772696,-0.8266291059829515,-0.42677595867546736,1.0,0.0,0.0,0.0,0.0,1.0,0.0,2.31
STU-13534,1.9090138472655243,-0.33775913929763296,0.6063203706591679,-0.758926920925366,0.927219346612824,0.03798100459044026,-1.608733884156973,1.0,0.0,0.0,0.0,0.0,1.0,0.0,4.59
STU-12160,-0.4334725044325135,0.6853069583707327,1.5048481821057689,1.1963036820390716,1.0585876518438173,1.281372687415033,-0.390126100521002,0.0,1.0,0.0,1.0,0.0,0.0,0.0,5.03
STU-13765,0.6076325407666144,-0.4643661214442174,-0.23493863522270622,0.023165320260409614,-1.5637258256517885,2.2447953820539555,-0.9062782695297215,1.0,0.0,0.0,0.0,0.0,0.0,1.0,3.25
STU-12131,-0.9540250270320775,-0.7155380376382474,1.5048481821057689,1.4895882724837373,0.957535109358437,1.824841899775451,-1.3949430449225921,0.0,1.0,1.0,0.0,0.0,0.0,0.0,5.26
STU-10217,1.6487375859657423,-1.1688727156469843,0.2656697168689725,0.0929949846519964,-1.3883274840521656,-0.43961315172629056,1.1797094904285945,1.0,0.0,0.0,0.0,0.0,1.0,0.0,2.63
STU-10565,0.8679088020663964,-0.772715384414124,-0.046346534138858024,-0.9823818469784447,-0.8960572413733864,1.4378259455187892,1.051434986887966,1.0,0.0,0.0,1.0,0.0,0.0,0.0,3.21
STU-11385,1.6487375859657423,0.9589414036552854,0.16199343093282645,-0.7170291222904134,1.0585876518438173,-0.11023787150785526,-0.054169067438403634,1.0,0.0,0.0,0.0,0.0,1.0,0.0,4.65
STU-12297,-0.1731962431327315,0.9201424897716551,0.560900283487141,1.7968387958067198,-0.486794444307598,-0.08553472549147244,-0.1580103322093886,1.0,0.0,0.0,0.0,0.0,1.0,0.0,4.73
STU-11158,0.08708001816705048,-0.023283732030311134,0.7949124717430147,-1.2756664374231101,0.5980767796604439,0.32618437478157136,0.019130648870527008,1.0,0.0,0.0,0.0,1.0,0.0,0.0,3.22
STU-13934,-0.1731962431327315,-0.03757806872428038,-0.3455266735545947,0.38627957509666194,-2.05238704895609,0.7955441490928408,-1.489621845154961,1.0,0.0,0.0,1.0,0.0,0.0,0.0,3.7
STU-10624,-1.2143012883318594,-0.11925999268981864,-0.5746018958135092,-0.7868587866820002,-0.32799759183057237,0.7049659470327716,-0.09998139013148509,1.0,0.0,0.0,0.0,0.0,0.0,1.0,3.75
STU-13311,-0.4334725044325135,-1.0463498296986768,0.48684579353275087,1.1683718162824361,-0.36480958945024683,-0.9666136000757863,1.0605974514265821,0.0,1.0,1.0,0.0,0.0,0.0,0.0,4.5
STU-13341,0.08708001816705048,0.2952757714352879,-0.03252302934737179,-0.6751313236554608,1.0585876518438173,-0.727816521917421,0.8101567540377365,1.0,0.0,0.0,1.0,0.0,0.0,0.0,4.61
STU-13729,0.6076325407666144,-2.2695366410826114,-1.8177299338478736,-2.183452074513741,-1.9044172546024976,1.2319663953822673,-1.5843006453873294,0.0,1.0,0.0,0.0,0.0,0.0,1.0,2.69
STU-13131,0.34735627946683245,-0.48478660243560184,-1.0228784083374174,-0.2561533373059388,-0.7899520717637376,0.5238095429126318,0.2420839526435243,1.0,0.0,0.0,1.0,0.0,0.0,0.0,2.72
STU-11789,-0.9540250270320775,1.1263893477846387,0.9331475196578757,0.9309509573510404,1.0585876518438173,1.4625290915351714,-0.7596788369118603,1.0,0.0,0.0,0.0,1.0,0.0,0.0,5.37
STU-12361,0.6076325407666144,-1.3649093331642759,-0.37811064913452624,0.9030190915944062,-0.8130497957603964,-2.177067754878535,0.8223733734225579,1.0,0.0,0.0,0.0,1.0,0.0,0.0,4.08
STU-11897,-0.1731962431327315,-0.5317537087157864,-1.2874997857744392,-0.6471994578988266,-0.259426223715494,-1.0242542741140128,1.7202948982069575,1.0,0.0,0.0,0.0,0.0,0.0,1.0,3.29
STU-11434,-0.1731962431327315,1.0671699529096237,0.5648498562847092,0.023165320260409614,1.0585876518438173,0.4661688688744062,0.0008057197932944839,1.0,0.0,0.0,0.0,0.0,1.0,0.0,4.65
STU-14823,-0.4334725044325135,0.2932337233361495,-0.4709256098773632,-0.9265181154651749,0.6211745036571017,1.7095605516989982,-0.832978553220791,1.0,0.0,0.0,0.0,0.0,1.0,0.0,4.58
STU-11611,1.3884613246659603,0.18908927028008798,-0.7908410064803285,0.8052575614461839,-0.1865240323510411,-0.3819724776880642,-0.9704155213000357,1.0,0.0,0.0,0.0,0.0,0.0,1.0,4.14
STU-12424,1.1281850633661783,0.5280692547370714,-0.44525338669317405,-0.4516763976023833,1.0585876518438173,1.3966540354914843,0.5077954242633977,1.0,0.0,0.0,0.0,0.0,0.0,1.0,4.94
STU-14674,-1.4745775496316413,-0.1927737242588029,-0.9359878067909333,0.567836702514788,0.3158514645762752,-0.07730034348601174,-0.24658082274934637,1.0,0.0,1.0,0.0,0.0,0.0,0.0,4.26
STU-14766,-0.1731962431327315,-0.19889986855621813,-1.2894745721732226,-1.177904907274888,0.22057335309006046,-0.5795976458191254,0.30927535926004396,1.0,0.0,0.0,0.0,0.0,0.0,1.0,3.44
STU-12493,-0.9540250270320775,-0.8993223665607082,-0.4946230466627676,-0.1025280756444481,0.3837010288164597,0.9849349352184406,-0.09387308043907433,0.0,1.0,0.0,0.0,0.0,1.0,0.0,3.67
STU-13977,2.1692901085653062,0.883385623987163,1.0990295771557104,0.1907565148002174,1.0585876518438173,-0.5713632638136648,-1.3277516383060723,1.0,0.0,0.0,0.0,0.0,1.0,0.0,4.01
STU-11102,-0.9540250270320775,0.10740734631455008,-0.043384354540683706,0.4980070381232013,-0.5604184395469469,-0.1349410175242381,0.11075529425669019,1.0,0.0,0.0,0.0,1.0,0.0,0.0,3.76
STU-13118,-0.1731962431327315,1.3326362057976229,0.5737363950792349,0.051097186017043834,1.0585876518438173,1.0837475192839718,0.1168636039491012,1.0,0.0,0.0,0.0,0.0,0.0,1.0,4.73
STU-13174,0.34735627946683245,-0.4500717847502481,0.5273289147078172,0.8331894272028181,-0.9841173141106458,1.009638081234824,1.6866991948986978,1.0,0.0,0.0,0.0,0.0,1.0,0.0,4.19
STU-14880,1.1281850633661783,0.37899974349996457,-0.3534258191497295,-0.8008247195603185,1.0585876518438173,-0.4478475337317513,0.18405501056562082,1.0,0.0,0.0,0.0,0.0,0.0,1.0,4.14
STU-10856,0.34735627946683245,2.1126985796685127,0.1333590281504616,1.7968387958067198,1.0585876518438173,-1.2301138242505345,0.3550876819531257,0.0,1.0,0.0,0.0,0.0,0.0,1.0,6.08
STU-11526,0.34735627946683245,-0.9544576652374464,-1.596553857184094,-1.0801433771266657,-0.38718550957200965,-0.5054882077699776,-1.1475565023799514,0.0,1.0,1.0,0.0,0.0,0.0,0.0,2.63
STU-11049,0.6076325407666144,-1.5323572772936291,-1.4454826976771378,-1.4572235648412364,-1.9946427389644439,0.17796549868327508,-0.8390868629132019,1.0,0.0,0.0,0.0,0.0,0.0,1.0,2.38
STU-10568,-0.6937487657322955,0.8997220087802703,0.38909386679295627,-0.5773697935072397,1.0585876518438173,-0.1349410175242381,-0.5306172234464522,0.0,1.0,0.0,0.0,0.0,0.0,1.0,4.76
STU-14091,2.1692901085653062,-0.3663478126855715,-0.324791416367366,-0.186323672914352,-0.6982829796520005,-0.9007385440320993,0.15351346210356653,1.0,0.0,0.0,0.0,1.0,0.0,0.0,3.61
STU-10308,0.08708001816705048,-0.9667099538322772,-2.0191581465238144,0.13489278328694773,-1.5233048086576366,0.02151224057951886,0.7887776701142982,0.0,1.0,0.0,1.0,0.0,0.0,0.0,2.52
STU-13362,-1.2143012883318594,1.9432085874400205,1.5048481821057689,1.7968387958067198,1.0585876518438173,0.6390908909890846,-0.8543576371442291,0.0,1.0,0.0,0.0,0.0,1.0,0.0,5.79
STU-14376,0.08708001816705048,-0.008989395336341894,0.7238201613868002,-2.1415542758787898,0.7539864166378868,-0.3655037136771428,-0.4206676489830563,1.0,0.0,0.0,0.0,0.0,0.0,1.0,3.77
STU-13455,-1.4745775496316413,-0.3724739569829871,-1.0179414423404582,-0.9823818469784447,0.6312797579056396,1.2731383054095724,1.4973415944339605,1.0,0.0,0.0,1.0,0.0,0.0,0.0,3.66
STU-14165,0.34735627946683245,-0.5664685264011401,1.153336203122263,0.6376663669063749,0.8052344917554718,0.40029381283071913,1.0728140708114042,0.0,1.0,0.0,0.0,0.0,0.0,1.0,4.63
STU-10069,-0.4334725044325135,1.1570200692717159,0.4325391675661983,0.06506311889536094,0.3865882443160414,-0.16787854554608161,-1.1261774184565132,0.0,1.0,0.0,0.0,1.0,0.0,0.0,4.6
STU-11450,-1.4745775496316413,0.43005094597842597,0.8087359765345009,-1.0661774442483485,-0.3294411995803642,-0.3737380956826035,2.5620963276923314,1.0,0.0,0.0,0.0,1.0,0.0,0.0,4.15
STU-14728,-0.4334725044325135,-0.11925999268981864,-1.2657771353878182,-1.9599971484606635,0.08126520523521495,0.3920594308252584,1.4362584975098516,1.0,0.0,0.0,0.0,0.0,1.0,0.0,2.95
STU-13008,0.34735627946683245,-0.19685782045707972,0.0657225939921197,-0.4935741962373346,-1.5225830047827416,-0.9830823640867085,-1.0803650957634316,1.0,0.0,0.0,1.0,0.0,0.0,0.0,3.73
STU-14026,0.6076325407666144,-0.9279110399486465,1.0911304315605757,-0.9963477798567617,-0.8296512848829938,0.02151224057951886,-0.1580103322093886,1.0,0.0,0.0,1.0,0.0,0.0,0.0,3.78
STU-14248,-0.6937487657322955,-0.7298323743322166,-0.23000166922574575,-0.1025280756444481,-0.1821932091016675,0.02151224057951886,-0.4206676489830563,1.0,0.0,0.0,0.0,0.0,0.0,1.0,3.77
STU-11655,-0.6937487657322955,0.33611673341805687,-2.582959663376572,0.1907565148002174,0.31440785682648437,-0.5054882077699776,-0.7993828499125311,1.0,0.0,0.0,0.0,0.0,0.0,1.0,3.59
STU-14706,-0.1731962431327315,0.7424843051466093,0.05535496539850328,1.1683718162824361,1.0585876518438173,0.02151224057951886,-0.1580103322093886,0.0,1.0,0.0,0.0,0.0,0.0,1.0,5.1
STU-14470,0.6076325407666144,-0.4868286505347403,-1.046575845122823,-0.5913357263855569,-0.4774109939339559,0.672028419010928,-0.313772229365866,1.0,0.0,1.0,0.0,0.0,0.0,0.0,3.14
STU-13102,-0.6937487657322955,0.4831441965560257,0.7949124717430147,0.40024550797497904,0.5915805447863836,1.1578569573331197,-1.1475565023799514,1.0,0.0,0.0,1.0,0.0,0.0,0.0,4.23
STU-12229,1.1281850633661783,0.5627840724224252,0.5480641718950472,0.35834770934002647,-0.785621248514364,0.8943567331583714,0.3764667658765636,1.0,0.0,0.0,0.0,0.0,0.0,1.0,4.79
STU-11023,0.8679088020663964,-1.9836499072032276,-0.8392232732505296,1.6432135341452279,-1.3147034888128168,2.063638977933816,-0.7902203853739148,0.0,1.0,0.0,0.0,0.0,0.0,1.0,4.16
STU-13374,-0.6937487657322955,-1.0769805511857538,-1.2598527761914666,-0.8706543839519053,-0.7812904252649905,0.18619988068873652,0.006914029485705235,1.0,0.0,0.0,0.0,0.0,1.0,0.0,3.19
STU-10327,-1.2143012883318594,0.16866878928870352,0.0657225939921197,-0.8706543839519053,-0.4535914660624022,0.10385606063412732,0.6940988698819295,0.0,1.0,0.0,0.0,0.0,0.0,1.0,2.49
STU-11780,1.9090138472655243,-1.1811250042418149,-0.5854632210068198,0.13489278328694773,-0.7170498803992846,0.07091853261228379,2.5620963276923314,1.0,0.0,0.0,0.0,0.0,0.0,1.0,4.27
STU-14133,-0.6937487657322955,0.6342557558922715,1.5048481821057689,-1.191870840153205,0.9178358962391809,-0.5301913537863597,0.19321747510423723,1.0,0.0,0.0,1.0,0.0,0.0,0.0,4.64
STU-14131,-0.6937487657322955,0.18092107788353434,0.0657225939921197,-0.35391486745416106,-0.5885687906678732,-0.2584567476061508,-0.8115994692973528,1.0,0.0,0.0,0.0,0.0,0.0,1.0,3.99
STU-10064,-0.9540250270320775,-1.0667703106900615,-0.6486563857678995,-1.4153257662062837,-0.3236667685811998,-1.6253641605126563,0.11991775879530658,1.0,0.0,0.0,0.0,0.0,0.0,1.0,2.94
STU-12418,-0.4334725044325135,-0.4929547948321559,-1.4435079112783544,-0.605301659263874,0.20613727559214887,-0.6125351738409689,-1.3705098061529486,1.0,0.0,0.0,0.0,0.0,0.0,1.0,2.95
STU-12987,0.8679088020663964,0.2932337233361495,0.0657225939921197,-0.40977859896743074,1.0585876518438173,-1.2795201162832994,0.14435099756495012,1.0,0.0,0.0,0.0,0.0,0.0,1.0,4.53
STU-12177,0.8679088020663964,-0.11721794459068023,-1.0791598207027546,1.1125080847691666,1.0585876518438173,-0.17611292755154234,1.0208934384259116,0.0,1.0,0.0,0.0,1.0,0.0,0.0,4.83
STU-13414,-1.2143012883318594,-0.8074302020994777,0.8551434569059186,0.14885871616526608,-0.8549144205043393,1.7589668437317638,-0.5519963073698905,1.0,0.0,0.0,1.0,0.0,0.0,0.0,3.76
STU-12498,-1.4745775496316413,0.12986987540507297,1.5048481821057689,0.5957685682714223,0.06971634323688608,-0.1349410175242381,0.15045930725736087,1.0,0.0,0.0,0.0,1.0,0.0,0.0,4.86
STU-11905,0.6076325407666144,1.526630775215776,0.7445554185740288,1.7968387958067198,0.9293847582375098,1.1825601033495017,0.6024742244957659,1.0,0.0,1.0,0.0,0.0,0.0,0.0,6.9
STU-12605,-1.4745775496316413,-0.004905299138065071,0.7504797777703802,1.7968387958067198,-0.10062937123846842,-0.1349410175242381,-0.8299243983745855,1.0,0.0,0.0,0.0,0.0,0.0,1.0,5.3
STU-14837,-0.9540250270320775,0.4545555231680872,-0.8846433604225564,0.023165320260409614,-0.17064434710333862,-0.3243318036498379,1.6011828592049455,1.0,0.0,0.0,0.0,0.0,0.0,1.0,3.96
STU-11797,1.3884613246659603,0.5301113028362102,0.3031906584458631,-0.2002896057926691,-0.517832010928108,-0.9913167460921691,-0.1580103322093886,0.0,1.0,0.0,0.0,0.0,1.0,0.0,4.46
STU-13247,0.8679088020663964,1.714499200336514,1.5048481821057689,0.98681468886431,0.6060166222842951,1.1084506653003539,-0.1580103322093886,1.0,0.0,0.0,0.0,0.0,1.0,0.0,4.96
STU-12548,0.08708001816705048,-0.7461687591253239,1.126676586738683,0.16282464904358318,-0.41244864519335417,0.268543700743345,-0.4878590555995762,1.0,0.0,0.0,0.0,0.0,0.0,1.0,4.15
STU-13646,0.08708001816705048,0.08494481722402683,0.8729165344949716,1.7968387958067198,0.46021223955538926,0.27677808274880566,-0.1580103322093886,0.0,1.0,0.0,0.0,0.0,0.0,1.0,5.03
STU-12194,0.8679088020663964,-0.3214227545045257,-1.442520518078962,-0.9404840483434921,-1.2612900020705449,-0.29962865763345575,-1.5018384645397824,0.0,1.0,0.0,1.0,0.0,0.0,0.0,3.04
STU-10548,2.559704500514979,1.0692120010087625,1.422894546556244,1.7968387958067198,0.9589787171082289,0.6308565089836231,-0.9551447470690086,0.0,1.0,0.0,1.0,0.0,0.0,0.0,5.58
STU-12619,1.1281850633661783,-0.38472624557781754,-0.6180471965867513,-1.2477345716664747,0.1729342973469531,0.07091853261228379,-0.7810579208352986,1.0,0.0,1.0,0.0,0.0,0.0,0.0,4.2
STU-12621,1.3884613246659603,0.7486104494440247,1.2007310766930732,1.3918267423355148,0.47825733642777846,0.4414657228580233,-0.005302589899116539,1.0,0.0,0.0,0.0,1.0,0.0,0.0,4.49
STU-12431,-0.9540250270320775,-0.2254464938450182,0.6428539190366661,0.1907565148002174,1.0585876518438173,0.44970010486348405,-0.29850145513483883,1.0,0.0,0.0,0.0,0.0,0.0,1.0,4.22
STU-14582,-1.4745775496316413,0.6608023811810712,0.0657225939921197,-1.191870840153205,1.0585876518438173,0.7132003290382323,1.0117309738872955,1.0,0.0,0.0,0.0,1.0,0.0,0.0,4.08
STU-10913,-0.4334725044325135,-1.023887300608154,-0.7000008321362763,0.4840411052448829,-1.7275753052530833,2.327139202108564,-0.14884786767077218,0.0,1.0,0.0,0.0,1.0,0.0,0.0,3.39
STU-12555,-0.1731962431327315,0.24626661705596495,-1.4217852608917334,-0.2561533373059388,-0.5856815751682914,-0.29962865763345575,-1.2025312896116493,0.0,1.0,0.0,0.0,1.0,0.0,0.0,3.9
STU-13014,0.08708001816705048,-1.0034668196167693,0.19260262011397325,0.972848755985993,0.5533249394169182,-1.6418329245235783,-0.3107180745196606,1.0,0.0,0.0,0.0,1.0,0.0,0.0,4.74
STU-14908,-0.1731962431327315,1.2672906666251924,0.9538827768451057,-0.2980511359408914,1.0585876518438173,-1.263051352272378,-1.0803650957634316,1.0,0.0,0.0,0.0,1.0,0.0,0.0,5.16
STU-12527,-0.1731962431327315,0.16866878928870352,-1.3743903873209233,-0.5494379277506043,1.0585876518438173,-0.5795976458191254,-1.187260515380622,1.0,0.0,0.0,0.0,1.0,0.0,0.0,3.95
STU-14886,1.9090138472655243,-0.2560772153320951,1.0190507280049688,0.023165320260409614,1.0585876518438173,1.0508099912621276,1.8760567953634353,1.0,0.0,0.0,0.0,0.0,1.0,0.0,5.34
STU-12223,-1.2143012883318594,1.0161187504311622,1.5048481821057689,0.4421433066099316,1.0585876518438173,-0.28315989362253363,0.9872977351176521,1.0,0.0,0.0,0.0,0.0,0.0,1.0,4.78
STU-10319,0.6076325407666144,0.3544951663103029,0.0657225939921197,-0.758926920925366,0.1397313191017563,0.3591219028034149,-0.909332424375927,0.0,1.0,0.0,0.0,0.0,1.0,0.0,3.92
STU-12496,-0.4334725044325135,-0.4092308227674792,-0.3751484695363519,-0.772892853803683,-0.5113357760540476,1.7507324617263031,-0.7657871466042713,1.0,0.0,1.0,0.0,0.0,0.0,0.0,3.94
STU-14806,-0.6937487657322955,1.3265100615002072,-0.5667027502183745,0.7214619641762801,1.0585876518438173,0.7049659470327716,-0.6650000366794918,1.0,0.0,1.0,0.0,0.0,0.0,0.0,5.41
STU-12718,0.6076325407666144,0.3463269739137493,1.349827449801246,0.7074960312979617,0.6363323850299092,1.3719508894751022,-0.674162501218108,1.0,0.0,0.0,0.0,0.0,0.0,1.0,5.54
STU-14983,0.08708001816705048,0.9283106821682088,-0.7059251913326278,1.3499289437005624,0.4876407868014216,0.07915291461774449,-0.9948487600696793,0.0,1.0,0.0,0.0,0.0,0.0,1.0,5.06
STU-14716,1.1281850633661783,-1.0667703106900615,-0.6506311721666829,-0.6192675921421923,-0.2846893593368386,0.26030931873788427,0.5505535921102735,1.0,0.0,0.0,0.0,0.0,1.0,0.0,2.89
STU-11588,-0.1731962431327315,0.8568389986983626,1.480163352120972,1.0706102861342153,-0.3359374344544236,0.9767005532129798,-0.9795779858386522,1.0,0.0,0.0,1.0,0.0,0.0,0.0,4.75
STU-12612,-0.1731962431327315,0.14620626019818062,1.5048481821057689,-0.186323672914352,1.0585876518438173,-0.3572693316716814,0.2084882493352644,1.0,0.0,0.0,0.0,0.0,1.0,0.0,5.2
STU-14727,0.34735627946683245,1.779844739508944,0.32787548843065983,0.9309509573510404,0.1729342973469531,1.0672787552730505,-1.2788851607667853,1.0,0.0,0.0,0.0,0.0,0.0,1.0,6.26
STU-14001,1.1281850633661783,0.92626863406907,-0.642732026571548,-0.2980511359408914,1.0585876518438173,0.33441875678703203,0.4955788048785759,1.0,0.0,0.0,0.0,0.0,0.0,1.0,4.38
STU-13556,0.34735627946683245,0.3769576954008262,-0.8974794720146503,0.009199387382091261,-0.3806892746979493,0.41676257684164053,1.3996086393553864,1.0,0.0,0.0,0.0,0.0,0.0,1.0,3.62
STU-13309,2.4295663698650882,1.118221155388085,1.3784618525836094,1.7968387958067198,1.0585876518438173,0.8696535871419893,-0.1580103322093886,1.0,0.0,0.0,0.0,1.0,0.0,0.0,4.32
STU-14544,1.6487375859657423,-0.05187240541824962,-1.957939768161518,-1.3734279675713312,0.2602725662093166,0.41676257684164053,1.5431539171270419,1.0,0.0,1.0,0.0,0.0,0.0,0.0,3.74
STU-13939,-0.1731962431327315,-2.0265329172851354,-1.8187173270472647,-1.6946444237726321,-0.9104933188712979,-0.044362815464168204,1.9890605246730364,1.0,0.0,0.0,0.0,1.0,0.0,0.0,2.45
STU-14683,-1.4745775496316413,-0.11721794459068023,-1.291449358572006,-0.5354719948722872,0.782136767758814,-1.246582588261456,-1.0925817151482533,1.0,0.0,0.0,0.0,1.0,0.0,0.0,3.88
STU-12108,-1.4745775496316413,-0.38881034177609436,-0.8718072488304611,-0.4656423304807004,-1.6683873875116464,0.6143877449727017,-1.4346470579232629,1.0,0.0,1.0,0.0,0.0,0.0,0.0,4.52
STU-14635,-1.2143012883318594,-0.023283732030311134,1.5048481821057689,-0.35391486745416106,1.0585876518438173,0.8531848231310664,1.1613845613513616,1.0,0.0,0.0,0.0,0.0,1.0,0.0,4.28
STU-12098,-1.4745775496316413,0.5546158800258716,-0.6496437789672904,0.972848755985993,-0.12805791848449974,-0.5631288818082033,-0.9612530567614195,0.0,1.0,0.0,0.0,0.0,0.0,1.0,3.22
STU-12295,-0.4334725044325135,0.3259064929223648,1.5048481821057689,1.0985421518908494,0.6536556780274025,0.8202472951092236,-0.313772229365866,0.0,1.0,0.0,0.0,0.0,0.0,1.0,5.58
STU-13176,-0.1731962431327315,-0.4500717847502481,1.4959616433112417,-0.03269841125286007,0.035069757241898425,1.3143102154368758,0.3703584561841528,0.0,1.0,0.0,0.0,0.0,0.0,1.0,4.5
STU-10321,1.1281850633661783,-0.5664685264011401,0.5747237882786274,-0.06063027700949553,1.0585876518438173,-0.7772228139501866,-1.2239103735350871,1.0,0.0,0.0,0.0,0.0,0.0,1.0,3.86
STU-13210,-0.4334725044325135,-0.7175800857373859,-0.12435059689081636,-1.1220411757616182,0.8232795886278611,0.6143877449727017,-0.23131004851831924,1.0,0.0,0.0,0.0,1.0,0.0,0.0,4.17
STU-14637,-0.9540250270320775,0.3463269739137493,0.3495981388172809,-0.17235774003603488,0.004032190621389448,0.02151224057951886,0.578040985726123,1.0,0.0,0.0,0.0,0.0,1.0,0.0,3.84
STU-13250,0.8679088020663964,-1.5160208925005214,-0.7730679288912742,0.42817737373161324,-1.734793344002039,0.5155751609071711,-0.1946601903638539,1.0,0.0,0.0,0.0,0.0,1.0,0.0,3.0
STU-12081,-0.4334725044325135,0.809871892418178,0.5026440847230205,-0.14442587427939943,0.1729342973469531,1.5284041475788583,-0.054169067438403634,1.0,0.0,0.0,0.0,1.0,0.0,0.0,4.91
STU-12300,0.08708001816705048,-1.1484522346555996,-1.076197641104579,-0.24218740442762168,-0.7740723865160352,-0.11847225351331596,-0.1946601903638539,1.0,0.0,0.0,0.0,0.0,1.0,0.0,3.35
STU-13441,1.3884613246659603,-0.12130204078895705,-0.243825174017232,0.9588828231076758,-0.10062937123846842,-0.637238319857351,1.4148794135864133,0.0,1.0,1.0,0.0,0.0,0.0,0.0,5.31
STU-14529,-0.1731962431327315,-0.6889914123494473,-0.6674168565563448,-0.40977859896743074,-1.052688682225725,-1.4771452844143607,-0.1580103322093886,0.0,1.0,0.0,0.0,0.0,1.0,0.0,3.13
STU-11808,0.08708001816705048,-1.019803204409877,0.9005635440779441,0.6655982326630103,-1.135696127838716,-0.5548944998027425,0.47725387580134315,0.0,1.0,0.0,0.0,0.0,1.0,0.0,4.08
STU-14714,1.1281850633661783,0.02572542234901182,1.5048481821057689,1.5175201382403714,0.015581052619718323,0.02151224057951886,0.21765071387388077,0.0,1.0,0.0,0.0,0.0,1.0,0.0,4.9
STU-11268,2.4295663698650882,-1.019803204409877,-0.002901233365615976,-1.5270532292328232,0.6255053269064752,1.1578569573331197,-0.005302589899116539,0.0,1.0,0.0,0.0,0.0,0.0,1.0,3.71
STU-13953,-1.2143012883318594,-0.023283732030311134,-1.2410923054030214,-2.253281738905329,-2.716446613860014,0.02151224057951886,0.006914029485705235,1.0,0.0,1.0,0.0,0.0,0.0,0.0,2.25
STU-10950,1.9090138472655243,-1.1280317536642153,-2.5641991925881267,-0.04666434413117842,-1.5608386101522065,0.8037785310983022,1.4484751168946735,0.0,1.0,0.0,0.0,0.0,0.0,1.0,3.99
STU-12366,0.08708001816705048,-0.8155983944960318,-1.4178356880941654,-1.191870840153205,0.15705461209925062,-0.6948789938955774,-1.4529719870004953,1.0,0.0,0.0,0.0,0.0,1.0,0.0,2.91
STU-13689,-0.9540250270320775,-0.6195617769787399,-0.7908410064803285,-2.169486141635424,-0.02267455274974697,0.9272942611802156,0.9537020318093918,1.0,0.0,0.0,0.0,0.0,1.0,0.0,2.61
STU-11537,0.08708001816705048,-0.5460480454097556,-0.5933623666019545,-0.772892853803683,0.14189673072644307,-0.5219569717808991,-0.1580103322093886,0.0,1.0,0.0,0.0,1.0,0.0,0.0,3.37
STU-12702,-0.6937487657322955,0.40554636878876427,1.5048481821057689,0.3723136422183448,1.0585876518438173,0.7214347110436929,-0.29850145513483883,1.0,0.0,0.0,0.0,0.0,1.0,0.0,5.56
STU-12736,-0.6937487657322955,0.054314095736950306,-0.24579996041601673,0.06506311889536094,0.8175051576286966,0.3014812287651885,2.15398488636813,0.0,1.0,0.0,0.0,0.0,1.0,0.0,4.44
STU-12749,-0.6937487657322955,0.6158773230000254,0.20050176570910944,0.4421433066099316,0.6377759927797001,-0.4478475337317513,-0.8482493274518181,0.0,1.0,0.0,0.0,0.0,1.0,0.0,4.47
STU-14036,1.6487375859657423,0.11353349061196531,-1.3566173097318703,-0.15839180715771778,-1.0837262488462351,0.9849349352184406,-0.6650000366794918,1.0,0.0,0.0,1.0,0.0,0.0,0.0,2.83
STU-10001,0.8679088020663964,-0.05799854971566485,0.178779115322487,0.6795641655413275,-0.6138319262892187,1.470763473540632,-0.4786965910609598,1.0,0.0,0.0,0.0,0.0,1.0,0.0,5.13
STU-11347,-0.6937487657322955,-1.7528984720005825,-0.6684042497557372,-1.5829169607460927,-0.04360686512171793,-0.3490349496662207,-0.9368198179917759,1.0,0.0,0.0,0.0,0.0,0.0,1.0,2.88
STU-14742,-0.6937487657322955,-0.023283732030311134,-2.2156493932027965,-1.163938974396571,-1.988146504090384,-1.6171297785071956,1.1827636452747998,1.0,0.0,0.0,1.0,0.0,0.0,0.0,2.83
STU-14455,-1.2143012883318594,-0.5828049111942478,-0.9547482775793785,0.35834770934002647,0.17870872834611753,1.7260293157099196,-0.21909342913349744,0.0,1.0,0.0,0.0,0.0,0.0,1.0,4.21
STU-14487,-1.4745775496316413,0.5403215433319023,-0.7394965601119516,0.40024550797497904,-0.47380197455947826,-0.8348634879884123,1.106409774119664,1.0,0.0,0.0,0.0,0.0,0.0,1.0,3.24
STU-10145,-0.6937487657322955,-0.023283732030311134,-0.96067263677573,-0.9125521825868579,-2.1130185744473176,-0.6290039378518903,-0.30766391967345524,1.0,0.0,1.0,0.0,0.0,0.0,0.0,3.4
STU-14309,-1.4745775496316413,0.3565372144094413,1.3863609981787441,-0.3120170688192085,1.0419861627212188,0.7873097670873801,0.7368570377288057,1.0,0.0,0.0,0.0,0.0,1.0,0.0,4.84
STU-12580,0.08708001816705048,0.2973178195344263,-2.1465318692453654,-1.2477345716664747,-1.8603872182338679,0.02151224057951886,-0.10303554497769046,1.0,0.0,0.0,0.0,1.0,0.0,0.0,2.45
STU-11085,-0.1731962431327315,0.6567182849827943,0.7662780689606499,1.056644353255897,0.8362720583759818,-1.3783327003488302,-0.038898293207376214,1.0,0.0,0.0,0.0,0.0,0.0,1.0,5.57
STU-11922,-0.6937487657322955,0.6138352749008866,1.0822438927660485,-0.42374453184574784,-0.05659933486983868,0.02151224057951886,-1.3582931867681267,1.0,0.0,0.0,0.0,0.0,0.0,1.0,4.45
STU-12689,0.6076325407666144,-1.29343764969443,0.0657225939921197,0.6935300984196445,-0.7581927012683327,0.6308565089836231,-1.373563960999154,1.0,0.0,0.0,0.0,0.0,0.0,1.0,3.19
STU-10209,0.34735627946683245,-1.6201653455565828,-1.2420796986024123,-1.9879290142172976,-1.7723271454966085,-1.3865670823542908,-0.7047040496801625,1.0,0.0,0.0,0.0,1.0,0.0,0.0,2.17
STU-13789,0.8679088020663964,0.8282503253104249,-0.3070183387783117,-0.5215060619939701,0.8564825668730579,-1.1395356221904647,-1.2300186832274982,1.0,0.0,0.0,1.0,0.0,0.0,0.0,4.31
STU-13983,1.1281850633661783,-0.7910938173063701,1.5048481821057689,0.6935300984196445,0.5590993704160827,0.4414657228580233,-1.4468636773080845,1.0,0.0,0.0,0.0,0.0,0.0,1.0,4.73
STU-12729,-0.4334725044325135,-1.4935583634099985,-1.4602935956680163,-2.6984458494016956,0.8117307266295322,2.055404595928355,-0.1580103322093886,1.0,0.0,0.0,1.0,0.0,0.0,0.0,2.89
STU-10283,-0.4334725044325135,-0.8094722501986161,1.3695753137890823,-0.2980511359408914,-0.39873437157033853,0.36735628480887556,0.9842435802714461,1.0,0.0,0.0,0.0,1.0,0.0,0.0,3.9
STU-10287,2.1692901085653062,-0.5195014201209556,0.0657225939921197,-0.3120170688192085,0.7482119856387224,-0.4807850617535948,-0.13968540313215577,1.0,0.0,0.0,0.0,0.0,0.0,1.0,2.7
STU-12705,0.08708001816705048,0.5260272066379331,-0.9211769088000547,0.0929949846519964,-0.26664426246444933,2.524764370239625,1.6286702528207946,1.0,0.0,0.0,0.0,1.0,0.0,0.0,3.22
STU-14223,0.08708001816705048,-0.18664757996138764,-0.917227336002488,1.7968387958067198,0.1729342973469531,-1.0571918021358562,1.1125180838120752,0.0,1.0,0.0,0.0,1.0,0.0,0.0,3.75
STU-12483,0.34735627946683245,-1.5977028164660596,-0.5528792454268882,0.4840411052448829,-0.02844898374891141,0.8120129131037629,0.8590232315770235,0.0,1.0,0.0,0.0,0.0,0.0,1.0,3.89
STU-10530,0.6076325407666144,1.8125175090951593,1.5048481821057689,1.6990772656584976,0.9856854604793643,-1.3453951723269866,-0.3504220875203313,0.0,1.0,0.0,0.0,1.0,0.0,0.0,6.52
STU-13254,1.6487375859657423,-1.409834391345322,-0.42056855670837734,-0.40977859896743074,-1.416477835173093,0.48263763288532757,-1.0589860118399936,1.0,0.0,0.0,1.0,0.0,0.0,0.0,2.16
STU-14250,-0.9540250270320775,-0.0988395116984338,0.6369295598403146,0.6097345011497406,0.7005729298956149,0.3179499927761099,-1.0620401666861992,0.0,1.0,0.0,0.0,1.0,0.0,0.0,4.83
STU-14739,-1.2143012883318594,2.595387699102364,-1.0989076846905923,0.023165320260409614,0.34039279632272484,-0.044362815464168204,-0.8207619338359692,0.0,1.0,0.0,1.0,0.0,0.0,0.0,4.52
STU-10348,2.4295663698650882,-0.521543468220094,-1.655797449147607,-0.9963477798567617,0.059611088988348056,-0.6454727018628125,-1.4499178321542898,1.0,0.0,0.0,0.0,1.0,0.0,0.0,3.03
STU-12519,0.6076325407666144,0.1339539716033498,0.0889263341778272,1.7968387958067198,0.30358079870305144,0.02151224057951886,0.5719326760337117,1.0,0.0,0.0,0.0,1.0,0.0,0.0,5.44
STU-14202,0.08708001816705048,-0.08862927120274175,0.3940308327899153,0.4421433066099316,-0.527937265176646,-1.4689109024089,-0.9032241146835162,0.0,1.0,0.0,0.0,0.0,0.0,1.0,4.7
STU-11928,1.3884613246659603,-0.10904975219412621,-0.6516185653660752,-0.07459620988781264,0.039400580491272014,0.33441875678703203,-0.6314043333712318,1.0,0.0,0.0,0.0,0.0,1.0,0.0,3.54
STU-10309,0.6076325407666144,-1.0626862144917846,-0.6585303177618176,-0.8287565853169527,-0.37274943207409805,-0.43137876972082917,-0.8848991856062834,1.0,0.0,0.0,0.0,1.0,0.0,0.0,3.47
STU-12328,1.1281850633661783,-1.2444284953151072,-1.3260081205507221,-1.1220411757616182,-1.6914851115083047,-0.859566634004795,2.3616674159101003,0.0,1.0,0.0,0.0,0.0,0.0,1.0,3.15
STU-12719,0.8679088020663964,0.05839819193522713,0.4967197255266704,-0.4935741962373346,1.0585876518438173,-0.45608191573721196,-0.1580103322093886,1.0,0.0,1.0,0.0,0.0,0.0,0.0,4.68
STU-10136,-0.4334725044325135,0.4708919079611949,0.08695154777904385,1.3918267423355148,1.0585876518438173,-1.518317194441665,-0.22214758397970283,1.0,0.0,0.0,1.0,0.0,0.0,0.0,5.6
STU-14303,-1.4745775496316413,0.5607420243232868,1.431781085350771,-1.3175642360580628,1.0585876518438173,1.4295915635133285,-0.8421410177594073,1.0,0.0,0.0,0.0,0.0,1.0,0.0,3.94
STU-12511,-1.2143012883318594,-0.6481504503666784,-0.13323713568534354,-1.2756664374231101,0.34039279632272484,1.380185271480563,0.6696656311122858,1.0,0.0,0.0,0.0,0.0,0.0,1.0,3.51
STU-11915,1.1281850633661783,-0.05391445351738803,1.5048481821057689,-0.5075401291156529,0.1729342973469531,1.3143102154368758,-0.5336713782926576,1.0,0.0,1.0,0.0,0.0,0.0,0.0,4.93
STU-12958,-0.9540250270320775,1.5021261980261142,0.1412581737455964,0.023165320260409614,0.26315978170889937,-1.9547394407310916,-1.318589173767456,0.0,1.0,0.0,0.0,0.0,0.0,1.0,4.44
STU-11764,2.4295663698650882,0.6567182849827943,-0.24481256721662437,1.6711453999018633,0.6630391284010446,-0.3572693316716814,-0.7596788369118603,0.0,1.0,0.0,0.0,0.0,1.0,0.0,5.11
STU-12279,0.08708001816705048,-0.8380609235865546,-2.102099175272732,0.7354278970545971,0.276874055331915,0.3755906668143363,-0.44510088775269985,0.0,1.0,1.0,0.0,0.0,0.0,0.0,3.74
STU-11827,0.8679088020663964,-0.7012437009442781,-1.566932061202338,-1.5410191621111402,-0.7805686213900955,0.12032482464504946,-0.06333153197701977,1.0,0.0,1.0,0.0,0.0,0.0,0.0,2.92
STU-13460,0.08708001816705048,-0.16622709897000282,1.1819706059046278,1.2521674135523413,-0.24499014621758242,-1.0983637121631604,0.35814183679933104,1.0,0.0,0.0,0.0,0.0,0.0,1.0,4.62
STU-11145,-0.4334725044325135,0.313654204327534,1.1158152615453725,1.6432135341452279,1.0362117317220545,-0.15964416354062091,0.831535837961174,0.0,1.0,0.0,1.0,0.0,0.0,0.0,5.48
STU-12585,-0.6937487657322955,-0.04983035731911121,0.29924108564829643,0.1907565148002174,-0.548869577548617,0.02151224057951886,1.1430596322741293,1.0,0.0,0.0,0.0,0.0,1.0,0.0,4.06
STU-12670,0.34735627946683245,0.48927034085344095,1.2036932562912488,0.9030190915944062,0.803790884005681,2.170685944004808,2.0745768603667885,0.0,1.0,0.0,1.0,0.0,0.0,0.0,5.39
STU-12085,-0.9540250270320775,-0.4031046784700636,-1.3694534213239642,-0.39581266608911364,0.11735539897999346,0.9025911151638321,-0.3779094811361802,1.0,0.0,0.0,1.0,0.0,0.0,0.0,3.53
STU-12640,1.1281850633661783,0.5750363610172561,0.9825171796274691,0.35834770934002647,0.5049640797989149,0.7873097670873801,1.4606917362794951,1.0,0.0,0.0,0.0,1.0,0.0,0.0,5.34
STU-10505,-0.6937487657322955,-0.1049656559958494,-0.7572696377010046,0.3164499107050751,-0.36986221657451634,-0.5878320278245861,-0.39623441021341305,0.0,1.0,0.0,0.0,0.0,0.0,1.0,4.93
STU-12970,-0.4334725044325135,-0.33163299500021776,0.4582113907503874,0.567836702514788,0.37359577456792165,0.3920594308252584,0.8681856961156397,1.0,0.0,0.0,0.0,1.0,0.0,0.0,4.19
STU-12826,-1.4745775496316413,-1.3179422268840915,0.8423073453138248,-1.2198027059098404,1.039820751096532,0.5896845989563189,-0.07249399651563616,1.0,0.0,0.0,1.0,0.0,0.0,0.0,3.62
STU-12627,0.8679088020663964,0.17887902978439593,1.3182308674207055,-1.177904907274888,1.0585876518438173,-0.036128433458707504,1.0789223805038148,0.0,1.0,0.0,0.0,1.0,0.0,0.0,3.75
STU-10237,-1.4745775496316413,0.33407468531891843,-0.6792655749490477,1.2521674135523413,1.029715496847994,0.02151224057951886,-0.8238160886821746,0.0,1.0,1.0,0.0,0.0,0.0,0.0,4.59
STU-10467,0.08708001816705048,-0.6134356326813246,0.5855851134719379,1.7968387958067198,-0.019065533375269325,0.16973111667781438,-0.7841120756815039,0.0,1.0,1.0,0.0,0.0,0.0,0.0,5.47
STU-14155,0.08708001816705048,-0.2254464938450182,-0.5449800998317534,-1.1499730415182536,0.1729342973469531,0.5896845989563189,2.5620963276923314,1.0,0.0,0.0,1.0,0.0,0.0,0.0,3.18
STU-13372,0.8679088020663964,1.9023676254572517,-0.3001065863825693,-0.15839180715771778,0.6096256416587728,-0.6290039378518903,-0.6955415851415461,1.0,0.0,0.0,0.0,0.0,0.0,1.0,4.86
STU-14440,0.34735627946683245,-0.9401633285434774,-1.0199162287392416,-0.3259830016975256,1.0585876518438173,-2.716419776236223,-1.1200691087641024,1.0,0.0,0.0,0.0,0.0,1.0,0.0,3.72
STU-10484,0.08708001816705048,1.018160798530301,1.263924241454153,1.0007806217426272,0.4688738860541364,-1.0736605661467777,1.7722155305924499,1.0,0.0,0.0,1.0,0.0,0.0,0.0,5.01
STU-13766,0.8679088020663964,2.378164832556512,0.19260262011397325,0.4700751723665658,1.0585876518438173,0.22737179071604074,0.7979401346529144,1.0,0.0,0.0,0.0,0.0,0.0,1.0,4.68
STU-12688,-0.4334725044325135,0.7343161127500557,-0.9014290448122184,-0.9404840483434921,1.0585876518438173,-1.1889419142232305,0.013022339178116259,1.0,0.0,0.0,1.0,0.0,0.0,0.0,3.94
STU-12513,0.08708001816705048,0.22176203986630327,-0.8797063944255974,-0.5354719948722872,0.5287836076704686,1.7095605516989982,-0.008356744745321915,1.0,0.0,0.0,0.0,0.0,1.0,0.0,3.89
STU-13277,2.559704500514979,0.007346989456765759,0.8284838405223386,-0.11649400852276522,1.0585876518438173,0.12032482464504946,-1.2452894574585254,0.0,1.0,0.0,0.0,0.0,0.0,1.0,4.12
STU-14832,0.08708001816705048,2.410837602142727,0.24789663927991817,-0.35391486745416106,1.0585876518438173,-0.3819724776880642,1.155276251658951,0.0,1.0,0.0,0.0,0.0,0.0,1.0,5.13
STU-13477,0.6076325407666144,0.5403215433319023,0.8373703793168643,1.3918267423355148,0.761926259261738,0.16149673467235368,0.5536077469564794,1.0,0.0,0.0,1.0,0.0,0.0,0.0,5.02
STU-10248,-0.6937487657322955,1.0263289909268547,0.4730222887412646,0.819223494324501,-0.7935610911382153,-0.3078630396389165,-0.6314043333712318,0.0,1.0,0.0,0.0,0.0,1.0,0.0,4.73
STU-12290,-1.4745775496316413,-0.023283732030311134,1.4258567261544195,0.9169850244727232,-0.48823805205738985,0.26030931873788427,-0.45426335229131626,0.0,1.0,0.0,0.0,1.0,0.0,0.0,4.41
STU-12565,0.8679088020663964,-1.1076112726728304,-0.050296106936426124,-0.24218740442762168,-1.5254702202823234,-0.1349410175242381,1.298821529430607,1.0,0.0,0.0,0.0,0.0,1.0,0.0,3.14
STU-10868,-1.2143012883318594,2.595387699102364,0.24987142567870294,-0.605301659263874,1.0585876518438173,0.6967315650273102,-0.6985957399877515,0.0,1.0,0.0,1.0,0.0,0.0,0.0,5.01
STU-11547,0.6076325407666144,0.5709522648189792,-0.18458158205372036,0.651632299784692,1.0585876518438173,1.0178724632402847,0.5169578888020139,1.0,0.0,0.0,0.0,0.0,1.0,0.0,4.78
STU-10472,-0.6937487657322955,-1.526231132996214,-1.1897478590346446,0.3164499107050751,-1.148688597586836,-0.3655037136771428,-1.361347341614332,1.0,0.0,0.0,0.0,0.0,1.0,0.0,3.79
STU-13955,-1.4745775496316413,-1.285269457297876,-1.1561764902553207,-1.3873939004496496,-1.6294099782672857,-0.9254416900484821,-0.65278341729467,0.0,1.0,1.0,0.0,0.0,0.0,0.0,2.52
STU-12516,-0.1731962431327315,1.0304130871251316,1.5048481821057689,0.98681468886431,1.0585876518438173,-0.8760353980157165,-0.4298301135216727,1.0,0.0,0.0,0.0,1.0,0.0,0.0,4.59
STU-12599,-0.6937487657322955,0.18704722218094957,0.0657225939921197,-0.9823818469784447,0.7792495522592313,1.4295915635133285,0.9323229478859536,1.0,0.0,0.0,0.0,1.0,0.0,0.0,4.05
STU-14055,-0.9540250270320775,-0.956499713336585,-2.8248709972275807,0.023165320260409614,-1.24901933619732,0.7132003290382323,0.17489254602700444,1.0,0.0,0.0,0.0,0.0,1.0,0.0,2.12
STU-11296,0.08708001816705048,-0.3765580531812639,-0.008825592561967419,0.2885180449484397,0.5150693340474529,2.3353735841140244,1.4698542008181117,0.0,1.0,0.0,0.0,1.0,0.0,0.0,3.94
STU-13792,0.6076325407666144,-0.35817962028901784,-1.3457559845385598,-1.2058367730315234,-0.09846395961378163,0.5402783069235539,1.8180278532855316,1.0,0.0,0.0,0.0,0.0,0.0,1.0,3.98
STU-14117,0.34735627946683245,0.5015226294482718,0.5253541283090338,-0.24218740442762168,1.0585876518438173,0.6802628010163888,-0.3992885650596184,1.0,0.0,0.0,0.0,0.0,1.0,0.0,7.695334957521515
STU-10186,-1.4745775496316413,0.5770784091163944,0.6606269966257204,1.7968387958067198,0.39091906756541495,-0.24198798359522938,2.5620963276923314,0.0,1.0,1.0,0.0,0.0,0.0,0.0,5.32
STU-10823,0.08708001816705048,-1.1790829561426766,-1.2035713638261307,-0.8566884510735882,-1.0274255466043807,-1.0242542741140128,-1.1567189669185678,1.0,0.0,0.0,0.0,0.0,0.0,1.0,3.58
STU-13039,1.9090138472655243,0.07269252862919637,1.4209197601574606,0.6935300984196445,1.0585876518438173,0.013277858574057428,-1.0864734054558427,0.0,1.0,0.0,0.0,0.0,0.0,1.0,4.63
STU-12398,-1.4745775496316413,-0.5337957568149249,-0.6802529681484386,-0.3399489345758439,-1.280778706692725,2.718272347367955,1.2774424455071687,1.0,0.0,0.0,1.0,0.0,0.0,0.0,3.35
STU-12354,-0.9540250270320775,0.20542565507319563,-0.7118495505289792,0.4421433066099316,0.2480019003360918,0.3179499927761099,0.7521278119598327,1.0,0.0,0.0,0.0,0.0,1.0,0.0,4.08
STU-11103,-0.1731962431327315,0.1727528854869807,-1.2430670918018047,-0.08856214276612975,0.1729342973469531,0.02151224057951886,-0.06027737713081439,1.0,0.0,0.0,0.0,1.0,0.0,0.0,4.12
STU-12465,-0.4334725044325135,-0.772715384414124,0.015859237422829325,-2.3091454704185987,-0.7495310547695855,1.6025135856280062,2.5620963276923314,0.0,1.0,0.0,0.0,1.0,0.0,0.0,3.56
STU-12186,1.3884613246659603,-0.8155983944960318,-1.3339072661458569,-0.4935741962373346,0.1729342973469531,1.618982349638929,0.47725387580134315,1.0,0.0,0.0,0.0,0.0,0.0,1.0,2.83
STU-14600,-0.4334725044325135,-0.8870700779658776,-0.9063660108091774,-1.094109310004984,0.02785171849294314,0.41676257684164053,-0.28628483575001706,1.0,0.0,0.0,0.0,0.0,1.0,0.0,3.62
STU-11601,-1.2143012883318594,0.37899974349996457,0.2656697168689725,1.2940652121872926,0.47320470930351,-1.0983637121631604,-0.5917003203705612,1.0,0.0,0.0,0.0,1.0,0.0,0.0,4.03
STU-13816,-1.4745775496316413,0.013473133754180992,-0.6190345897861437,-0.5494379277506043,-0.8931700258738047,0.5320439249180933,-1.0650943215324045,0.0,1.0,0.0,0.0,0.0,0.0,1.0,4.48
STU-11745,-1.4745775496316413,-0.7441267110261855,1.0121389756092263,0.4840411052448829,0.9423772279856305,0.33441875678703203,1.002568509348679,1.0,0.0,0.0,0.0,0.0,1.0,0.0,4.92
STU-14045,-0.4334725044325135,-0.8053881540003393,1.0012776504159158,0.07902905177367806,0.07260355873646882,0.2850124647542664,0.46809141126272674,1.0,0.0,0.0,0.0,0.0,1.0,0.0,4.48
STU-13950,-0.1731962431327315,0.033893614745565466,-0.8056519044712072,0.40024550797497904,1.0585876518438173,-1.790051800621874,0.1962716299504426,1.0,0.0,0.0,1.0,0.0,0.0,0.0,3.74
STU-10704,1.9090138472655243,0.9548573074570085,0.758378923365515,0.14885871616526608,1.0585876518438173,0.02151224057951886,0.040509732793965185,1.0,0.0,0.0,0.0,0.0,1.0,0.0,4.99
STU-11932,0.8679088020663964,-2.0367431577808275,-0.28035872239473164,0.4840411052448829,-2.439995729775011,0.02151224057951886,-0.3718011714437695,0.0,1.0,1.0,0.0,0.0,0.0,0.0,2.45
STU-13863,-0.9540250270320775,-0.6195617769787399,-0.9922692191562705,-0.3120170688192085,-1.3132598810630258,-0.019659669447785372,0.037455577947759805,1.0,0.0,1.0,0.0,0.0,0.0,0.0,3.63
STU-14209,-0.4334725044325135,-0.7972199616037853,0.37527036200147,-0.35391486745416106,-0.32005774920672114,-0.31609742164437715,1.0392183675031446,1.0,0.0,0.0,0.0,0.0,1.0,0.0,3.31
STU-11229,-0.9540250270320775,-1.4813060748151676,-1.2361553394060623,-1.848269685434124,-0.5185538148030029,-0.8348634879884123,-0.6772166560643136,0.0,1.0,0.0,0.0,0.0,1.0,0.0,3.3
STU-12174,0.8679088020663964,1.1631462135691308,0.24888403247931054,0.07902905177367806,1.0585876518438173,-0.07730034348601174,0.5474994372640681,1.0,0.0,0.0,0.0,1.0,0.0,0.0,4.27
STU-13749,-1.4745775496316413,0.39125203209479503,0.17779172212309605,0.7773256956895485,-0.07536623561712284,1.1249194293112754,-0.19160603551764827,0.0,1.0,0.0,0.0,0.0,0.0,1.0,4.43
STU-12563,0.34735627946683245,0.15029035639645744,0.34071160002275375,-0.6611653907771436,0.8969035838672099,-0.4890194437590555,-0.5886461655243558,1.0,0.0,0.0,0.0,0.0,0.0,1.0,3.82
STU-12222,-0.1731962431327315,-0.6624447870606476,-0.20037987324398995,-0.14442587427939943,-1.0007188032332441,0.4414657228580233,-0.03584413836117084,1.0,0.0,0.0,0.0,1.0,0.0,0.0,4.25
STU-14564,-0.4334725044325135,-0.9115746551555388,0.18766565411701416,-1.4991213634761889,0.0632201083628257,0.44970010486348405,-0.21909342913349744,1.0,0.0,0.0,0.0,0.0,0.0,1.0,4.03
STU-10017,-0.9540250270320775,-0.023283732030311134,0.4206904491734954,1.5175201382403714,-1.90080823522802,0.8943567331583714,-0.9215490437607488,0.0,1.0,0.0,0.0,0.0,1.0,0.0,3.38
STU-10443,-0.1731962431327315,0.19113131837922676,0.9449962380505785,-0.35391486745416106,-0.08763690149034765,1.1660913393385803,2.0623602409819672,0.0,1.0,0.0,0.0,0.0,1.0,0.0,4.96
STU-14641,0.6076325407666144,-0.3193807064053869,-1.2035713638261307,-0.17235774003603488,-1.8149135741154474,1.0261068452457456,-0.7657871466042713,1.0,0.0,0.0,0.0,0.0,0.0,1.0,3.05
STU-10356,-0.9540250270320775,-1.5037686039056908,0.0657225939921197,0.07902905177367806,0.02785171849294314,-0.6454727018628125,1.0208934384259116,0.0,1.0,0.0,0.0,1.0,0.0,0.0,3.53
STU-13212,2.559704500514979,-0.8258086349917237,-2.70835859969934,-1.862235618312441,-1.4735003412898424,0.5649814529399367,0.7857235152680929,1.0,0.0,0.0,0.0,0.0,0.0,1.0,1.62
STU-11380,-0.9540250270320775,0.18500517408181116,-1.059411956714917,-0.21425553867098746,0.9214449156136585,1.7589668437317638,2.5620963276923314,1.0,0.0,0.0,0.0,0.0,0.0,1.0,3.92
STU-12556,-0.4334725044325135,-0.35205347599160225,-0.0888044417127091,0.8611212929594536,-0.7148844687745979,-2.0288488787802392,-0.13968540313215577,1.0,0.0,0.0,0.0,0.0,0.0,1.0,4.39
STU-11973,0.6076325407666144,-1.1872511485392303,-0.3139300911740555,-1.1360071086399353,-0.8967790452482822,-0.31609742164437715,-0.9490364373765977,1.0,0.0,0.0,0.0,0.0,0.0,1.0,2.62
STU-10828,2.1692901085653062,0.5586999762241484,1.4357306581483378,0.0929949846519964,1.0585876518438173,0.25207493673242287,0.6238533084192042,1.0,0.0,0.0,1.0,0.0,0.0,0.0,4.87
STU-13496,0.6076325407666144,0.6138352749008866,0.8462569181113915,1.1125080847691666,0.7705879057604852,-0.2749255116170729,0.08021374579463589,0.0,1.0,0.0,0.0,0.0,0.0,1.0,5.14
STU-12981,0.8679088020663964,0.7935355076250707,0.9716558544341586,1.7968387958067198,1.0585876518438173,0.13679358865597085,-0.16717279674800498,1.0,0.0,0.0,0.0,0.0,0.0,1.0,5.86
STU-13228,-0.9540250270320775,-0.7522949034227395,-0.3544132123491219,-1.1499730415182536,-1.2223125928261838,0.8037785310983022,0.4528206370316996,1.0,0.0,0.0,1.0,0.0,0.0,0.0,3.21
STU-11563,1.3884613246659603,-0.6930755085477242,-0.0700439709242638,0.23265431343516998,-0.1316669378589774,0.4991063968962497,-0.09081892559286896,1.0,0.0,0.0,0.0,0.0,1.0,0.0,4.63
STU-10736,0.8679088020663964,1.195818983155346,0.9479584176487542,0.023165320260409614,0.09858849823270929,1.6683886416716933,0.1687842363345937,1.0,0.0,0.0,0.0,0.0,1.0,0.0,5.6
STU-11741,-1.4745775496316413,-0.20706806095277214,-1.146302558261401,-0.8287565853169527,1.0585876518438173,0.5896845989563189,0.428387398262056,1.0,0.0,0.0,0.0,0.0,1.0,0.0,3.13
STU-11515,-0.1731962431327315,-2.1041307450523963,-0.5538666386262792,0.16282464904358318,-1.4193650506726747,0.15326235266689298,-1.4377012127694682,1.0,0.0,0.0,0.0,0.0,0.0,1.0,3.48
STU-10989,-1.4745775496316413,0.6893910545690096,-0.4580894982852679,0.7214619641762801,0.7915202181324561,0.7790753850819193,-0.24047251305693534,0.0,1.0,0.0,0.0,0.0,0.0,1.0,4.78
STU-12806,-1.4745775496316413,0.2728132423447647,-0.11348927169750585,0.12092685040863062,1.0585876518438173,-0.8678010160102557,-1.0803650957634316,1.0,0.0,0.0,1.0,0.0,0.0,0.0,3.63
STU-11037,-1.4745775496316413,-1.1300738017633536,0.0657225939921197,-0.2561533373059388,-2.7496495921052104,-1.8476924746601002,-0.4206676489830563,1.0,0.0,0.0,0.0,1.0,0.0,0.0,2.26
STU-12925,-1.4745775496316413,1.8880732887632823,0.4246400219710635,0.9309509573510404,0.5230091766713042,1.0343412272512063,-1.5354341678480423,1.0,0.0,0.0,0.0,0.0,0.0,1.0,5.68
STU-10027,-1.4745775496316413,-1.1076112726728304,-0.9962187919538372,-0.9963477798567617,-0.5459823620490353,-0.4972538257645162,-0.7260831336036006,0.0,1.0,1.0,0.0,0.0,0.0,0.0,2.92
STU-14805,-0.1731962431327315,0.30752806003011834,0.4404383131613331,-0.6471994578988266,0.0776561858607373,0.10385606063412732,1.320200613354045,0.0,1.0,0.0,0.0,0.0,0.0,1.0,4.4
STU-11139,0.8679088020663964,-0.023283732030311134,1.5048481821057689,1.3918267423355148,1.0585876518438173,-0.8925041620266386,0.06494297156360873,0.0,1.0,0.0,0.0,0.0,0.0,1.0,5.53
STU-14733,1.3884613246659603,0.6056670825043329,-1.5402724448187581,0.24662024631348708,0.5915805447863836,0.943763025191137,0.6910447150357241,1.0,0.0,1.0,0.0,0.0,0.0,0.0,3.87
STU-12538,-0.6937487657322955,-0.7849676730089549,-0.8500845984438401,0.8890531587160878,0.09786669435781335,-0.23375360158976868,-0.2526891324417571,0.0,1.0,1.0,0.0,0.0,0.0,0.0,3.52
STU-11234,0.6076325407666144,1.8268118457891285,-0.4492029594907422,-0.06063027700949553,1.0585876518438173,-0.4972538257645162,0.7215862634977783,1.0,0.0,0.0,0.0,0.0,1.0,0.0,4.47
STU-13325,-1.2143012883318594,0.7690309304354095,0.0657225939921197,1.3638948765788808,0.741715750764662,1.1907944853549624,0.614690843880588,0.0,1.0,1.0,0.0,0.0,0.0,0.0,6.22
STU-13430,1.6487375859657423,-0.023283732030311134,-0.2319764556245305,0.7633597628112313,0.6666481477755223,-1.2712857342778388,0.6879905601895187,1.0,0.0,0.0,0.0,0.0,1.0,0.0,4.48
STU-13736,0.08708001816705048,-0.021241683931172723,-1.6163017211719317,0.23265431343516998,0.01991187586909191,1.281372687415033,-0.4786965910609598,0.0,1.0,0.0,0.0,1.0,0.0,0.0,4.28
STU-11241,0.08708001816705048,-0.12538613698723386,-0.3978585131223639,0.023165320260409614,0.6024076029098174,0.7873097670873801,0.006914029485705235,1.0,0.0,0.0,0.0,0.0,0.0,1.0,4.47
STU-12610,-1.2143012883318594,-0.4398615442545557,-0.6052110849946575,1.7968387958067198,-0.8159370112599781,0.14502797066143155,0.4803080306475485,1.0,0.0,0.0,0.0,0.0,0.0,1.0,5.11
STU-12312,0.8679088020663964,-0.47253431384077105,-0.20926641203851712,-1.4991213634761889,-0.4586440931866707,1.306075833431415,-1.4957301548473716,1.0,0.0,0.0,0.0,0.0,1.0,0.0,2.88
STU-13127,-0.6937487657322955,-0.15193276227603394,-0.38403500833087767,-0.5773697935072397,-0.003907652002461781,0.04621538659590096,-0.23131004851831924,0.0,1.0,0.0,0.0,1.0,0.0,0.0,4.86
STU-10211,0.8679088020663964,0.6424239482888251,0.5441145990974792,-1.4851554305978705,-1.1003277379688325,0.22737179071604074,0.19016332025803184,1.0,0.0,0.0,0.0,0.0,0.0,1.0,2.8
STU-13319,0.6076325407666144,-0.6624447870606476,1.5048481821057689,-0.39581266608911364,0.8680314288713867,0.3591219028034149,2.0196020731350908,1.0,0.0,0.0,0.0,0.0,1.0,0.0,4.71
STU-11950,-0.4334725044325135,0.02572542234901182,1.5048481821057689,-0.8985862497085395,1.0585876518438173,-1.0654261841413168,1.0880848450424316,1.0,0.0,0.0,0.0,0.0,0.0,1.0,4.52
STU-11763,0.8679088020663964,-0.6297720174744323,-2.837830532969599,-0.6611653907771436,-1.2641772175701276,-0.41491000570990777,-0.2893389905962225,1.0,0.0,0.0,0.0,0.0,1.0,0.0,2.31
STU-10263,0.08708001816705048,0.313654204327534,0.7731898213563937,-0.3120170688192085,0.9914598914785288,0.836716059120145,-1.0101195343007066,1.0,0.0,0.0,0.0,0.0,1.0,0.0,4.91
STU-14538,-1.4745775496316413,1.7839288357072216,0.9084626896730789,1.1125080847691666,1.0585876518438173,-1.6583016885344999,0.7612902764984493,1.0,0.0,0.0,0.0,1.0,0.0,0.0,5.68
STU-11138,0.08708001816705048,-0.023283732030311134,0.7623284961630832,1.3638948765788808,1.0585876518438173,0.11209044263958802,0.41617077887723425,0.0,1.0,0.0,0.0,0.0,0.0,1.0,5.82
STU-14365,0.34735627946683245,-1.1116953688711075,0.8472443113107839,1.3778608094571978,-0.45503507381219305,0.606153362967241,-0.11525216436251223,1.0,0.0,0.0,0.0,0.0,0.0,1.0,4.26
STU-13391,-0.4334725044325135,1.5409251119097451,1.5048481821057689,0.6376663669063749,1.0585876518438173,-0.5795976458191254,-0.16106448705559395,1.0,0.0,0.0,0.0,0.0,0.0,1.0,5.15
STU-13101,0.8679088020663964,0.5627840724224252,-0.6822277545472234,1.0985421518908494,1.0585876518438173,1.0178724632402847,0.8406983024997907,1.0,0.0,1.0,0.0,0.0,0.0,0.0,5.28
STU-13731,-1.4745775496316413,-1.2975217458927069,-0.8342863072535706,-0.5354719948722872,-0.9278166118687913,0.19443426269419722,-1.2575060768433473,1.0,0.0,0.0,0.0,1.0,0.0,0.0,3.38
STU-14465,2.4295663698650882,-0.027367828228587958,-0.08189268931696528,-1.764474088164219,-1.766552714497444,0.9684661712075191,-1.4438095224618792,1.0,0.0,1.0,0.0,0.0,0.0,0.0,3.52
STU-13473,0.08708001816705048,0.22584613606458048,1.5048481821057689,-0.9265181154651749,-0.12228348748533531,-1.0407230381249342,-1.346076567383305,1.0,0.0,1.0,0.0,0.0,0.0,0.0,3.82
STU-13203,2.1692901085653062,0.15845854879301144,0.31997634283552506,-0.8287565853169527,-0.5532004007979906,-1.263051352272378,-0.8665742565290508,0.0,1.0,0.0,0.0,0.0,0.0,1.0,3.49
STU-11814,1.3884613246659603,0.34836902201288766,0.41970305597410446,1.0426784203775796,1.0585876518438173,1.174325721344041,0.11380944910289582,1.0,0.0,0.0,1.0,0.0,0.0,0.0,5.25
STU-11374,1.9090138472655243,0.14008011590076538,-0.17668243645858558,1.7968387958067198,0.8759712714952379,-0.9172073080430214,1.695861659437314,1.0,0.0,0.0,1.0,0.0,0.0,0.0,4.42
STU-14525,-0.9540250270320775,1.387771504474361,1.5048481821057689,1.0985421518908494,1.0585876518438173,-2.716419776236223,0.8651315412694343,1.0,0.0,0.0,0.0,1.0,0.0,0.0,4.82
STU-13031,0.8679088020663964,0.5301113028362102,0.0657225939921197,0.5119729710015184,1.0585876518438173,1.470763473540632,-0.09081892559286896,0.0,1.0,1.0,0.0,0.0,0.0,0.0,4.24
STU-11061,0.34735627946683245,-0.21319420525018737,0.4690727159436979,-0.186323672914352,-0.8823429677503707,1.1907944853549624,-0.2649057518265789,1.0,0.0,0.0,0.0,0.0,1.0,0.0,3.29
STU-14224,-0.9540250270320775,-1.2280921105219995,-1.3615542757288295,-0.8985862497085395,0.1729342973469531,1.2896070694204937,0.04967219733258158,0.0,1.0,0.0,0.0,1.0,0.0,0.0,3.72
STU-10498,0.34735627946683245,0.33203263721978005,-0.3178796639716222,-0.758926920925366,0.132513280352801,2.022467067906512,0.3611959916455364,1.0,0.0,0.0,0.0,1.0,0.0,0.0,4.65
STU-13356,0.8679088020663964,-1.26689102440563,-0.6674168565563448,-1.8343037525558057,1.0585876518438173,1.1660913393385803,-1.0864734054558427,1.0,0.0,0.0,1.0,0.0,0.0,0.0,2.29
STU-13306,-0.9540250270320775,0.14824830829731903,-0.7651687832961394,-0.42374453184574784,1.0585876518438173,-0.3243318036498379,0.6330157729578209,1.0,0.0,1.0,0.0,0.0,0.0,0.0,4.69
STU-10658,0.8679088020663964,1.894199433060698,-0.3346653483612842,1.0426784203775796,1.0585876518438173,1.149622575327659,-1.4254845933846463,1.0,0.0,0.0,0.0,0.0,0.0,1.0,4.79
STU-14526,-0.4334725044325135,0.448429378870672,-0.4689508234785784,1.4337245409704675,1.0585876518438173,-1.8476924746601002,-0.9184948889145432,1.0,0.0,1.0,0.0,0.0,0.0,0.0,4.45
STU-13320,0.08708001816705048,1.0753381453061772,1.2550377026596258,0.9588828231076758,1.0585876518438173,-1.5759578684798914,-1.6942502198507254,1.0,0.0,0.0,1.0,0.0,0.0,0.0,4.83
STU-14226,-0.6937487657322955,1.2019451274527617,0.29430411965133596,0.651632299784692,1.0585876518438173,-0.09376910749693386,0.6635573214198751,1.0,0.0,0.0,0.0,1.0,0.0,0.0,4.87
STU-10705,0.34735627946683245,-0.8196824906943085,-1.0475632383222142,-2.4907025978367243,-0.4651403280607311,0.5732158349453974,-0.7413539078346277,1.0,0.0,0.0,0.0,1.0,0.0,0.0,2.65
STU-11312,1.3884613246659603,-0.2254464938450182,-0.5923749734025622,-0.8008247195603185,0.41040777218759505,0.02151224057951886,0.08326790064084126,1.0,0.0,0.0,0.0,0.0,0.0,1.0,3.0
STU-14758,-0.6937487657322955,-1.3444888521728913,-0.2576486788087182,-1.4991213634761889,-1.9708232110928903,-0.10200348950239456,-0.8665742565290508,1.0,0.0,1.0,0.0,0.0,0.0,0.0,3.49
STU-13384,-0.1731962431327315,0.23809842465941095,-0.9132777632049198,0.07902905177367806,-0.3691404126996204,0.672028419010928,-0.680270810910519,0.0,1.0,0.0,0.0,0.0,0.0,1.0,3.79
STU-11334,0.8679088020663964,1.2141974160475921,0.21531266369998664,0.12092685040863062,-0.3359374344544236,-0.3572693316716814,0.03134726825534878,0.0,1.0,1.0,0.0,0.0,0.0,0.0,4.81
STU-12021,-0.6937487657322955,-1.4731378824186139,-0.7977527588760709,-0.15839180715771778,-1.1515758130864187,0.02151224057951886,1.42404187812503,0.0,1.0,0.0,0.0,1.0,0.0,0.0,2.79
STU-13258,1.3884613246659603,0.5444056395301792,0.17779172212309605,0.553870769636471,0.896181779992314,-2.564083709135196,0.08937621033325228,1.0,0.0,0.0,1.0,0.0,0.0,0.0,5.01
STU-11997,0.8679088020663964,-1.810075818776459,-1.4356087656832197,-0.7170291222904134,-1.4236958739220482,-0.4807850617535948,1.729457362745574,1.0,0.0,0.0,0.0,0.0,1.0,0.0,2.28
STU-13190,-0.6937487657322955,-2.1306773703411963,0.0657225939921197,-1.9879290142172976,-0.8722377135018327,-0.8925041620266386,-0.5489421525236851,0.0,1.0,0.0,0.0,1.0,0.0,0.0,3.02
STU-10438,2.559704500514979,-1.3771616217591065,-1.9431288701706408,0.023165320260409614,-0.038554237997449434,-0.5713632638136648,-0.9123865792221324,1.0,0.0,0.0,0.0,0.0,1.0,0.0,2.99
STU-13021,-1.2143012883318594,0.8752174315906086,-0.000926446966832629,1.7968387958067198,1.0585876518438173,1.2566695413986495,1.127788858043102,1.0,0.0,0.0,1.0,0.0,0.0,0.0,6.13
STU-11893,-0.4334725044325135,-0.023283732030311134,1.0516347035849003,-0.2980511359408914,1.0585876518438173,1.149622575327659,1.5675871558966854,0.0,1.0,0.0,0.0,1.0,0.0,0.0,4.61
STU-14315,-0.1731962431327315,0.9977403175389162,-1.0860715730984971,1.0287124874992626,0.04300959986575068,0.21913740871057932,-0.4115051844444402,0.0,1.0,1.0,0.0,0.0,0.0,0.0,4.3
STU-10437,-0.4334725044325135,0.6567182849827943,0.18766565411701416,0.6237004340280577,1.0585876518438173,-0.23375360158976868,1.0270017481183225,1.0,0.0,0.0,0.0,0.0,0.0,1.0,4.97
STU-13783,-1.4745775496316413,-0.6440663541684012,-0.9271012679964061,0.07902905177367806,-1.0548540938504118,0.8202472951092236,0.7643444313446547,1.0,0.0,0.0,1.0,0.0,0.0,0.0,4.13
STU-14636,0.6076325407666144,-1.5221470367979368,-1.011029689944716,1.1683718162824361,-0.6037266720406806,-0.90897292603756,0.3917375401075907,0.0,1.0,1.0,0.0,0.0,0.0,0.0,4.59
STU-14927,-0.4334725044325135,0.6179193710991637,-0.9478365251836361,0.4700751723665658,0.1729342973469531,2.3106704380976426,-1.03455277307035,0.0,1.0,0.0,0.0,1.0,0.0,0.0,5.85
STU-14748,0.08708001816705048,1.3898135525734998,0.8610678161022701,1.1963036820390716,1.0585876518438173,-0.6125351738409689,0.022184803716732385,0.0,1.0,0.0,0.0,0.0,0.0,1.0,5.6
STU-10096,1.3884613246659603,-0.4664081695433558,1.5048481821057689,1.0007806217426272,0.37937020556708606,0.8449504411256057,1.2713341358147578,0.0,1.0,0.0,0.0,1.0,0.0,0.0,4.19
STU-13590,0.08708001816705048,-0.5174593720218171,0.11262377096323296,-1.191870840153205,-0.01256929850120895,-1.790051800621874,-0.7627329917580659,1.0,0.0,0.0,0.0,0.0,1.0,0.0,3.31
STU-14243,0.8679088020663964,2.595387699102364,1.5048481821057689,1.6990772656584976,1.0585876518438173,0.02151224057951886,0.6910447150357241,1.0,0.0,0.0,0.0,0.0,0.0,1.0,6.18
STU-12510,0.6076325407666144,-0.07025083831049568,0.16298082413221743,1.0985421518908494,0.1852049632201779,-0.950144836064865,-0.1457937128245668,1.0,0.0,0.0,0.0,0.0,1.0,0.0,3.68
STU-10948,2.559704500514979,-0.14989071417689517,0.05930453819607138,-1.345496101814697,-1.5052597117852473,-0.28315989362253363,-0.14884786767077218,1.0,0.0,0.0,0.0,0.0,0.0,1.0,3.53
STU-10984,-0.4334725044325135,-1.5282731810953523,-0.11052709209933012,-1.261700504544793,-0.6383732580356684,-0.8925041620266386,-0.5184006040616305,0.0,1.0,0.0,1.0,0.0,0.0,0.0,3.45
STU-12808,1.1281850633661783,-0.5746367187976937,0.560900283487141,-0.2002896057926691,-1.0021624109830352,-0.6125351738409689,-1.0376069279165556,1.0,0.0,0.0,0.0,0.0,1.0,0.0,3.9
STU-11088,-0.6937487657322955,-0.027367828228587958,-0.5291818086414825,-0.2561533373059388,0.1729342973469531,1.1331538113167374,1.3568504715085101,1.0,0.0,0.0,0.0,0.0,1.0,0.0,5.14
STU-11267,0.34735627946683245,-0.3663478126855715,-2.7893248420494734,-0.7868587866820002,-0.2536517927163296,0.3179499927761099,-0.7260831336036006,1.0,0.0,0.0,0.0,0.0,0.0,1.0,3.1
STU-14950,-0.6937487657322955,1.2427860894355307,-0.4531525322883089,0.819223494324501,1.0585876518438173,0.9355286431856763,0.21154240418146975,0.0,1.0,0.0,0.0,0.0,1.0,0.0,4.84
STU-12052,-1.2143012883318594,0.7322740646509169,1.5048481821057689,1.7968387958067198,1.0585876518438173,-0.6125351738409689,0.31843782379866037,1.0,0.0,0.0,0.0,0.0,1.0,0.0,6.29
STU-13835,-1.4745775496316413,0.34836902201288766,1.3824114253811774,1.6851113327801805,0.1729342973469531,-0.34080056766076,-0.1580103322093886,1.0,0.0,1.0,0.0,0.0,0.0,0.0,4.51
STU-10471,2.559704500514979,-1.6324176341514134,-0.775042715290059,-1.7924059539208543,-0.5351553039256013,-2.2100052829003785,-0.24658082274934637,1.0,0.0,0.0,0.0,0.0,0.0,1.0,2.28
STU-10788,-1.2143012883318594,0.448429378870672,-0.9567230639781633,0.651632299784692,-0.46874934743520874,0.02974662258497956,0.6391240826502316,0.0,1.0,0.0,0.0,0.0,0.0,1.0,3.86
STU-11414,0.08708001816705048,0.4177986573835951,-0.019686917755277932,0.9169850244727232,0.5583775665411868,-0.4807850617535948,-1.4529719870004953,1.0,0.0,0.0,1.0,0.0,0.0,0.0,4.15
STU-13761,-0.4334725044325135,0.23197228036199571,-1.1038446506875514,0.8890531587160878,-0.6340424347862947,-0.5548944998027425,-0.041952448053581864,0.0,1.0,1.0,0.0,0.0,0.0,0.0,4.66
STU-12303,1.1281850633661783,-1.091274887879723,0.1382959941474207,-0.605301659263874,-2.8976193864588025,0.21090302670511862,0.23902979779731867,1.0,0.0,0.0,0.0,1.0,0.0,0.0,2.77
STU-14335,-0.1731962431327315,-0.6971596047460014,-0.21420337803547618,-2.6984458494016956,-1.3897710918019566,-0.2749255116170729,0.22986733325870254,1.0,0.0,0.0,0.0,0.0,1.0,0.0,2.72
STU-11810,2.1692901085653062,0.9528152593578705,-0.02363649055284603,-1.094109310004984,0.6139564649081464,0.38382504881979695,-0.1580103322093886,0.0,1.0,0.0,0.0,0.0,1.0,0.0,4.68
STU-12057,-1.4745775496316413,-0.840102971685693,-1.0396640927270793,-0.5773697935072397,-0.3741930398238889,0.11209044263958802,0.8498607670384069,1.0,0.0,0.0,1.0,0.0,0.0,0.0,3.17
STU-11196,-0.4334725044325135,0.36878950300427216,1.5048481821057689,-0.13045994140108233,-0.20023830597405676,0.05444976860136239,0.7215862634977783,1.0,0.0,0.0,0.0,0.0,0.0,1.0,3.61
STU-11386,0.6076325407666144,1.4735375246381759,0.020796203419788394,-0.1025280756444481,1.0585876518438173,-0.3819724776880642,-0.023627518976349064,0.0,1.0,0.0,0.0,0.0,0.0,1.0,5.58
STU-11339,-0.1731962431327315,-2.2695366410826114,-2.1465318692453654,-0.7030631894120962,0.1729342973469531,-0.21728483757884656,-0.09998139013148509,0.0,1.0,0.0,1.0,0.0,0.0,0.0,2.42
STU-12175,1.3884613246659603,2.595387699102364,-0.7000008321362763,-1.7505081552859019,1.0585876518438173,-0.6207695558464297,-0.5184006040616305,1.0,0.0,0.0,0.0,0.0,0.0,1.0,3.8
STU-11083,-0.9540250270320775,-0.12538613698723386,-2.4605229066519803,0.10696091753031352,-1.6149739007693742,-1.2383482062559954,-1.0131736891469119,1.0,0.0,1.0,0.0,0.0,0.0,0.0,3.55
STU-11733,2.1692901085653062,-0.9156587513538159,-0.7296226281180321,-1.4153257662062837,-0.7105536455252253,-1.0818949481522384,-1.1750438959958003,0.0,1.0,0.0,0.0,0.0,0.0,1.0,3.39
STU-10839,0.6076325407666144,1.4490329474485149,-0.39390894032479723,1.2242355477957059,0.6630391284010446,-0.9583792180703257,0.6085825341881773,0.0,1.0,0.0,0.0,1.0,0.0,0.0,5.26
STU-13480,1.3884613246659603,-1.8304962997678436,0.0657225939921197,-2.6984458494016956,-0.5185538148030029,0.3097156107706492,0.009968184331910612,1.0,0.0,0.0,0.0,0.0,0.0,1.0,2.15
STU-10833,0.8679088020663964,-0.023283732030311134,1.5048481821057689,-2.1275883430004714,1.0585876518438173,-0.45608191573721196,-0.1580103322093886,1.0,0.0,0.0,0.0,0.0,0.0,1.0,3.49
STU-14499,1.3884613246659603,-0.3132545621079717,-0.8293493412566115,-1.191870840153205,0.1108591641059341,-0.5795976458191254,0.21154240418146975,1.0,0.0,0.0,1.0,0.0,0.0,0.0,2.97
STU-12344,0.8679088020663964,-0.780883576810678,0.0657225939921197,-0.5354719948722872,-1.3103726655634431,-0.3078630396389165,0.41922493372343994,1.0,0.0,1.0,0.0,0.0,0.0,0.0,3.53
STU-14164,-0.6937487657322955,-1.51806294059966,-0.7108621573295868,0.14885871616526608,-0.6852905099038797,0.41676257684164053,-0.3443137778279203,1.0,0.0,0.0,0.0,1.0,0.0,0.0,3.29
STU-12472,0.6076325407666144,0.5709522648189792,0.6063203706591679,0.7214619641762801,0.043731403740645595,0.836716059120145,-0.7627329917580659,0.0,1.0,0.0,0.0,0.0,1.0,0.0,4.9
STU-10552,0.08708001816705048,-0.4092308227674792,0.6596396034263281,0.4700751723665658,-0.6333206309113988,-1.0654261841413168,0.022184803716732385,1.0,0.0,0.0,0.0,1.0,0.0,0.0,4.67
STU-10672,-0.9540250270320775,-0.08454517500446491,-0.07991790291818193,1.7968387958067198,-0.014012906250999803,0.5320439249180933,-0.041952448053581864,0.0,1.0,0.0,1.0,0.0,0.0,0.0,4.75
STU-10863,-1.4745775496316413,1.018160798530301,-0.2398756012196653,0.651632299784692,0.5800316827880546,-0.859566634004795,0.8651315412694343,0.0,1.0,0.0,1.0,0.0,0.0,0.0,3.87
STU-13586,1.9090138472655243,0.2095097512714728,-0.9695591755702572,0.023165320260409614,-1.1104329922173706,0.5979189809617803,-1.565975716310097,1.0,0.0,0.0,0.0,0.0,1.0,0.0,3.6
STU-13229,0.08708001816705048,0.6873490064698712,0.9193240148663894,-0.186323672914352,1.0585876518438173,1.4378259455187892,-0.05111491259219799,1.0,0.0,1.0,0.0,0.0,0.0,0.0,5.48
STU-13139,0.8679088020663964,-0.4031046784700636,-0.418593770309594,-1.4991213634761889,0.1729342973469531,0.02151224057951886,-0.002248435052911163,1.0,0.0,0.0,0.0,1.0,0.0,0.0,3.19
STU-14336,0.34735627946683245,0.5668681686207024,0.5372028467017367,0.553870769636471,0.5222873727964082,0.9767005532129798,1.0300559029645278,1.0,0.0,0.0,1.0,0.0,0.0,0.0,4.78
STU-14640,-0.1731962431327315,0.789451411426794,0.44438788595890116,0.7912916285678668,1.0585876518438173,-0.7772228139501866,-0.6650000366794918,0.0,1.0,0.0,0.0,1.0,0.0,0.0,5.01
STU-12647,-0.1731962431327315,0.6077091306034713,0.36539643000755045,-0.1025280756444481,1.0585876518438173,1.141388193322198,0.9048355542701046,0.0,1.0,0.0,0.0,0.0,0.0,1.0,4.39
STU-13777,-0.6937487657322955,0.3177383005258108,-0.24185038761844865,1.5314860711186886,0.33100934594908277,-0.3325661856552993,-1.0742567860710208,0.0,1.0,0.0,0.0,0.0,0.0,1.0,4.48
STU-13116,-0.9540250270320775,-0.023283732030311134,-0.7296226281180321,-2.3789751348101853,-1.7066429928811118,0.8531848231310664,-1.0223361536855282,1.0,0.0,1.0,0.0,0.0,0.0,0.0,2.3
STU-11365,1.9090138472655243,0.5974988901077789,1.4870751045167145,1.5035542053620543,1.0585876518438173,-0.8348634879884123,0.807102599191531,0.0,1.0,1.0,0.0,0.0,0.0,0.0,5.41
STU-11288,1.9090138472655243,0.17887902978439593,1.5048481821057689,0.24662024631348708,-0.3619223739506651,0.8614192051365286,-0.2740682163651953,0.0,1.0,0.0,1.0,0.0,0.0,0.0,5.54
STU-11128,1.1281850633661783,-1.2015454852331995,0.007960091827694537,0.20472244767853576,-1.4901018304124407,-0.5878320278245861,-1.2483436123047307,0.0,1.0,0.0,0.0,1.0,0.0,0.0,3.02
STU-13478,0.08708001816705048,-1.3934980065522142,-0.806639297670598,0.4561092394882487,-0.8245986577587253,0.48263763288532757,-0.7535705272194495,1.0,0.0,0.0,0.0,0.0,0.0,1.0,3.0
STU-14812,0.6076325407666144,-1.5568618544832906,-0.999180971552013,-0.42374453184574784,-1.932567605723425,-1.0818949481522384,0.27873381079798965,1.0,0.0,0.0,0.0,1.0,0.0,0.0,2.04
STU-14402,-0.1731962431327315,-1.207671629530615,-1.317121581756195,-0.7030631894120962,-1.6359062131413455,-1.855926856665561,0.758236121652244,1.0,0.0,1.0,0.0,0.0,0.0,0.0,2.48
STU-14990,-0.6937487657322955,-1.3077319863883992,-0.2971444067843936,-0.6751313236554608,-3.1083861179283083,0.12855920665051015,-1.0223361536855282,1.0,0.0,0.0,0.0,0.0,0.0,1.0,2.64
STU-14513,-0.4334725044325135,0.6567182849827943,-0.23098906242513814,-0.5494379277506043,0.49991145267464643,0.06268415060682309,0.4528206370316996,1.0,0.0,0.0,0.0,0.0,1.0,0.0,4.48
STU-14682,-1.2143012883318594,-0.28466588872003323,0.22518659569390617,-0.5773697935072397,-0.12372709523512616,-0.9336760720539429,-0.7474622175270386,1.0,0.0,0.0,0.0,0.0,1.0,0.0,4.4
STU-14711,0.34735627946683245,-0.8380609235865546,0.3604594640105914,-0.758926920925366,0.3692649513185481,0.02151224057951886,0.040509732793965185,0.0,1.0,0.0,0.0,1.0,0.0,0.0,4.76
STU-11281,1.6487375859657423,0.4749760041594717,1.5048481821057689,0.03713125313872672,0.7778059445094405,0.15326235266689298,-0.4817507459071652,0.0,1.0,1.0,0.0,0.0,0.0,0.0,5.0
STU-12091,-1.4745775496316413,0.5811625053146716,0.1333590281504616,-0.758926920925366,1.0585876518438173,0.2850124647542664,0.5994200696495606,0.0,1.0,0.0,0.0,0.0,1.0,0.0,4.89
STU-13417,0.34735627946683245,-0.7829256249098164,0.16890518332856888,-0.13045994140108233,-0.5163884031783161,0.02151224057951886,-0.4878590555995762,1.0,0.0,0.0,0.0,1.0,0.0,0.0,3.93
STU-14203,-0.6937487657322955,-1.7631087124962745,0.046468426603977514,-1.4153257662062837,-1.1905532223307789,-0.859566634004795,-0.6833249657567243,1.0,0.0,0.0,0.0,0.0,0.0,1.0,2.78
STU-10556,-0.6937487657322955,-0.8298927311900006,0.07609022258573334,-0.6611653907771436,-1.3854402685525828,-0.8925041620266386,-0.2526891324417571,0.0,1.0,0.0,0.0,0.0,1.0,0.0,3.38
STU-10131,-0.1731962431327315,0.06860843243091919,-0.6516185653660752,0.35834770934002647,1.0585876518438173,-1.6088953965017347,0.44671232733928884,0.0,1.0,0.0,0.0,0.0,0.0,1.0,3.66
STU-10778,-1.4745775496316413,-1.4833481229143064,-1.003130544349581,-2.40690700056682,-1.4107034041739275,0.16149673467235368,-0.6924874302953408,0.0,1.0,0.0,1.0,0.0,0.0,0.0,2.21
STU-11724,1.1281850633661783,1.6716161902546065,0.835395592918081,0.3164499107050751,1.0585876518438173,-0.23375360158976868,-0.4359384232140837,1.0,0.0,0.0,0.0,1.0,0.0,0.0,4.28
STU-14771,-0.1731962431327315,-0.39085238987523313,0.9716558544341586,-0.04666434413117842,-0.3597569623259783,0.5320439249180933,-1.1047983345330752,1.0,0.0,0.0,0.0,0.0,0.0,1.0,4.85
STU-14033,-0.4334725044325135,-0.2724136001252027,1.4406676241452967,-0.5354719948722872,-0.5012305218055096,-0.24198798359522938,-0.16106448705559395,1.0,0.0,0.0,1.0,0.0,0.0,0.0,4.79
STU-12263,0.6076325407666144,-1.1035271764745538,0.6675387490214628,0.10696091753031352,-0.1749751703527122,-0.7113477579064995,-0.9246031986069542,1.0,0.0,0.0,0.0,1.0,0.0,0.0,3.89
STU-14065,0.34735627946683245,0.3034439638318415,0.17285475612613696,1.2940652121872926,1.0585876518438173,0.18619988068873652,2.5620963276923314,0.0,1.0,0.0,0.0,1.0,0.0,0.0,5.76
STU-10045,-0.1731962431327315,-2.2695366410826114,0.0657225939921197,0.6237004340280577,-2.5641459962570488,-0.027894051453246804,-0.17022695159421036,1.0,0.0,0.0,0.0,0.0,0.0,1.0,2.46
STU-11068,-0.4334725044325135,-1.3301945154789223,-1.410923935698423,0.6795641655413275,-0.15981728897990466,0.02151224057951886,-0.2618515969803735,1.0,0.0,0.0,0.0,1.0,0.0,0.0,3.22
STU-10241,-1.4745775496316413,0.6934751507672864,1.3034199694298267,0.8052575614461839,0.576422663413576,-0.21728483757884656,-1.5384883226942476,1.0,0.0,0.0,1.0,0.0,0.0,0.0,4.55
STU-10740,-1.4745775496316413,0.15845854879301144,1.1089035091496287,0.7074960312979617,0.13612229972727866,0.23560617272150144,0.9078897091163101,1.0,0.0,0.0,0.0,0.0,1.0,0.0,4.76
STU-13629,0.08708001816705048,-2.2695366410826114,-1.1255673010741725,-2.323111403296916,-1.2735606679437697,-0.8760353980157165,-0.1580103322093886,1.0,0.0,0.0,0.0,0.0,0.0,1.0,2.33
STU-12759,0.6076325407666144,0.981403932745809,1.5048481821057689,1.7828728629284027,0.1729342973469531,-0.06906596148055104,-0.15190202251697757,1.0,0.0,0.0,0.0,1.0,0.0,0.0,5.15
STU-10126,-0.6937487657322955,0.809871892418178,-0.9300634475945818,1.573383869753641,0.3526634621959497,0.5485126889290146,-0.778003765989093,1.0,0.0,0.0,1.0,0.0,0.0,0.0,4.68
STU-12254,1.1281850633661783,-0.023283732030311134,-1.9194314333852365,-1.0382455784917144,-1.435966539795273,-0.027894051453246804,1.4637458911257004,1.0,0.0,0.0,0.0,0.0,0.0,1.0,2.46
STU-14342,-0.4334725044325135,2.110656531569374,0.29331672645194495,1.3359630108222453,1.0585876518438173,1.2484351593931888,0.18405501056562082,1.0,0.0,0.0,0.0,0.0,0.0,1.0,5.02
STU-10558,-1.4745775496316413,-1.0728964549874769,0.0657225939921197,0.4980070381232013,-0.7848994446394691,0.19443426269419722,0.718532108651573,1.0,0.0,0.0,0.0,0.0,1.0,0.0,3.58
STU-10720,0.08708001816705048,1.7675924509141137,1.191844537898546,0.023165320260409614,1.0585876518438173,0.15326235266689298,0.6452323923426423,1.0,0.0,0.0,0.0,1.0,0.0,0.0,4.63
STU-14239,0.8679088020663964,-0.9605838095348618,0.46117357034856316,0.7912916285678668,-0.3915163328213832,-0.29962865763345575,-0.6711083463719025,1.0,0.0,0.0,0.0,0.0,0.0,1.0,3.69
STU-10675,-1.2143012883318594,0.5995409382069177,-0.1411362812804783,1.0426784203775796,0.22995680346370254,0.06268415060682309,-1.1170149539178968,1.0,0.0,0.0,0.0,1.0,0.0,0.0,4.74
STU-11670,-0.1731962431327315,0.09719710581885767,0.0657225939921197,0.7214619641762801,0.20758088334193972,0.8531848231310664,0.205434094489059,1.0,0.0,0.0,0.0,0.0,0.0,1.0,4.59
STU-12321,-1.4745775496316413,-0.664486835159786,-1.2726888877835605,-0.6611653907771436,-1.7001467580070515,-0.044362815464168204,0.6269074632654096,1.0,0.0,0.0,0.0,0.0,1.0,0.0,2.63
STU-12761,1.3884613246659603,-1.9203464161299353,-0.2467873536154077,-2.08569054436552,-1.1840569874567184,-0.9419104540594035,-0.9307115082993651,1.0,0.0,1.0,0.0,0.0,0.0,0.0,2.82
STU-14311,0.34735627946683245,1.4224863221597144,-0.3702115035393915,0.16282464904358318,0.5908587409114876,1.2896070694204937,1.1705470258899784,1.0,0.0,0.0,0.0,1.0,0.0,0.0,4.51
STU-11562,-1.2143012883318594,2.0453109923969435,1.3350165518103674,0.4980070381232013,1.0585876518438173,1.5778104396116241,1.1338971677355127,0.0,1.0,0.0,1.0,0.0,0.0,0.0,5.06
STU-13743,-0.1731962431327315,0.015515181853319404,-1.4257348336893014,0.12092685040863062,0.9127832691149124,0.44970010486348405,0.5291745081868359,0.0,1.0,1.0,0.0,0.0,0.0,0.0,4.71
STU-12517,1.6487375859657423,0.8343764696078397,0.9400592720536195,-1.5549850949894586,1.0585876518438173,0.38382504881979695,-0.5794837009857394,1.0,0.0,0.0,0.0,0.0,1.0,0.0,3.9
STU-12340,0.6076325407666144,-0.06004059781480326,-0.3554006055485142,-0.06063027700949553,0.18448315934528195,1.281372687415033,-0.6772166560643136,1.0,0.0,0.0,1.0,0.0,0.0,0.0,3.57
STU-12402,-1.4745775496316413,0.5586999762241484,0.6626017830245038,1.3499289437005624,-0.8599670476286079,-0.4478475337317513,-0.2954473002886335,0.0,1.0,0.0,0.0,0.0,1.0,0.0,4.81
STU-14020,1.6487375859657423,-0.7706733363149856,-0.45019035269013313,0.6655982326630103,-0.3359374344544236,-0.06083157947509033,0.5200120436482192,0.0,1.0,1.0,0.0,0.0,0.0,0.0,5.01
STU-14222,-0.9540250270320775,-0.5195014201209556,-1.4395583384807864,-0.5215060619939701,-2.056717872205463,-2.547614945124274,1.4637458911257004,1.0,0.0,0.0,0.0,0.0,0.0,1.0,2.94
STU-14591,-1.4745775496316413,0.256476857551657,1.0141137620080096,0.5119729710015184,0.051671246364496826,-0.7195821399119602,1.9768439052882143,1.0,0.0,0.0,0.0,0.0,0.0,1.0,5.85
STU-14723,-0.4334725044325135,1.7267514889313447,1.3972223233720547,0.23265431343516998,1.0585876518438173,0.02151224057951886,-0.9062782695297215,1.0,0.0,0.0,0.0,1.0,0.0,0.0,5.09
STU-10496,-0.6937487657322955,-0.7461687591253239,-0.36231235794425665,-0.43771046472406494,0.40752055668801335,0.6802628010163888,-0.8482493274518181,1.0,0.0,0.0,0.0,0.0,1.0,0.0,3.53
STU-11101,-0.1731962431327315,-1.0177611563107385,-0.19149333444946418,1.7828728629284027,-0.9169895537453583,-1.9135675307037874,-0.7749496111428876,0.0,1.0,0.0,0.0,1.0,0.0,0.0,4.42
STU-14135,-0.1731962431327315,1.330594157698484,1.1711092807113173,-0.5494379277506043,1.0585876518438173,-1.4771452844143607,-0.4573175071375216,1.0,0.0,0.0,0.0,1.0,0.0,0.0,4.53
STU-13060,0.08708001816705048,-0.18256348376311046,0.01882141702100505,-0.7030631894120962,0.10941555635614222,-0.08553472549147244,-1.3399682576908942,0.0,1.0,0.0,0.0,1.0,0.0,0.0,4.23
STU-13686,2.559704500514979,-0.11517589649154145,0.14718253294194786,-1.9739630813389806,-0.8015009337620664,0.07091853261228379,0.08021374579463589,1.0,0.0,0.0,0.0,1.0,0.0,0.0,3.19
STU-10615,0.8679088020663964,-0.27037155202606433,-0.96067263677573,0.3304158435833922,1.0585876518438173,-0.43137876972082917,-0.9001699598373106,1.0,0.0,0.0,0.0,0.0,0.0,1.0,4.55
STU-10252,-0.9540250270320775,1.1611041654699927,1.5048481821057689,1.0426784203775796,-0.9011098684976558,-0.4725506797481341,-0.570321236447123,1.0,0.0,0.0,0.0,1.0,0.0,0.0,4.59
STU-13592,-0.9540250270320775,-0.8768598374701851,-1.5521211632114595,0.4561092394882487,-0.09918576348867757,0.18619988068873652,-0.18549772582523752,0.0,1.0,0.0,0.0,0.0,0.0,1.0,4.21
STU-13273,1.3884613246659603,0.7874093633276555,0.4285895947686302,-0.3399489345758439,1.0585876518438173,1.783669989748146,-0.9643072116076249,0.0,1.0,1.0,0.0,0.0,0.0,0.0,5.16
STU-14153,-0.6937487657322955,0.007346989456765759,1.5048481821057689,-2.532600396471677,0.3865882443160414,1.0343412272512063,-1.5568132517714806,1.0,0.0,0.0,0.0,0.0,0.0,1.0,3.6
STU-11256,-0.9540250270320775,-1.217881870026307,0.3180015564367417,-1.094109310004984,-0.23560669584394034,-1.6253641605126563,-1.1292315733027187,1.0,0.0,0.0,1.0,0.0,0.0,0.0,2.89
STU-13110,-1.4745775496316413,0.39125203209479503,-0.4580894982852679,0.051097186017043834,-0.8087189725110228,1.4378259455187892,-0.3351513132893042,1.0,0.0,0.0,0.0,0.0,0.0,1.0,4.57
STU-13369,0.34735627946683245,2.0841099062805744,0.9282105536609165,0.7354278970545971,1.0585876518438173,0.02151224057951886,-0.8146536241435584,0.0,1.0,0.0,0.0,0.0,0.0,1.0,5.77
STU-13318,0.08708001816705048,-0.8625655007762161,-0.5864506142062121,-0.5215060619939701,-0.1648699161041742,-0.6207695558464297,0.6574490117274644,1.0,0.0,0.0,0.0,1.0,0.0,0.0,2.63
STU-10641,0.08708001816705048,1.4081919854657459,0.8334208065192976,0.3304158435833922,1.0585876518438173,-1.600661014496274,-0.29850145513483883,1.0,0.0,1.0,0.0,0.0,0.0,0.0,4.58
STU-13608,-1.4745775496316413,-1.2444284953151072,-1.4997893236436917,-0.772892853803683,-2.033620148208805,0.26030931873788427,-1.318589173767456,1.0,0.0,0.0,1.0,0.0,0.0,0.0,2.48
STU-12104,-1.2143012883318594,0.01959927805159659,-0.8362610936523539,-0.5215060619939701,1.0585876518438173,-1.444207756392517,-0.1580103322093886,0.0,1.0,0.0,0.0,0.0,0.0,1.0,4.04
STU-13392,0.8679088020663964,0.7384002089483326,-1.26182756259025,0.24662024631348708,0.3504980505712629,0.9025911151638321,0.9445395672707757,1.0,0.0,0.0,0.0,0.0,0.0,1.0,4.13
STU-14573,1.9090138472655243,0.4075884168879027,0.413778696777753,-0.38184673321079526,0.6558210896520893,1.3637165074696416,0.6482865471888477,1.0,0.0,1.0,0.0,0.0,0.0,0.0,4.3
STU-14808,0.08708001816705048,-0.06820879021135727,-1.859200448222331,0.5957685682714223,-1.3103726655634431,0.5649814529399367,0.7093696441129569,0.0,1.0,0.0,0.0,1.0,0.0,0.0,3.24
STU-11494,0.6076325407666144,1.4735375246381759,1.5048481821057689,0.8611212929594536,1.0585876518438173,-0.4478475337317513,0.6513407020350531,0.0,1.0,0.0,0.0,1.0,0.0,0.0,5.04
STU-10882,-0.4334725044325135,-1.1688727156469843,1.5048481821057689,1.2661333464306586,-0.7040574106511649,-1.7159423625727261,0.35814183679933104,1.0,0.0,0.0,0.0,1.0,0.0,0.0,2.97
STU-13868,0.08708001816705048,-0.023283732030311134,-1.8256290794430086,-0.9823818469784447,-2.0516652450811943,-2.2594115749331443,-1.587354800233535,0.0,1.0,1.0,0.0,0.0,0.0,0.0,2.6
STU-13236,-0.9540250270320775,0.49948058134913337,0.32096373603491746,1.2102696149173888,1.0585876518438173,-1.5430203404580478,-1.5995714196183566,1.0,0.0,0.0,0.0,1.0,0.0,0.0,4.91
STU-10710,-1.4745775496316413,-0.013073491534618715,-0.65951771096121,0.4421433066099316,-0.36769680494982954,0.5073407789017104,-0.05111491259219799,0.0,1.0,1.0,0.0,0.0,0.0,0.0,4.19
STU-12241,0.34735627946683245,-0.7257482781339395,-1.5659446680029458,-2.2393158060270104,-0.920598573119836,1.1249194293112754,-1.0314986182241446,1.0,0.0,0.0,0.0,0.0,0.0,1.0,1.81
STU-10405,0.6076325407666144,1.293837291913992,0.7307319137825425,-1.010313712735079,0.5749790556637852,0.22737179071604074,-0.9887404503772684,1.0,0.0,1.0,0.0,0.0,0.0,0.0,5.2
STU-14969,-0.4334725044325135,0.27893938664218026,1.059533849180035,1.0706102861342153,0.044453207615541536,-0.7442852859283431,-1.685087755312109,1.0,0.0,0.0,0.0,1.0,0.0,0.0,4.72
STU-11693,1.1281850633661783,1.7124571522373753,1.5048481821057689,1.6571794670235462,1.0585876518438173,-0.8430978699938729,-0.041952448053581864,0.0,1.0,0.0,0.0,0.0,0.0,1.0,5.56
STU-11156,-0.9540250270320775,-0.9667099538322772,-2.837830532969599,-1.9180993498257108,-0.37347123594899395,1.8330762817809116,-0.7902203853739148,1.0,0.0,1.0,0.0,0.0,0.0,0.0,2.89
STU-11753,1.6487375859657423,0.4811021484568873,0.07905240218390905,-0.21425553867098746,-0.04505047287150981,1.5695760576061635,0.3337085980296875,1.0,0.0,1.0,0.0,0.0,0.0,0.0,5.15
STU-12837,0.6076325407666144,0.3095701081292571,0.0657225939921197,0.6237004340280577,0.5598211742909786,0.43323134085256265,1.0483808320417607,0.0,1.0,1.0,0.0,0.0,0.0,0.0,4.3
STU-13276,-1.2143012883318594,-0.9810042905262465,0.12842206215350255,-2.4627707320800893,-0.6131101224143227,-0.036128433458707504,-0.1580103322093886,1.0,0.0,0.0,0.0,1.0,0.0,0.0,3.07
STU-10320,-0.1731962431327315,1.4714954765390378,0.8897022188846336,0.10696091753031352,1.0585876518438173,1.0014036992293633,-0.4817507459071652,1.0,0.0,1.0,0.0,0.0,0.0,0.0,4.9
STU-11817,1.6487375859657423,-0.7298323743322166,0.8640299957004458,-0.13045994140108233,1.0585876518438173,-0.3490349496662207,-0.7688413014504768,1.0,0.0,0.0,0.0,1.0,0.0,0.0,4.81
STU-11971,-0.1731962431327315,1.1120950110906693,1.5048481821057689,1.6152816683885936,1.0585876518438173,-0.43961315172629056,-0.5031298298306034,0.0,1.0,0.0,0.0,0.0,1.0,0.0,5.63
STU-11750,-1.4745775496316413,-1.6548801632419365,-0.922164301999447,-1.6946444237726321,-3.150250742672252,0.8614192051365286,-1.0956358699944588,1.0,0.0,1.0,0.0,0.0,0.0,0.0,2.99
STU-10140,-0.1731962431327315,-0.006947347237203482,0.0657225939921197,-0.06063027700949553,1.0585876518438173,0.43323134085256265,1.7966487693620934,1.0,0.0,1.0,0.0,0.0,0.0,0.0,4.97
STU-13537,-1.4745775496316413,2.1739600226426665,0.34367377962092943,1.6292476012669108,1.0585876518438173,-0.1431753995296988,2.5620963276923314,1.0,0.0,0.0,0.0,0.0,1.0,0.0,5.8
STU-11754,0.6076325407666144,-1.1259897055650767,-0.46697603707979507,0.651632299784692,-0.17425336647781628,0.6226221269781624,-1.040661082762761,1.0,0.0,0.0,1.0,0.0,0.0,0.0,4.29
STU-10436,0.34735627946683245,-1.540525469690183,-0.1490354268756131,-0.40977859896743074,-1.3154252926877128,-2.061786406802083,-1.4774052257701389,1.0,0.0,0.0,0.0,0.0,0.0,1.0,2.79
STU-13080,-0.4334725044325135,-0.8503132121813852,-0.3287409891649327,0.3723136422183448,0.7330541042659148,2.162451561999347,1.167492871043773,0.0,1.0,0.0,0.0,0.0,0.0,1.0,5.0
STU-11492,-0.4334725044325135,-0.023283732030311134,1.5048481821057689,-1.3873939004496496,0.5165129417972438,0.24384055472696214,0.281787965644195,1.0,0.0,1.0,0.0,0.0,0.0,0.0,4.92
STU-11509,-1.2143012883318594,1.3816453601769454,1.5048481821057689,1.7968387958067198,0.8658660172467,1.5037010015624763,-1.0864734054558427,1.0,0.0,0.0,1.0,0.0,0.0,0.0,5.3
STU-14260,-1.4745775496316413,-0.2172783014484642,0.939071878854227,-0.17235774003603488,0.2826484863310795,-2.2100052829003785,2.0257103828275014,1.0,0.0,0.0,0.0,0.0,1.0,0.0,4.24
STU-12618,-0.4334725044325135,1.2223656084441465,1.3053947558286116,1.713043198536816,1.0585876518438173,-1.3453951723269866,-1.7522791619286286,0.0,1.0,0.0,0.0,0.0,0.0,1.0,5.46
STU-14725,-1.4745775496316413,-0.4112728708666176,0.6477908850336251,1.7968387958067198,0.7886330026328744,0.606153362967241,2.0165479182888855,0.0,1.0,0.0,0.0,0.0,0.0,1.0,5.09
STU-10220,-0.4334725044325135,0.21359384746974963,0.4809214343363994,-0.5773697935072397,-0.07680984336691472,-0.7442852859283431,-0.27101406151898993,1.0,0.0,0.0,0.0,0.0,0.0,1.0,4.53
STU-13855,0.08708001816705048,-0.4704922657416326,-0.21815295083304428,-1.4991213634761889,0.761926259261738,-1.263051352272378,0.5413911275716574,1.0,0.0,1.0,0.0,0.0,0.0,0.0,3.44
STU-10696,0.6076325407666144,0.7363581608491941,-0.282333508793515,1.573383869753641,0.6825278330232257,0.38382504881979695,0.6605031665736697,0.0,1.0,0.0,0.0,0.0,0.0,1.0,5.38
STU-10779,0.08708001816705048,0.17071083738784193,-0.7039504049338444,-0.39581266608911364,-0.07175721624264521,1.742498079720841,-1.1780980508420058,1.0,0.0,0.0,0.0,0.0,0.0,1.0,4.63
STU-13631,1.1281850633661783,0.9773198365475314,-0.8471224188456644,-0.3259830016975256,1.0585876518438173,0.4991063968962497,-0.7474622175270386,1.0,0.0,0.0,1.0,0.0,0.0,0.0,4.35
STU-12416,-0.4334725044325135,-2.2695366410826114,-1.5333606924230143,-1.3734279675713312,-1.2461321206977385,0.49087201489078824,-0.7657871466042713,1.0,0.0,0.0,0.0,1.0,0.0,0.0,2.29
STU-11071,1.3884613246659603,0.6056670825043329,1.2441763774663153,-0.40977859896743074,0.7893548065077693,1.6025135856280062,-0.8115994692973528,1.0,0.0,1.0,0.0,0.0,0.0,0.0,4.86
STU-13842,1.1281850633661783,-0.8339768273882778,-0.7187613029247216,0.13489278328694773,-0.8087189725110228,0.12855920665051015,0.17794670087321007,0.0,1.0,1.0,0.0,0.0,0.0,0.0,3.31
STU-12461,0.08708001816705048,-0.023283732030311134,-0.6950638661393173,-1.4851554305978705,-2.3064620129193303,0.24384055472696214,-0.5031298298306034,1.0,0.0,1.0,0.0,0.0,0.0,0.0,2.63
STU-14726,1.1281850633661783,-0.8196824906943085,-0.05227089333520947,0.651632299784692,-0.13816317273303777,-0.5795976458191254,0.6757739408046967,1.0,0.0,0.0,0.0,0.0,0.0,1.0,4.32
STU-12201,0.34735627946683245,0.7833252671293783,-0.21420337803547618,0.4980070381232013,1.0585876518438173,0.6555596550000059,2.28836769960117,1.0,0.0,0.0,0.0,1.0,0.0,0.0,4.87
STU-14078,-1.2143012883318594,0.9507732112587317,0.1866782609176232,1.6571794670235462,0.2119117065913133,0.7543722390655365,0.19321747510423723,1.0,0.0,0.0,1.0,0.0,0.0,0.0,5.25
STU-10782,0.08708001816705048,-0.011031443435480305,-0.8935298992170836,-1.163938974396571,-0.32727578795567747,0.16973111667781438,-0.6252960236788211,1.0,0.0,0.0,0.0,0.0,0.0,1.0,2.93
STU-13610,2.4295663698650882,-0.2172783014484642,-0.47684996907371324,-0.2980511359408914,-0.23560669584394034,1.3143102154368758,0.6513407020350531,1.0,0.0,0.0,0.0,1.0,0.0,0.0,5.01
STU-10198,0.08708001816705048,-0.4337353999571405,-0.555841425025064,0.26058617919180543,-0.9076061033717152,-1.3289264083160652,-0.1580103322093886,1.0,0.0,1.0,0.0,0.0,0.0,0.0,4.29
STU-13453,-1.2143012883318594,-1.2464705434142456,0.4809214343363994,-0.22822147154930458,-0.7170498803992846,1.2072632493658852,0.5505535921102735,1.0,0.0,0.0,0.0,1.0,0.0,0.0,3.51
STU-13956,-1.2143012883318594,2.595387699102364,0.044493640205192767,-1.5270532292328232,-1.6604475448877953,0.07915291461774449,-1.2452894574585254,1.0,0.0,0.0,0.0,0.0,1.0,0.0,3.55
STU-12392,0.6076325407666144,0.22176203986630327,0.8768661072925397,-1.010313712735079,1.0585876518438173,1.0178724632402847,2.5620963276923314,1.0,0.0,0.0,1.0,0.0,0.0,0.0,4.2
STU-14643,-0.6937487657322955,-0.027367828228587958,1.5048481821057689,-0.5773697935072397,1.0585876518438173,0.02974662258497956,-1.0009570697620902,1.0,0.0,0.0,0.0,0.0,0.0,1.0,4.37
STU-13923,-0.4334725044325135,-0.20706806095277214,-0.600274118997697,0.553870769636471,-1.1284780890897599,1.618982349638929,-0.32904300359689315,1.0,0.0,0.0,0.0,0.0,1.0,0.0,3.71
STU-10282,1.1281850633661783,-0.7359585186296319,-0.7009882253356687,-0.9404840483434921,0.21696433371558282,1.281372687415033,2.1814722799839794,1.0,0.0,0.0,0.0,0.0,0.0,1.0,3.19
STU-13841,1.9090138472655243,-1.562987998780706,-0.9103155836067441,-0.5634038606289227,0.1729342973469531,0.7873097670873801,-0.9704155213000357,1.0,0.0,1.0,0.0,0.0,0.0,0.0,3.58
STU-13495,1.6487375859657423,0.06452433623264237,0.8176225153290281,1.3918267423355148,0.37359577456792165,2.718272347367955,0.30927535926004396,1.0,0.0,0.0,0.0,0.0,1.0,0.0,5.84
STU-10583,0.6076325407666144,-1.1443681384573228,-1.0070801171471477,0.7773256956895485,-0.5560876162975733,-0.3655037136771428,-0.9826321406848575,0.0,1.0,0.0,0.0,0.0,1.0,0.0,3.6
STU-10125,0.8679088020663964,1.5899342662890679,0.8373703793168643,1.7968387958067198,1.0585876518438173,1.7754356077426852,0.6452323923426423,1.0,0.0,1.0,0.0,0.0,0.0,0.0,5.99
STU-11850,-1.4745775496316413,0.13191192350421138,0.0849767613802605,0.5119729710015184,1.0585876518438173,0.48263763288532757,1.6225619431283838,0.0,1.0,0.0,1.0,0.0,0.0,0.0,4.45
STU-12744,0.34735627946683245,1.567471737198545,-0.1381741016823026,1.4476904738487846,0.8774148792450288,0.02151224057951886,2.5620963276923314,0.0,1.0,0.0,0.0,0.0,1.0,0.0,5.05
STU-14558,-1.4745775496316413,-0.4439456404528329,0.9736306408329434,-0.21425553867098746,0.49413702167548196,-1.0571918021358562,-0.3718011714437695,1.0,0.0,0.0,0.0,0.0,1.0,0.0,4.5
STU-14086,1.6487375859657423,-0.7461687591253239,1.2698486006505043,0.009199387382091261,1.0585876518438173,-1.600661014496274,-1.1994771347654438,1.0,0.0,0.0,0.0,0.0,1.0,0.0,3.73
STU-10853,-1.4745775496316413,0.044103855241257886,1.5048481821057689,1.0706102861342153,0.9041216226161652,-0.15964416354062091,0.019130648870527008,1.0,0.0,0.0,0.0,0.0,1.0,0.0,4.52
STU-10993,-0.6937487657322955,-0.8094722501986161,0.7307319137825425,-1.177904907274888,-0.4138922529431461,0.40029381283071913,0.13213437818012835,0.0,1.0,0.0,0.0,0.0,0.0,1.0,4.45
STU-11354,-0.1731962431327315,-0.6093515364830475,0.6853118266105171,-0.9963477798567617,-0.8895610064993259,0.02151224057951886,2.138714112137103,1.0,0.0,1.0,0.0,0.0,0.0,0.0,4.25
STU-14539,-0.4334725044325135,-0.23157263814243342,-0.3228166299685827,0.8890531587160878,-0.8015009337620664,-0.90897292603756,0.4406040176468778,0.0,1.0,0.0,0.0,0.0,0.0,1.0,3.74
STU-12589,-0.9540250270320775,0.6791808140733172,0.5569507106895744,1.321997077943928,0.5388888619190066,-0.2502223656006901,-1.3979971997687974,1.0,0.0,0.0,0.0,0.0,0.0,1.0,5.01
STU-13658,-0.1731962431327315,0.7343161127500557,0.0657225939921197,0.7354278970545971,0.6753097942742694,0.6308565089836231,2.5620963276923314,1.0,0.0,0.0,0.0,0.0,0.0,1.0,4.53
STU-10303,-0.4334725044325135,0.5791204572155328,0.29430411965133596,-0.2561533373059388,0.78285857163371,-1.7488798905945697,-0.3718011714437695,1.0,0.0,0.0,0.0,1.0,0.0,0.0,4.0
STU-12210,-0.6937487657322955,-2.2695366410826114,-0.7859040404833695,-0.3259830016975256,-3.1643259182327137,0.3014812287651885,-0.1580103322093886,1.0,0.0,0.0,0.0,0.0,0.0,1.0,2.44
STU-13518,-0.6937487657322955,-0.21523625334932578,1.5048481821057689,0.7074960312979617,1.0585876518438173,0.9602317892020584,-0.9612530567614195,0.0,1.0,0.0,0.0,0.0,1.0,0.0,4.7
STU-10614,-0.6937487657322955,-0.8748177893710467,-1.2124579026206566,-0.04666434413117842,0.5020768642993332,-1.156004386201387,-0.2160392742872918,1.0,0.0,0.0,0.0,0.0,0.0,1.0,3.35
STU-13538,-1.2143012883318594,-0.28466588872003323,0.16693039692978554,0.023165320260409614,0.12962606485321826,1.0755131372785112,-1.3888347352301813,0.0,1.0,0.0,0.0,0.0,1.0,0.0,4.27
STU-13652,0.6076325407666144,-0.006947347237203482,1.5048481821057689,0.567836702514788,0.18737037484486468,-1.7241767445781868,0.025238958562938032,0.0,1.0,0.0,1.0,0.0,0.0,0.0,4.55
STU-12810,0.8679088020663964,-0.05187240541824962,-0.057207859332168536,1.7549409971717673,-0.6535311394084748,0.8120129131037629,1.3537963166623046,0.0,1.0,1.0,0.0,0.0,0.0,0.0,4.84
STU-11372,0.08708001816705048,-1.2464705434142456,-1.4899153916497723,-0.8846203168302224,-0.2615916353401808,-0.09376910749693386,-0.5061839846768087,1.0,0.0,0.0,0.0,0.0,0.0,1.0,3.17
STU-11757,0.6076325407666144,1.426570418357992,1.5048481821057689,0.23265431343516998,1.0585876518438173,1.1578569573331197,-0.674162501218108,1.0,0.0,0.0,0.0,0.0,0.0,1.0,5.93
STU-10630,1.3884613246659603,0.6955171988664248,0.05634235859789565,-0.36788080033247816,0.5692046246646206,-0.637238319857351,0.04661804248637593,1.0,0.0,0.0,0.0,0.0,0.0,1.0,5.01
STU-11761,-0.1731962431327315,-0.11721794459068023,0.672475715018422,-0.5354719948722872,0.06249830448793079,0.22737179071604074,2.5620963276923314,1.0,0.0,0.0,1.0,0.0,0.0,0.0,4.67
STU-11360,0.08708001816705048,1.638943420668391,0.5490515650944382,1.7968387958067198,1.0585876518438173,-1.131301240185004,-0.21298511944108642,1.0,0.0,1.0,0.0,0.0,0.0,0.0,5.43
STU-10384,0.34735627946683245,0.7384002089483326,0.36737121640633524,-0.08856214276612975,1.0585876518438173,-0.5548944998027425,0.1077011394104848,1.0,0.0,0.0,0.0,0.0,1.0,0.0,4.91
STU-10861,1.3884613246659603,-0.9585417614357234,-0.719748696124114,-2.4208729334451373,-0.7372603888963607,0.6637940370054666,-0.20993096459488106,1.0,0.0,1.0,0.0,0.0,0.0,0.0,2.87
STU-10550,2.4295663698650882,-1.5650300468798444,-1.7081292887153763,0.10696091753031352,-1.555064179153042,-1.2054106782341518,-0.723028978757395,1.0,0.0,0.0,0.0,0.0,0.0,1.0,3.21
STU-11546,-0.4334725044325135,-0.5746367187976937,-1.201596577427346,-0.38184673321079526,-1.4864928110379632,-0.019659669447785372,1.5981287043587402,1.0,0.0,0.0,0.0,0.0,1.0,0.0,3.69
STU-11949,0.6076325407666144,-0.24382492673726425,1.5048481821057689,-2.1974180073920593,-0.9538015513650318,-2.349989776993213,0.6879905601895187,1.0,0.0,0.0,0.0,0.0,0.0,1.0,3.24
STU-11675,0.34735627946683245,-1.3322365635780606,-1.5264489400272718,-1.4851554305978705,-2.1989132355598904,-1.0901293301576997,1.2133051937368542,1.0,0.0,0.0,0.0,1.0,0.0,0.0,2.33
STU-14144,-0.9540250270320775,-0.22340444574587978,1.448566769740433,-0.03269841125286007,0.6168436804077281,1.215497631371346,-0.9520905922228031,1.0,0.0,0.0,1.0,0.0,0.0,0.0,3.23
STU-10059,1.9090138472655243,0.7057274393621172,0.20445133850667613,1.2661333464306586,0.9539260899839594,-2.308817866965909,-0.8207619338359692,0.0,1.0,1.0,0.0,0.0,0.0,0.0,4.94
STU-12440,0.6076325407666144,1.4612852360433453,0.4670979295449132,1.1683718162824361,0.9777456178555131,0.8696535871419893,-0.9673613664538304,1.0,0.0,0.0,0.0,1.0,0.0,0.0,5.66
STU-14013,0.6076325407666144,0.4790601003577489,-0.3228166299685827,1.0426784203775796,0.6608737167763578,0.27677808274880566,0.6330157729578209,1.0,0.0,0.0,0.0,0.0,0.0,1.0,5.01
STU-13329,0.08708001816705048,-0.05595650161652644,-0.2586360720081106,-0.06063027700949553,-1.342853839933744,-0.9172073080430214,-0.12441462890112863,1.0,0.0,0.0,0.0,0.0,1.0,0.0,2.56
STU-11860,0.08708001816705048,0.1359960197024882,-0.8777316080268126,0.972848755985993,-0.3770802553234716,-0.9583792180703257,-0.041952448053581864,1.0,0.0,0.0,1.0,0.0,0.0,0.0,3.68
STU-13826,0.6076325407666144,0.6097511787026098,-0.4334046683004712,0.023165320260409614,0.8997907993667916,0.40029381283071913,0.41617077887723425,1.0,0.0,0.0,0.0,0.0,0.0,1.0,4.38
STU-10302,0.34735627946683245,-0.004905299138065071,0.6537152442299766,0.34438177646170937,-0.08402788211587002,-2.061786406802083,1.7019699691297252,0.0,1.0,0.0,0.0,0.0,1.0,0.0,5.07
STU-14492,2.1692901085653062,0.2993598676335647,-1.798969463059427,0.98681468886431,-1.106102168967997,0.48263763288532757,-1.4010513546150027,1.0,0.0,0.0,0.0,0.0,1.0,0.0,3.81
STU-12567,2.4295663698650882,-0.2928340811165872,1.5048481821057689,1.308031145065611,1.0585876518438173,-1.6583016885344999,-1.089527560302048,0.0,1.0,0.0,0.0,1.0,0.0,0.0,5.14
STU-13997,-1.2143012883318594,0.46884985986205646,0.18766565411701416,-0.2980511359408914,0.4616558473051811,-0.29962865763345575,2.4196963579880038,1.0,0.0,0.0,0.0,1.0,0.0,0.0,4.76
STU-13603,0.6076325407666144,-0.29691817731486403,-0.38502240153027006,-1.3175642360580628,0.34761083507168117,0.05444976860136239,-0.9062782695297215,1.0,0.0,0.0,0.0,0.0,0.0,1.0,3.37
STU-10153,0.8679088020663964,0.12578577920679615,-0.2714721836002045,-0.8985862497085395,1.0585876518438173,-0.90897292603756,1.0178392835797063,1.0,0.0,0.0,0.0,0.0,0.0,1.0,4.07
STU-12839,-0.1731962431327315,0.24626661705596495,-0.20432944604155803,-0.01873247837454296,-0.3965689599456517,-1.5677234864744307,2.276151080216348,0.0,1.0,0.0,0.0,0.0,0.0,1.0,3.45
STU-14484,2.559704500514979,-0.023283732030311134,-0.8224375888608677,-0.40977859896743074,-1.4843273994132764,0.11209044263958802,0.7063154892667515,0.0,1.0,0.0,1.0,0.0,0.0,0.0,3.48
STU-10770,-1.4745775496316413,1.8819471444658669,1.5048481821057689,1.7968387958067198,1.0585876518438173,-0.3572693316716814,-1.3491307222295104,1.0,0.0,0.0,0.0,0.0,0.0,1.0,6.41
STU-13571,1.6487375859657423,-0.11925999268981864,1.5048481821057689,0.5259389038798356,0.6709789710248958,-0.4807850617535948,-0.42677595867546736,1.0,0.0,0.0,0.0,0.0,1.0,0.0,3.93
STU-13908,1.3884613246659603,0.42188275358187194,-1.2075209366236974,-1.1220411757616182,0.47825733642777846,-0.3572693316716814,-1.428538748230852,1.0,0.0,0.0,0.0,0.0,0.0,1.0,4.16
STU-13317,1.3884613246659603,-0.06412469401308009,0.9449962380505785,0.24662024631348708,0.07043814711178202,-1.0983637121631604,-0.12441462890112863,1.0,0.0,0.0,0.0,0.0,0.0,1.0,4.45
STU-13382,-0.1731962431327315,-0.025325780129449547,-1.0367019131289037,0.4561092394882487,0.4883625906763165,0.268543700743345,-1.3399682576908942,1.0,0.0,0.0,1.0,0.0,0.0,0.0,3.82
STU-14292,-0.1731962431327315,-0.6971596047460014,0.4967197255266704,-0.186323672914352,0.38514463656625053,1.6519198776607718,-0.46342581682993267,0.0,1.0,1.0,0.0,0.0,0.0,0.0,4.91
STU-13653,-0.1731962431327315,-0.11925999268981864,0.49573233232727804,-1.0382455784917144,0.173656101221848,-1.2959888802942217,-0.313772229365866,1.0,0.0,0.0,0.0,0.0,0.0,1.0,4.23
STU-10402,0.6076325407666144,-0.22340444574587978,-0.16285893166709933,-0.01873247837454296,0.7193398306428991,-0.7772228139501866,-0.3718011714437695,1.0,0.0,0.0,0.0,1.0,0.0,0.0,4.11
STU-10572,0.6076325407666144,-1.1259897055650767,-1.0416388791258642,-1.2756664374231101,-0.2161179912217592,1.3966540354914843,-0.8024370047587366,1.0,0.0,0.0,0.0,1.0,0.0,0.0,3.54
STU-11333,-1.4745775496316413,0.39329408019393347,0.0657225939921197,0.6097345011497406,0.6002421912851307,-1.5018484304307436,1.307983993969223,0.0,1.0,0.0,0.0,0.0,0.0,1.0,4.84
STU-13891,-1.4745775496316413,0.37083155110341054,0.2508588188780939,-0.04666434413117842,0.5547685471667091,-1.5018484304307436,-0.6955415851415461,0.0,1.0,0.0,0.0,0.0,0.0,1.0,4.63
STU-13315,1.3884613246659603,0.4198407054827335,0.41279130357836064,0.0929949846519964,1.0585876518438173,-0.5878320278245861,-0.12441462890112863,0.0,1.0,0.0,0.0,1.0,0.0,0.0,5.42
STU-13327,0.8679088020663964,-0.023283732030311134,1.4189449737586757,-0.004766545496225848,0.24944550808588367,-1.263051352272378,-0.1580103322093886,0.0,1.0,0.0,0.0,0.0,1.0,0.0,4.9
STU-13030,0.8679088020663964,1.5817660738925141,0.48980797313092655,-0.2980511359408914,1.0585876518438173,-0.5713632638136648,-0.991794605223474,1.0,0.0,0.0,0.0,1.0,0.0,0.0,4.45
STU-12032,-0.6937487657322955,-0.23565673434071024,-2.0863008840824615,0.6376663669063749,0.1729342973469531,0.02151224057951886,2.251717841446704,0.0,1.0,0.0,0.0,1.0,0.0,0.0,4.41
STU-11607,-1.4745775496316413,2.1433293011555894,0.46512314314612985,1.7968387958067198,0.9568133054835422,-0.027894051453246804,-1.6484378971576437,1.0,0.0,0.0,0.0,1.0,0.0,0.0,5.62
STU-10798,-1.4745775496316413,2.595387699102364,0.0657225939921197,-0.8846203168302224,-0.4651403280607311,-1.6665360705399606,0.08632205548704663,1.0,0.0,0.0,0.0,0.0,0.0,1.0,3.14
STU-10532,-0.4334725044325135,-0.19073167615966446,-1.794032497062468,0.06506311889536094,-1.8834849422305262,0.02151224057951886,0.33065444318348214,1.0,0.0,0.0,1.0,0.0,0.0,0.0,3.85
STU-13805,-0.1731962431327315,-2.2695366410826114,-0.2171655576336519,-1.680678490894315,-1.9708232110928903,-1.9053331486983258,-0.7535705272194495,1.0,0.0,0.0,0.0,0.0,0.0,1.0,1.12
STU-11918,-0.1731962431327315,-0.22340444574587978,0.31898894963613267,-1.0382455784917144,0.9308283659873017,0.02151224057951886,0.3703584561841528,1.0,0.0,0.0,0.0,0.0,0.0,1.0,4.07
STU-12240,-0.6937487657322955,1.0099926061337468,1.5048481821057689,-0.5215060619939701,-0.053712119370255954,0.06268415060682309,1.1522220968127455,1.0,0.0,0.0,0.0,0.0,0.0,1.0,4.61
STU-12492,-1.4745775496316413,0.6260875634957174,0.41279130357836064,1.154405883404119,0.29203193670472155,-1.3289264083160652,-0.1580103322093886,1.0,0.0,0.0,1.0,0.0,0.0,0.0,4.44
STU-13811,0.08708001816705048,0.035935662844703876,0.7485049913715969,1.1963036820390716,-0.6434258851599368,0.5567470709344753,0.44671232733928884,0.0,1.0,0.0,0.0,1.0,0.0,0.0,5.25
STU-11583,0.34735627946683245,-0.4010626303709252,0.5806481474749787,-0.9684159141001275,-1.4114252080488234,0.6390908909890846,0.6116366890343826,1.0,0.0,0.0,0.0,0.0,1.0,0.0,7.394150224970773
STU-12145,0.08708001816705048,0.21971999176716486,-0.33269056196250085,0.6376663669063749,1.0585876518438173,-0.07730034348601174,1.766107220900039,1.0,0.0,0.0,0.0,1.0,0.0,0.0,5.38
STU-11524,0.6076325407666144,-1.6916370290264287,-1.3042854701641011,-0.8287565853169527,-1.7506730292497414,0.5567470709344753,-0.8421410177594073,1.0,0.0,0.0,0.0,0.0,0.0,1.0,2.72
STU-11398,0.34735627946683245,-1.7733189529919668,-2.1968889224143515,-1.7365422224075848,-2.7597548463537485,1.174325721344041,0.26346303656696224,1.0,0.0,1.0,0.0,0.0,0.0,0.0,1.97
STU-13887,-1.2143012883318594,-0.34184323549591017,0.028695349014923186,1.3638948765788808,-1.2800569028178301,1.4625290915351714,-0.5336713782926576,0.0,1.0,0.0,0.0,0.0,1.0,0.0,4.48
STU-10527,0.34735627946683245,-1.6242494417548596,0.0657225939921197,0.6376663669063749,-0.8975008491231772,-0.6948789938955774,-0.2160392742872918,1.0,0.0,0.0,0.0,1.0,0.0,0.0,4.1
STU-13715,-0.6937487657322955,-0.4909127467330171,-0.16977068406284176,-0.5913357263855569,-1.865439845358137,-0.2749255116170729,-0.3718011714437695,1.0,0.0,0.0,0.0,1.0,0.0,0.0,4.16
STU-13927,-0.1731962431327315,0.5729943129181176,-0.4738877894755389,0.5259389038798356,0.1729342973469531,1.0755131372785112,1.5156665235111928,0.0,1.0,0.0,0.0,0.0,1.0,0.0,4.73
STU-11539,-0.6937487657322955,0.8752174315906086,0.0657225939921197,0.5818026353931052,-0.5149447954285252,-0.4478475337317513,1.2835507551995795,1.0,0.0,0.0,0.0,0.0,0.0,1.0,4.33
STU-13756,1.6487375859657423,-0.20911010905191055,1.5048481821057689,-0.5354719948722872,-0.7213807036486583,-0.8266291059829515,-1.0437152376089665,1.0,0.0,0.0,0.0,0.0,0.0,1.0,3.84
STU-14035,1.1281850633661783,1.1080109148923927,0.30911501764221455,0.6376663669063749,0.09858849823270929,0.6143877449727017,-0.1580103322093886,1.0,0.0,0.0,0.0,1.0,0.0,0.0,4.76
STU-11484,-1.2143012883318594,-1.7406461834057516,0.6369295598403146,-0.5494379277506043,-1.5889889612731336,0.4661688688744062,0.12297191364151196,1.0,0.0,0.0,0.0,0.0,0.0,1.0,3.32
STU-10773,-0.9540250270320775,-0.28058179252175636,0.3802073279984291,1.2242355477957059,1.0585876518438173,0.08738729662320592,-1.1780980508420058,1.0,0.0,1.0,0.0,0.0,0.0,0.0,4.46
STU-10088,-1.4745775496316413,0.1380380678016266,1.5048481821057689,-1.4153257662062837,1.0585876518438173,-1.1642387682068476,1.0086768190410897,1.0,0.0,0.0,0.0,0.0,0.0,1.0,5.11
STU-12536,-1.4745775496316413,0.4872282927543025,-2.3509222615194827,0.3024839778267568,-1.2374704741989913,0.20266864469965792,-0.8421410177594073,0.0,1.0,0.0,0.0,1.0,0.0,0.0,2.77
STU-12882,2.4295663698650882,-1.2607648801082145,-1.2756510673817363,-1.4991213634761889,-1.1097111883424757,-0.6701758478791946,0.5077954242633977,1.0,0.0,0.0,0.0,0.0,0.0,1.0,2.38
STU-10661,0.08708001816705048,0.2626030018490726,0.014871844223436952,0.12092685040863062,0.8146179421291149,-1.4359733743870564,-0.9948487600696793,0.0,1.0,0.0,0.0,1.0,0.0,0.0,5.04
STU-11519,-0.4334725044325135,0.7077694874612557,0.6280430210457889,0.4561092394882487,1.0585876518438173,-0.9995511280976299,0.8559690767308176,1.0,0.0,1.0,0.0,0.0,0.0,0.0,5.61
STU-13896,0.6076325407666144,0.17887902978439593,-0.4738877894755389,1.7968387958067198,0.41473859543696867,-0.003190905436863971,1.7325115175917793,1.0,0.0,0.0,0.0,0.0,0.0,1.0,3.75
STU-14271,-1.4745775496316413,-0.8339768273882778,-0.4136568043126349,-0.36788080033247816,-1.4171996390479877,1.174325721344041,-1.1353398829951296,1.0,0.0,0.0,0.0,0.0,1.0,0.0,3.71
STU-14775,0.34735627946683245,-0.027367828228587958,0.8008368309393661,1.1963036820390716,0.7604826515119472,-0.28315989362253363,-0.7535705272194495,1.0,0.0,0.0,0.0,0.0,0.0,1.0,5.07
STU-13412,-0.4334725044325135,-0.33775913929763296,0.9854793592256449,0.7074960312979617,0.442167142683,-0.1349410175242381,-0.3931802553672074,1.0,0.0,0.0,0.0,0.0,1.0,0.0,4.42
STU-13807,-1.4745775496316413,-0.5337957568149249,-1.2489914509981561,-0.5634038606289227,-0.6145537301641146,-1.6830048345508826,-0.5917003203705612,1.0,0.0,0.0,0.0,1.0,0.0,0.0,2.83
STU-13112,-1.4745775496316413,-1.2403443991168301,-0.719748696124114,-1.513087296354506,0.1729342973469531,0.6226221269781624,-0.27712237121140065,1.0,0.0,0.0,0.0,1.0,0.0,0.0,3.0
STU-10545,0.08708001816705048,1.181524646461377,0.276531042062283,-0.1025280756444481,1.0585876518438173,0.24384055472696214,-1.2605602316895528,0.0,1.0,0.0,0.0,0.0,0.0,1.0,4.84
STU-11835,1.3884613246659603,1.4776216208364534,1.5048481821057689,-0.1025280756444481,1.0585876518438173,-1.0489574201303948,0.83458999280738,0.0,1.0,0.0,0.0,0.0,1.0,0.0,5.24
STU-13685,-1.4745775496316413,-1.5466516139875983,0.04943060620215324,-0.24218740442762168,0.1729342973469531,-0.1514097815351595,1.3415796972774832,1.0,0.0,0.0,0.0,0.0,0.0,1.0,2.7
STU-13241,0.8679088020663964,-0.5991412959873554,-0.9912818259568782,-0.43771046472406494,-0.1287797223593957,-1.3453951723269866,-0.8818450307600779,1.0,0.0,1.0,0.0,0.0,0.0,0.0,3.82
STU-13919,-0.9540250270320775,1.834980038185683,0.9637567088390239,1.3918267423355148,1.0585876518438173,-0.950144836064865,-0.576429546139534,0.0,1.0,0.0,0.0,0.0,0.0,1.0,5.51
STU-14421,-0.6937487657322955,-1.9959021957980585,-1.9263431857809787,-0.8706543839519053,-1.8004774966175356,1.643685495655311,-0.04806075774599261,1.0,0.0,0.0,1.0,0.0,0.0,0.0,2.19
STU-13099,-0.1731962431327315,0.12170168300851933,1.4791759589215798,0.26058617919180543,0.8572043707479527,2.2447953820539555,2.5620963276923314,1.0,0.0,1.0,0.0,0.0,0.0,0.0,5.47
STU-10184,-0.6937487657322955,1.0079505580346086,1.5048481821057689,0.023165320260409614,0.7778059445094405,0.04621538659590096,0.7704527410370654,0.0,1.0,0.0,0.0,0.0,0.0,1.0,5.45
STU-10680,0.34735627946683245,1.3755192158795306,-1.3161341885568025,0.023165320260409614,0.7734751212600669,0.24384055472696214,-1.3644014964605378,1.0,0.0,0.0,0.0,0.0,0.0,1.0,4.12
STU-11076,-0.1731962431327315,0.6750967178750403,0.3377494204245794,0.3723136422183448,1.0585876518438173,0.41676257684164053,-0.17022695159421036,1.0,0.0,0.0,0.0,0.0,1.0,0.0,4.51
STU-12932,0.08708001816705048,-0.588931055491663,-1.6261756531658498,-0.3120170688192085,-0.3886291173218005,1.5448729115897812,-0.500075674984398,0.0,1.0,0.0,1.0,0.0,0.0,0.0,3.52
STU-10147,0.34735627946683245,-0.4398615442545557,-0.5844758278074274,1.1823377491607534,-1.260568198195649,-0.5548944998027425,0.48641634033995956,1.0,0.0,0.0,0.0,0.0,0.0,1.0,3.57
STU-11066,-1.4745775496316413,0.8915538163837167,1.5048481821057689,1.056644353255897,0.5663174091650389,-0.11847225351331596,-1.3277516383060723,0.0,1.0,0.0,0.0,0.0,1.0,0.0,5.65
STU-11172,-0.9540250270320775,-0.754336951521878,-0.25271171281175914,0.5259389038798356,-0.42327570331678815,0.9108254971692927,1.2713341358147578,1.0,0.0,0.0,0.0,0.0,1.0,0.0,3.77
STU-11540,-0.1731962431327315,0.4770180522586101,0.15310689213829928,0.42817737373161324,1.0535350247195487,-0.7525196679338038,-1.6240046583880001,1.0,0.0,0.0,1.0,0.0,0.0,0.0,4.77
STU-13591,0.8679088020663964,1.6369013725692523,1.093105217959359,0.972848755985993,1.0585876518438173,1.9318888658464415,0.7002071795743402,1.0,0.0,0.0,0.0,1.0,0.0,0.0,4.98
STU-12422,0.8679088020663964,-0.06412469401308009,-0.2971444067843936,0.023165320260409614,0.5807534866629496,0.606153362967241,0.8956730897314885,0.0,1.0,0.0,0.0,0.0,1.0,0.0,4.17
STU-11276,0.6076325407666144,0.23197228036199571,1.0170759416061854,-0.03269841125286007,1.0585876518438173,0.41676257684164053,0.17183839118079905,0.0,1.0,0.0,0.0,0.0,1.0,0.0,4.51
STU-11193,1.3884613246659603,-0.36226371648729466,0.1037372321687058,-1.094109310004984,0.9467080512350041,1.0672787552730505,-0.5245089137540415,1.0,0.0,0.0,0.0,0.0,1.0,0.0,3.97
STU-14503,-0.4334725044325135,0.999782365638055,1.5048481821057689,-0.39581266608911364,1.0585876518438173,2.170685944004808,-0.18549772582523752,1.0,0.0,0.0,0.0,0.0,0.0,1.0,4.79
STU-12127,-1.4745775496316413,-0.45823997714680215,-0.917227336002488,-1.7225762895292664,-1.2591245904458581,1.306075833431415,2.5143751582203726,1.0,0.0,0.0,0.0,0.0,1.0,0.0,2.99
STU-11368,-0.9540250270320775,0.13191192350421138,-0.07300615052243951,0.4421433066099316,-1.0209293117303202,1.7095605516989982,1.329363077892661,0.0,1.0,0.0,1.0,0.0,0.0,0.0,4.7
STU-11903,0.08708001816705048,-0.7155380376382474,0.4246400219710635,-0.772892853803683,-0.19302026722510146,0.02974662258497956,-0.4420467329064945,0.0,1.0,0.0,0.0,0.0,0.0,1.0,3.88
STU-13032,0.34735627946683245,-0.6665288832589245,-0.4136568043126349,0.023165320260409614,0.024242699118465494,-0.011425287442324671,0.6207991535729988,0.0,1.0,1.0,0.0,0.0,0.0,0.0,4.22
STU-13797,-1.2143012883318594,0.10944939441368849,1.0654582083763866,0.26058617919180543,0.1729342973469531,-0.7854571959556473,2.468562835527291,1.0,0.0,1.0,0.0,0.0,0.0,0.0,4.07
STU-12445,0.08708001816705048,-0.21523625334932578,-0.33170316876310846,-0.14442587427939943,0.1729342973469531,-0.08553472549147244,0.46809141126272674,0.0,1.0,1.0,0.0,0.0,0.0,0.0,3.88
STU-14984,1.1281850633661783,-0.5174593720218171,-2.060628660898273,-0.7449609880470488,-1.0627939364742631,1.1084506653003539,-1.4957301548473716,0.0,1.0,0.0,0.0,0.0,0.0,1.0,3.12
STU-14549,0.08708001816705048,0.2666870980473494,-0.9409247727878923,0.567836702514788,0.13612229972727866,0.8861223511529106,2.5620963276923314,0.0,1.0,0.0,0.0,0.0,1.0,0.0,4.9
STU-14546,-1.2143012883318594,-0.5583003340045861,-1.3546425233330857,1.0007806217426272,-1.7961466733681621,0.9767005532129798,0.5719326760337117,0.0,1.0,0.0,0.0,0.0,1.0,0.0,2.88
STU-10764,-0.9540250270320775,-0.5052070834269863,0.38909386679295627,-0.9125521825868579,-0.5467041659239302,-1.3536295543324472,0.6727197859584912,1.0,0.0,0.0,0.0,0.0,1.0,0.0,3.57
STU-10501,-0.9540250270320775,1.7839288357072216,1.3083569354267872,1.3918267423355148,1.0585876518438173,0.02151224057951886,-1.2544519219971417,0.0,1.0,0.0,0.0,0.0,1.0,0.0,7.0
STU-12367,0.8679088020663964,-1.3587831888668604,-2.366720552709753,0.4980070381232013,-2.5800256815047513,0.8696535871419893,0.4222790885696453,1.0,0.0,0.0,0.0,0.0,0.0,1.0,2.57
STU-12735,0.08708001816705048,-0.18664757996138764,0.0657225939921197,0.023165320260409614,0.2544981352101522,0.606153362967241,-1.1200691087641024,0.0,1.0,0.0,0.0,1.0,0.0,0.0,4.76
STU-11026,1.3884613246659603,-0.023283732030311134,-1.2035713638261307,-1.4292916990846007,0.1729342973469531,1.1660913393385803,-0.5611587719085066,1.0,0.0,0.0,0.0,0.0,1.0,0.0,3.84
STU-13313,-0.1731962431327315,-1.603828960763475,-1.9391792973730726,-0.11649400852276522,-2.8081157059717516,-0.5713632638136648,2.117335028213665,0.0,1.0,0.0,0.0,1.0,0.0,0.0,2.66
STU-12266,-1.4745775496316413,0.4872282927543025,-0.30109397958196166,1.5454520039970068,1.0585876518438173,0.6473252729945452,-0.1580103322093886,1.0,0.0,0.0,0.0,0.0,0.0,1.0,4.67
STU-12815,0.34735627946683245,0.2952757714352879,0.26369493047018916,-0.605301659263874,-1.3154252926877128,0.12032482464504946,-1.0101195343007066,1.0,0.0,0.0,1.0,0.0,0.0,0.0,3.4
STU-10219,-1.4745775496316413,1.0814642896035929,0.7870133261478799,-0.22822147154930458,1.0585876518438173,-1.403035846365213,-0.4878590555995762,1.0,0.0,0.0,1.0,0.0,0.0,0.0,4.73
STU-11406,-0.6937487657322955,0.06248228813350395,1.5048481821057689,0.42817737373161324,1.0585876518438173,0.48263763288532757,-0.570321236447123,1.0,0.0,0.0,0.0,0.0,0.0,1.0,4.84
STU-12953,-0.9540250270320775,0.9548573074570085,0.6053329774597755,1.573383869753641,1.0585876518438173,-0.5384257357918212,0.1382426878725391,0.0,1.0,0.0,1.0,0.0,0.0,0.0,5.73
STU-11927,0.08708001816705048,0.7976196038233476,0.934134912857268,-0.004766545496225848,1.0585876518438173,0.02151224057951886,-0.9429281276841869,1.0,0.0,0.0,0.0,1.0,0.0,0.0,5.0
STU-14301,-0.6937487657322955,-1.8754213579488896,-1.2638023489890349,-0.5494379277506043,-1.8113045547409692,0.17796549868327508,0.49863295972478133,1.0,0.0,1.0,0.0,0.0,0.0,0.0,3.45
STU-13334,-0.1731962431327315,2.595387699102364,-1.7871207446667254,-1.0522115113700314,-0.4507042505628195,0.10385606063412732,1.3232547682002505,1.0,0.0,0.0,1.0,0.0,0.0,0.0,3.31
STU-14074,1.6487375859657423,-1.275059216802184,0.11756073696019204,0.40024550797497904,0.5064076875487058,-0.3078630396389165,-1.1903146702268275,1.0,0.0,0.0,1.0,0.0,0.0,0.0,3.74
STU-14595,0.6076325407666144,-1.303647890190122,-0.6861773273447901,-0.7030631894120962,-1.3284177624358324,0.02151224057951886,-0.08165646105425256,0.0,1.0,0.0,0.0,0.0,1.0,0.0,3.48
STU-13654,0.6076325407666144,0.809871892418178,-0.2882578679898664,-0.3120170688192085,1.0585876518438173,-0.3490349496662207,-1.3949430449225921,1.0,0.0,0.0,0.0,0.0,0.0,1.0,4.07
STU-11263,1.3884613246659603,-1.4363810166341218,-0.6308833081788452,-1.9879290142172976,-2.100747908574093,0.02151224057951886,0.6024742244957659,1.0,0.0,0.0,0.0,0.0,0.0,1.0,2.48
STU-11844,1.9090138472655243,-1.3853298141556605,-0.642732026571548,-0.39581266608911364,-1.262733609820336,0.26030931873788427,-1.110906644225486,1.0,0.0,0.0,0.0,0.0,0.0,1.0,2.86
STU-11423,-0.6937487657322955,-1.8080337706773206,0.6201438754506541,-0.5773697935072397,-0.6289898076620252,0.8449504411256057,-0.45426335229131626,1.0,0.0,1.0,0.0,0.0,0.0,0.0,3.88
STU-10598,0.8679088020663964,-0.023283732030311134,0.276531042062283,1.5175201382403714,1.0585876518438173,-0.9007385440320993,2.431912977372825,1.0,0.0,0.0,1.0,0.0,0.0,0.0,4.91
STU-12598,0.34735627946683245,-0.10904975219412621,1.0911304315605757,0.8750872258377707,-1.1458013820872541,0.02151224057951886,-0.24047251305693534,1.0,0.0,0.0,0.0,0.0,1.0,0.0,3.85
STU-10685,0.6076325407666144,-0.023283732030311134,-0.96067263677573,-0.5494379277506043,0.596633171910652,1.5613416756007026,-0.1580103322093886,1.0,0.0,0.0,0.0,0.0,0.0,1.0,3.54
STU-12838,0.8679088020663964,0.5689102167198408,1.2264032998772623,1.6152816683885936,1.0585876518438173,0.836716059120145,-0.1580103322093886,1.0,0.0,1.0,0.0,0.0,0.0,0.0,4.81
STU-10513,-0.9540250270320775,-0.15805890657344918,0.0657225939921197,-0.17235774003603488,-0.7329295656469871,-0.34080056766076,1.402662794201592,0.0,1.0,0.0,0.0,0.0,0.0,1.0,4.83
STU-10132,-1.4745775496316413,-0.023283732030311134,0.24394706648235148,1.3638948765788808,1.0585876518438173,-0.45608191573721196,-0.11525216436251223,1.0,0.0,0.0,1.0,0.0,0.0,0.0,4.44
STU-11988,-0.1731962431327315,0.3177383005258108,-0.49857261946033565,-0.8566884510735882,0.4645430628047628,1.2237320133768066,-0.6222418688326155,1.0,0.0,0.0,1.0,0.0,0.0,0.0,3.89
STU-13122,-0.4334725044325135,0.19113131837922676,0.0657225939921197,0.5119729710015184,-0.18941124785062383,0.9684661712075191,-0.1580103322093886,1.0,0.0,0.0,0.0,1.0,0.0,0.0,3.98
STU-11270,0.6076325407666144,-0.36838986078470987,-1.9628767341584785,0.9169850244727232,-0.909771514996402,0.3097156107706492,-0.2954473002886335,0.0,1.0,1.0,0.0,0.0,0.0,0.0,4.28
STU-11261,0.8679088020663964,0.6853069583707327,0.8679795684980125,1.2102696149173888,0.8102871188797414,-0.036128433458707504,-0.5611587719085066,0.0,1.0,1.0,0.0,0.0,0.0,0.0,5.88
STU-11701,1.3884613246659603,1.3408043981941766,-0.3869971879290534,1.6152816683885936,1.0585876518438173,-0.4643162977426727,-1.678979445619698,0.0,1.0,0.0,0.0,0.0,1.0,0.0,4.95
STU-11364,-0.4334725044325135,-1.1668306675478457,-0.8797063944255974,-1.5270532292328232,-0.9898917451098103,-0.044362815464168204,0.7276945731901892,0.0,1.0,0.0,0.0,0.0,0.0,1.0,3.04
STU-10664,-0.1731962431327315,0.23605637656027254,-1.8404399774338858,-0.4656423304807004,-2.0170186590862067,0.15326235266689298,2.5620963276923314,1.0,0.0,0.0,0.0,0.0,1.0,0.0,2.72
STU-14329,0.34735627946683245,0.9181004416725164,-0.1865563684525037,0.6655982326630103,0.4760919248030927,0.6555596550000059,-0.7810579208352986,0.0,1.0,0.0,0.0,0.0,1.0,0.0,4.59
STU-13904,-0.1731962431327315,-0.28466588872003323,0.0657225939921197,0.03713125313872672,-0.290463790336003,-0.5713632638136648,-0.1946601903638539,1.0,0.0,0.0,0.0,0.0,1.0,0.0,3.77
STU-12795,-1.2143012883318594,-1.432296920435845,-1.0307775539325537,-0.14442587427939943,-2.6384917953712925,0.44970010486348405,-0.3412596229817149,1.0,0.0,1.0,0.0,0.0,0.0,0.0,2.95
STU-13640,-0.1731962431327315,0.28506553093959547,1.1286513731374663,0.651632299784692,1.0585876518438173,1.149622575327659,1.2285759679678816,0.0,1.0,0.0,0.0,0.0,0.0,1.0,5.46
STU-11907,1.1281850633661783,1.1651882616682696,-0.03252302934737179,0.26058617919180543,1.0585876518438173,0.7626066210709972,0.19321747510423723,0.0,1.0,0.0,0.0,0.0,0.0,1.0,5.32
STU-11642,0.8679088020663964,0.18500517408181116,0.37033339600451093,0.9169850244727232,-0.019065533375269325,-0.9995511280976299,0.31843782379866037,0.0,1.0,1.0,0.0,0.0,0.0,0.0,4.28
STU-12698,-1.4745775496316413,0.8813435758880243,-0.7098747641301959,0.023165320260409614,-0.09990756736357248,1.0755131372785112,1.5400997622808363,1.0,0.0,0.0,0.0,0.0,0.0,1.0,4.9
STU-14914,-0.6937487657322955,1.837022086284821,1.1454370575271282,-0.7868587866820002,1.0585876518438173,0.4249969588471012,-0.2526891324417571,1.0,0.0,0.0,0.0,0.0,0.0,1.0,5.83
STU-10051,1.1281850633661783,1.4735375246381759,0.3910686531917396,0.651632299784692,1.0585876518438173,0.9849349352184406,0.15962177179597728,1.0,0.0,0.0,0.0,0.0,0.0,1.0,5.31
STU-10099,-1.4745775496316413,-0.38881034177609436,0.3476233524184975,-0.5773697935072397,0.9178358962391809,-2.716419776236223,0.9262146381935429,0.0,1.0,0.0,0.0,0.0,0.0,1.0,4.7
STU-11990,0.6076325407666144,-1.2015454852331995,0.0997876593711377,0.5957685682714223,-0.723546115273345,0.21090302670511862,-0.002248435052911163,0.0,1.0,1.0,0.0,0.0,0.0,0.0,4.2
STU-10014,0.08708001816705048,1.8574425672762058,0.671488321819031,-0.06063027700949553,0.9012344071165825,-0.5219569717808991,1.307983993969223,1.0,0.0,0.0,0.0,1.0,0.0,0.0,4.87
STU-13508,0.6076325407666144,0.02368337424987341,-0.19544290724703087,0.8331894272028181,-0.5560876162975733,1.6354511136498504,-0.646675107602259,0.0,1.0,0.0,0.0,0.0,1.0,0.0,4.6
STU-10724,0.08708001816705048,-1.7651507605954129,-2.1228344324599613,-2.4488047992017723,-2.67963461624034,-1.0901293301576997,0.38868338526138535,1.0,0.0,0.0,0.0,0.0,0.0,1.0,2.32
STU-11771,-0.6937487657322955,-0.023283732030311134,-0.9369751999903256,0.023165320260409614,0.7554300243876776,0.12855920665051015,-0.6588917269870808,1.0,0.0,0.0,0.0,1.0,0.0,0.0,4.88
STU-11212,-1.4745775496316413,0.8874697201854398,0.939071878854227,0.40024550797497904,1.0585876518438173,-0.07730034348601174,1.0758682256576095,1.0,0.0,0.0,0.0,1.0,0.0,0.0,4.95
STU-11379,0.6076325407666144,0.06860843243091919,-1.0870589662978896,0.8331894272028181,0.25305452746036133,0.9272942611802156,0.15962177179597728,1.0,0.0,0.0,0.0,0.0,0.0,1.0,4.13
STU-11587,-0.1731962431327315,0.20338360697405722,1.5048481821057689,1.2800992793089756,-0.5423733426745576,1.8413106637863723,0.18100085571941546,1.0,0.0,0.0,0.0,1.0,0.0,0.0,3.67
STU-14016,0.6076325407666144,0.8568389986983626,1.2688612074511119,1.7968387958067198,1.0585876518438173,0.13679358865597085,-0.38707194567479664,1.0,0.0,0.0,0.0,0.0,1.0,0.0,5.54
STU-13808,0.34735627946683245,-0.9912145310219387,-0.12040102409324827,-0.6192675921421923,0.1729342973469531,-0.6454727018628125,2.5620963276923314,1.0,0.0,0.0,0.0,0.0,0.0,1.0,2.99
STU-13147,-0.4334725044325135,-1.1423260903581844,0.5984212250640317,0.41421144085329614,-0.46225311256114837,-0.3819724776880642,-0.07860230620804719,1.0,0.0,0.0,0.0,0.0,0.0,1.0,3.87
STU-12740,0.08708001816705048,-1.342446804073753,-0.8935298992170836,0.009199387382091261,-0.2204488144711328,0.8449504411256057,2.5620963276923314,0.0,1.0,0.0,0.0,0.0,1.0,0.0,3.55
STU-13407,-0.1731962431327315,0.3504110701120261,-0.2290142760263548,-0.5215060619939701,0.9156704846144941,0.5732158349453974,0.15045930725736087,1.0,0.0,0.0,0.0,0.0,0.0,1.0,3.6
STU-10195,0.08708001816705048,0.9589414036552854,0.577685967876803,0.6655982326630103,0.15344559272477196,0.5567470709344753,1.8424610920551752,1.0,0.0,0.0,0.0,0.0,1.0,0.0,4.8
STU-12821,-0.1731962431327315,0.9119742973751008,0.24493445968174246,1.7968387958067198,0.1729342973469531,-0.5878320278245861,1.0270017481183225,0.0,1.0,0.0,0.0,0.0,0.0,1.0,5.21
STU-11688,1.3884613246659603,-1.4404651128323989,0.20840091130424424,-0.7309950551687304,-0.9783428831114813,-1.403035846365213,-0.7260831336036006,0.0,1.0,1.0,0.0,0.0,0.0,0.0,3.65
STU-14051,2.559704500514979,-0.14172252178034153,-0.02956084974919747,0.023165320260409614,0.23934025383734567,0.26030931873788427,0.1687842363345937,0.0,1.0,0.0,1.0,0.0,0.0,0.0,4.0
STU-14032,-0.6937487657322955,-2.0755420716644584,0.5549759242907897,-1.191870840153205,-1.5543423752781464,0.9519974071965978,-0.27712237121140065,1.0,0.0,0.0,0.0,0.0,0.0,1.0,2.79
STU-11356,0.34735627946683245,1.3020054843105457,-0.4126694111132425,1.0147465546209455,0.3302875420741868,-0.5795976458191254,-0.5978086300629719,1.0,0.0,0.0,1.0,0.0,0.0,0.0,5.0
STU-14587,0.8679088020663964,-0.9830463386253849,-2.502980814225831,-0.3259830016975256,0.1729342973469531,-0.4643162977426727,-0.778003765989093,1.0,0.0,0.0,1.0,0.0,0.0,0.0,2.53
STU-10254,-0.1731962431327315,-0.8074302020994777,0.6359421666409237,-0.7170291222904134,0.017746464244405114,-0.6290039378518903,0.19321747510423723,1.0,0.0,0.0,0.0,0.0,1.0,0.0,4.3
STU-11916,0.34735627946683245,0.24014047275854936,0.7741772145557846,-0.01873247837454296,0.7489337895136172,-0.18434730955700304,-0.5306172234464522,1.0,0.0,1.0,0.0,0.0,0.0,0.0,4.55
STU-11900,0.34735627946683245,-1.3444888521728913,0.39600561918869864,-0.4935741962373346,-0.8296512848829938,-0.90897292603756,1.0575432965803768,1.0,0.0,0.0,0.0,0.0,0.0,1.0,3.73
STU-11486,-0.6937487657322955,0.6567182849827943,0.31997634283552506,-0.5913357263855569,0.3670995396938613,0.2850124647542664,0.9720269608866245,1.0,0.0,0.0,0.0,0.0,0.0,1.0,3.56
STU-10995,0.8679088020663964,-0.12130204078895705,0.057329751797288026,1.2242355477957059,0.5056858836738108,0.16973111667781438,0.43449570795446707,0.0,1.0,0.0,0.0,0.0,1.0,0.0,4.52
STU-14171,0.6076325407666144,1.657321853560637,1.5048481821057689,1.154405883404119,1.0585876518438173,1.0919819012894325,-1.1842063605344166,1.0,0.0,0.0,0.0,0.0,1.0,0.0,6.53
STU-11205,0.34735627946683245,0.3667474549051337,1.5048481821057689,-0.3399489345758439,0.1902575903444464,-2.4323335970478226,-0.570321236447123,1.0,0.0,0.0,0.0,1.0,0.0,0.0,3.74
STU-13347,0.6076325407666144,1.5552194486037145,0.8630426025010535,-0.186323672914352,0.1729342973469531,0.07091853261228379,1.1705470258899784,0.0,1.0,0.0,0.0,0.0,0.0,1.0,5.6
STU-11968,-1.4745775496316413,-1.505810652004829,-2.6589889397297464,-0.8985862497085395,-2.4363867104005332,-1.7159423625727261,-0.3412596229817149,0.0,1.0,0.0,1.0,0.0,0.0,0.0,2.05
STU-11163,0.08708001816705048,0.3565372144094413,0.18174129492066274,0.819223494324501,0.597354975785548,-0.42314438771536844,-0.8787908759138726,0.0,1.0,0.0,0.0,1.0,0.0,0.0,5.33
STU-11222,-1.2143012883318594,0.18296312598267275,-2.837830532969599,-0.7030631894120962,-0.5986740449164112,-0.7360509039228816,-0.1580103322093886,1.0,0.0,0.0,0.0,1.0,0.0,0.0,3.14
STU-13219,0.8679088020663964,-0.6583606908623705,0.5500389582938305,0.5259389038798356,-0.15187744635605344,-2.564083709135196,-1.214747908996471,1.0,0.0,0.0,0.0,0.0,1.0,0.0,3.91
STU-10884,-0.9540250270320775,0.9140163454742396,0.7129588361934897,-0.15839180715771778,0.16788167022268358,0.5979189809617803,-1.532380013001837,1.0,0.0,1.0,0.0,0.0,0.0,0.0,4.04
STU-12296,0.08708001816705048,1.87786304826759,1.321193047018881,1.154405883404119,1.0585876518438173,1.380185271480563,-1.187260515380622,0.0,1.0,1.0,0.0,0.0,0.0,0.0,5.44
STU-13716,0.34735627946683245,-0.7870097211080932,-1.12457990787478,-0.9963477798567617,-2.6666421464922196,0.943763025191137,0.275679655951784,0.0,1.0,0.0,1.0,0.0,0.0,0.0,3.59
STU-14675,0.8679088020663964,0.7424843051466093,0.6862992198099082,-1.4991213634761889,0.8384374700006686,1.0919819012894325,-0.3840177908285913,0.0,1.0,0.0,0.0,1.0,0.0,0.0,5.23
STU-10048,2.4295663698650882,0.027767470448150235,-0.9419121659872847,0.6795641655413275,0.13395688810259185,1.3966540354914843,-1.5537590969252748,0.0,1.0,0.0,0.0,0.0,1.0,0.0,4.19
STU-10439,1.9090138472655243,1.3979817449700536,-0.8461350256462734,0.5259389038798356,1.0585876518438173,-1.1148324761740818,-1.1750438959958003,0.0,1.0,0.0,1.0,0.0,0.0,0.0,4.94
STU-14021,0.34735627946683245,-0.5991412959873554,-0.23493863522270622,1.7968387958067198,0.4284528690599843,-0.6701758478791946,1.0483808320417607,0.0,1.0,0.0,0.0,0.0,1.0,0.0,4.84
STU-13090,-0.9540250270320775,0.3565372144094413,0.1037372321687058,-0.40977859896743074,1.0585876518438173,0.49087201489078824,-1.6270588132342054,1.0,0.0,0.0,0.0,0.0,0.0,1.0,4.97
STU-10135,-0.9540250270320775,0.7710729785345478,-0.7019756185350596,0.7074960312979617,-0.8000573260122756,-0.4725506797481341,0.5994200696495606,1.0,0.0,0.0,0.0,0.0,0.0,1.0,4.57
STU-13507,2.559704500514979,-0.17847938756483364,0.719870588589232,-1.1360071086399353,0.8608133901224314,-0.6454727018628125,0.6330157729578209,1.0,0.0,0.0,0.0,0.0,0.0,1.0,4.89
STU-13661,-0.1731962431327315,0.8629651429957782,0.2597453576726211,-0.08856214276612975,1.0585876518438173,-0.8513322519993344,-1.3766181158453592,0.0,1.0,0.0,0.0,1.0,0.0,0.0,4.72
STU-12119,0.8679088020663964,-0.42556720756058686,0.15014471254012357,0.13489278328694773,-0.3691404126996204,0.38382504881979695,0.9567561866555971,1.0,0.0,0.0,0.0,0.0,1.0,0.0,4.22
STU-13485,-1.4745775496316413,1.638943420668391,1.1029791499532786,1.0426784203775796,0.5374452541692157,0.48263763288532757,-0.6619458818332862,0.0,1.0,0.0,0.0,0.0,0.0,1.0,6.04
STU-14851,1.6487375859657423,-0.7032857490434166,-0.20926641203851712,0.16282464904358318,-1.2901621570663682,2.718272347367955,-0.1580103322093886,0.0,1.0,0.0,0.0,0.0,1.0,0.0,4.04
STU-12413,1.3884613246659603,0.9038061049785471,1.5048481821057689,1.3778608094571978,1.0585876518438173,-0.5137225897754384,-0.6772166560643136,1.0,0.0,0.0,0.0,0.0,1.0,0.0,5.6
STU-10191,2.4295663698650882,-0.6828652680520321,1.5048481821057689,0.20472244767853576,0.8348284506261909,0.40029381283071913,-0.9704155213000357,1.0,0.0,0.0,1.0,0.0,0.0,0.0,4.58
STU-10854,2.1692901085653062,0.2911916752370107,1.5048481821057689,-0.22822147154930458,0.3923626753152058,0.6226221269781624,0.5810951405723284,1.0,0.0,0.0,0.0,0.0,1.0,0.0,4.7
STU-14620,-0.9540250270320775,-1.199503437134061,-0.27640914959716495,-0.4656423304807004,-0.48318542493312033,0.7214347110436929,-0.054169067438403634,1.0,0.0,0.0,1.0,0.0,0.0,0.0,3.5
STU-10116,-1.2143012883318594,0.36878950300427216,-0.19346812084824752,0.4421433066099316,1.0585876518438173,-1.444207756392517,2.2578261511391156,1.0,0.0,0.0,1.0,0.0,0.0,0.0,4.18
STU-11629,0.8679088020663964,-0.8809439336684621,-1.9994102825359767,-0.5494379277506043,-1.342853839933744,0.6143877449727017,0.6727197859584912,1.0,0.0,0.0,0.0,1.0,0.0,0.0,2.83
STU-14273,1.3884613246659603,0.22176203986630327,0.38218211439721245,-0.5075401291156529,1.0138358116002917,0.43323134085256265,-0.603916939755383,1.0,0.0,0.0,0.0,0.0,1.0,0.0,4.75
STU-10774,0.6076325407666144,-0.6195617769787399,1.3034199694298267,-0.8147906524386356,-0.6376514541607724,0.41676257684164053,0.08021374579463589,1.0,0.0,0.0,0.0,1.0,0.0,0.0,3.76
STU-10018,-0.6937487657322955,1.67978438265116,0.06029193139546375,-0.21425553867098746,1.0585876518438173,1.34724774345872,-1.3827264255377703,1.0,0.0,0.0,0.0,1.0,0.0,0.0,5.02
STU-14707,1.1281850633661783,-1.038181637302123,0.5747237882786274,0.21868838055685288,-0.8866737909997442,0.40029381283071913,0.7460195022674219,1.0,0.0,0.0,0.0,0.0,1.0,0.0,3.66
STU-12372,-0.9540250270320775,-0.023283732030311134,-0.09769098050723626,0.1767905819219003,1.0585876518438173,1.3225445974423364,-1.2361269929199092,1.0,0.0,0.0,0.0,0.0,0.0,1.0,5.08
STU-10662,0.08708001816705048,-1.585450527871229,0.7040722973989625,-1.5410191621111402,-0.7762377981407219,-0.5137225897754384,-0.7657871466042713,1.0,0.0,0.0,0.0,0.0,0.0,1.0,3.3
STU-14379,0.34735627946683245,1.316299821004515,0.474009681940657,1.3499289437005624,-0.14971203473136666,-0.8101603419720301,-1.526271703309426,0.0,1.0,0.0,0.0,1.0,0.0,0.0,5.74
STU-11880,1.9090138472655243,-0.42148311136230965,0.01882141702100505,-0.40977859896743074,1.0585876518438173,-2.716419776236223,-1.0834192506096372,1.0,0.0,0.0,0.0,0.0,0.0,1.0,4.26
STU-11015,-0.9540250270320775,-0.6175197288796015,-1.2440544850011972,0.41421144085329614,-0.2132307757221775,1.5860448216170848,0.5872034502647391,0.0,1.0,1.0,0.0,0.0,0.0,0.0,4.61
STU-12421,-0.9540250270320775,0.7526945456423018,0.19260262011397325,-0.35391486745416106,0.32884393432439596,0.12855920665051015,0.46198310157031597,1.0,0.0,0.0,0.0,0.0,0.0,1.0,4.97
STU-10050,-0.9540250270320775,-0.8135563463968929,-0.9359878067909333,1.0845762190125323,1.0585876518438173,1.2484351593931888,-1.233072838073704,0.0,1.0,0.0,0.0,1.0,0.0,0.0,4.37
STU-10010,0.6076325407666144,-1.74268823150489,-0.36724932394121573,-0.3259830016975256,-0.9357564544926424,-0.3490349496662207,1.1583304065051563,0.0,1.0,1.0,0.0,0.0,0.0,0.0,3.37
STU-11890,-1.2143012883318594,-0.023283732030311134,-0.4363668478986469,-0.27011927018425713,0.1729342973469531,-0.42314438771536844,0.2023799396428536,1.0,0.0,0.0,0.0,0.0,0.0,1.0,3.86
STU-13410,0.6076325407666144,-0.0743349345087725,1.3083569354267872,1.1125080847691666,-0.37635845144857566,1.1249194293112754,0.18405501056562082,0.0,1.0,0.0,0.0,0.0,0.0,1.0,4.84
STU-12425,-1.2143012883318594,-2.2695366410826114,-0.5617657842214153,-0.9684159141001275,-1.6611693487626906,-0.4890194437590555,-0.8910074952986944,1.0,0.0,0.0,0.0,0.0,1.0,0.0,2.61
STU-11895,-0.9540250270320775,0.8364185177069785,0.3328124544276189,-1.094109310004984,0.3440018156972025,-0.6043007918355082,-0.09081892559286896,0.0,1.0,0.0,0.0,0.0,0.0,1.0,4.78
STU-13088,-1.4745775496316413,-0.023283732030311134,-1.0831093935003213,0.5957685682714223,0.08992685173396212,0.05444976860136239,-1.0223361536855282,1.0,0.0,0.0,0.0,0.0,1.0,0.0,3.75
STU-13879,-0.1731962431327315,0.06860843243091919,0.3110898040409979,-0.39581266608911364,-0.14032858435772455,-0.39844124169898637,-0.6955415851415461,1.0,0.0,0.0,1.0,0.0,0.0,0.0,4.05
STU-14552,0.08708001816705048,1.6777423345520213,1.5048481821057689,1.7968387958067198,1.0585876518438173,-1.3700983183433695,0.016076494024321635,0.0,1.0,0.0,0.0,0.0,0.0,1.0,6.45
STU-14624,1.6487375859657423,0.3626633587068569,0.8215720881265948,0.651632299784692,-0.006794867502044512,-0.42314438771536844,-0.1580103322093886,1.0,0.0,1.0,0.0,0.0,0.0,0.0,5.38
STU-10019,0.8679088020663964,0.2544348094525186,-1.53632287202119,0.0929949846519964,-0.290463790336003,-1.9629738227365523,0.7521278119598327,0.0,1.0,0.0,0.0,1.0,0.0,0.0,3.53
STU-13260,1.6487375859657423,-0.18256348376311046,-1.1354412330680905,0.14885871616526608,0.004753994496285388,-0.23375360158976868,0.12297191364151196,0.0,1.0,0.0,0.0,0.0,0.0,1.0,4.1
STU-13561,-0.9540250270320775,1.6675320940563296,0.0657225939921197,0.553870769636471,0.1729342973469531,1.009638081234824,0.31843782379866037,1.0,0.0,0.0,0.0,0.0,1.0,0.0,5.75
STU-13035,-0.1731962431327315,-0.07229288640963409,0.6507530646318009,0.6097345011497406,-0.1100128216121105,-0.22551921958430726,-0.7535705272194495,0.0,1.0,0.0,0.0,0.0,1.0,0.0,4.89
STU-13204,-0.6937487657322955,0.18296312598267275,-0.7592444240997893,0.1907565148002174,0.4183476148114463,-0.7195821399119602,-0.24963497759555175,0.0,1.0,0.0,0.0,1.0,0.0,0.0,4.06
STU-10448,-0.4334725044325135,1.330594157698484,0.7702276417582179,0.06506311889536094,1.0585876518438173,0.18619988068873652,-0.6680541915256972,1.0,0.0,1.0,0.0,0.0,0.0,0.0,5.08
STU-10836,0.34735627946683245,1.6144388434787293,1.1385253051313857,-0.40977859896743074,1.0585876518438173,0.3179499927761099,-0.6375126430636426,1.0,0.0,0.0,1.0,0.0,0.0,0.0,5.36
STU-13290,0.6076325407666144,-0.6992016528451398,-0.49067347386519944,-1.3035983031797445,-0.785621248514364,0.3755906668143363,-0.1580103322093886,1.0,0.0,0.0,1.0,0.0,0.0,0.0,2.94
STU-14389,-1.4745775496316413,1.9860915975219282,0.46413574994673745,0.5957685682714223,0.1729342973469531,0.7461378570600758,0.1657300814883883,0.0,1.0,0.0,1.0,0.0,0.0,0.0,5.94
STU-13985,1.1281850633661783,-0.5337957568149249,0.2696192896665392,-0.9265181154651749,0.04517501149043645,-1.3618639363379088,1.6225619431283838,0.0,1.0,0.0,1.0,0.0,0.0,0.0,3.35
STU-10381,0.6076325407666144,0.3749156473016874,-1.2341805530072776,0.5259389038798356,-0.006073063627148573,0.4085281948361798,2.4410754419114418,1.0,0.0,0.0,0.0,0.0,1.0,0.0,3.92
STU-13234,-0.4334725044325135,0.7241058722543633,0.38909386679295627,-0.8287565853169527,-0.693230352527731,-0.45608191573721196,0.41922493372343994,1.0,0.0,0.0,0.0,1.0,0.0,0.0,3.86
STU-12124,-0.4334725044325135,-0.2560772153320951,0.10867419816566487,-0.3259830016975256,-1.7679963222472348,-0.6537070838682731,-0.46342581682993267,1.0,0.0,0.0,0.0,0.0,1.0,0.0,3.88
STU-12801,0.08708001816705048,-0.023283732030311134,-1.541259838018149,-1.8343037525558057,-0.7488092508946906,0.672028419010928,-0.1580103322093886,1.0,0.0,0.0,0.0,0.0,0.0,1.0,2.33
STU-12376,0.8679088020663964,-0.8053881540003393,-1.7061545023165914,-0.1025280756444481,-0.32799759183057237,1.4048884174969465,0.46809141126272674,1.0,0.0,0.0,0.0,0.0,0.0,1.0,4.27
STU-11495,0.8679088020663964,-0.4643661214442174,-0.818488016063301,-0.004766545496225848,-0.39368174444607,0.3755906668143363,-1.2880476253054018,0.0,1.0,1.0,0.0,0.0,0.0,0.0,3.88
STU-12378,1.6487375859657423,1.1631462135691308,-0.0700439709242638,1.6292476012669108,1.0585876518438173,-0.6043007918355082,0.1871091654118262,0.0,1.0,0.0,1.0,0.0,0.0,0.0,5.79
STU-12620,0.8679088020663964,-0.23157263814243342,-1.4928775712479478,-1.0382455784917144,-0.36986221657451634,-1.3453951723269866,-0.5794837009857394,1.0,0.0,0.0,0.0,1.0,0.0,0.0,2.69
STU-14988,-0.1731962431327315,0.6158773230000254,0.01882141702100505,0.5818026353931052,0.3057462103277372,0.7543722390655365,-0.1580103322093886,1.0,0.0,0.0,0.0,0.0,0.0,1.0,4.47
STU-14452,1.9090138472655243,0.36470540680599534,-0.03844738854372323,0.819223494324501,0.5648738014152471,-0.4972538257645162,1.6317244076669999,1.0,0.0,0.0,0.0,0.0,0.0,1.0,4.94
STU-11273,-0.4334725044325135,-2.2695366410826114,-1.3398316253422085,-1.4013598333279667,-2.1245674364456466,0.21090302670511862,0.2084882493352644,1.0,0.0,1.0,0.0,0.0,0.0,0.0,1.31
STU-13135,-0.1731962431327315,0.6546762368836558,0.11756073696019204,0.13489278328694773,0.15055837722519025,0.9931693172239027,-0.47564243621475444,1.0,0.0,0.0,0.0,0.0,1.0,0.0,4.71
STU-12641,-0.6937487657322955,0.21767794366802645,-1.376365173719708,0.3164499107050751,0.18231774772059517,0.02151224057951886,-0.4145593392906456,0.0,1.0,0.0,0.0,0.0,0.0,1.0,3.97
STU-12551,0.34735627946683245,1.7287935370304826,1.5048481821057689,-0.06063027700949553,1.0585876518438173,-0.28315989362253363,-1.3216433286136615,1.0,0.0,0.0,1.0,0.0,0.0,0.0,5.85
STU-10645,1.1281850633661783,0.2299302322628573,-0.007838199362575045,0.24662024631348708,0.7604826515119472,0.22737179071604074,0.614690843880588,0.0,1.0,0.0,0.0,0.0,0.0,1.0,4.92
STU-10382,-1.4745775496316413,0.8180400848147324,0.35453510481423994,1.140439950525802,0.8608133901224314,0.02151224057951886,-0.1580103322093886,0.0,1.0,0.0,0.0,0.0,0.0,1.0,5.8
STU-14286,0.8679088020663964,0.7220638241552249,0.775164607755177,0.14885871616526608,1.0585876518438173,1.0590443732675883,-0.5855920106781501,1.0,0.0,0.0,0.0,0.0,1.0,0.0,5.32
STU-12342,0.6076325407666144,-1.409834391345322,-0.7483830989064775,0.21868838055685288,0.08126520523521495,-0.31609742164437715,0.19016332025803184,1.0,0.0,0.0,0.0,0.0,0.0,1.0,2.89
STU-13924,-0.9540250270320775,0.21767794366802645,1.5048481821057689,0.023165320260409614,1.0585876518438173,1.0508099912621276,-0.18244357097903213,1.0,0.0,1.0,0.0,0.0,0.0,0.0,5.8
STU-12218,0.8679088020663964,0.2911916752370107,-0.7938031860785042,-0.8846203168302224,0.4674302783043455,0.06268415060682309,-0.9154407340683379,1.0,0.0,0.0,0.0,0.0,1.0,0.0,4.2
STU-14810,0.8679088020663964,0.3095701081292571,-2.266993839571174,-0.7030631894120962,-1.073620994597697,0.07915291461774449,-0.6833249657567243,0.0,1.0,0.0,0.0,1.0,0.0,0.0,3.85
STU-13711,0.6076325407666144,1.3020054843105457,-0.7098747641301959,1.7968387958067198,-0.19302026722510146,-0.06906596148055104,-1.24223530261232,0.0,1.0,0.0,0.0,0.0,0.0,1.0,4.67
STU-12121,1.9090138472655243,0.4096304649870411,0.2212370228963381,-0.42374453184574784,1.0585876518438173,1.956592011862825,-0.5153464492154252,1.0,0.0,0.0,1.0,0.0,0.0,0.0,4.05
STU-14531,0.08708001816705048,-1.5997448645651982,-2.107036141269691,-0.186323672914352,0.2516109197105694,-0.43961315172629056,0.21765071387388077,1.0,0.0,0.0,0.0,1.0,0.0,0.0,2.4
STU-13683,-1.4745775496316413,-0.5256275644183712,-0.6822277545472234,-0.6471994578988266,-0.07897525499160152,0.5485126889290146,0.0771595909484305,0.0,1.0,0.0,0.0,0.0,0.0,1.0,4.09
STU-13270,-0.6937487657322955,0.2952757714352879,-0.3089931251770965,0.14885871616526608,0.6955203027713455,1.3225445974423364,0.2665171914131679,1.0,0.0,0.0,0.0,1.0,0.0,0.0,3.82
STU-12999,1.1281850633661783,-0.4990809391295711,1.2293654794754365,-0.11649400852276522,0.32884393432439596,-1.2301138242505345,0.947593722116981,1.0,0.0,1.0,0.0,0.0,0.0,0.0,4.42
STU-11481,-0.9540250270320775,0.3095701081292571,1.3014451830310434,-0.7868587866820002,1.0585876518438173,-0.6454727018628125,2.5620963276923314,1.0,0.0,0.0,0.0,0.0,0.0,1.0,4.05
STU-12484,0.08708001816705048,1.7328776332287603,1.1207522275423314,0.3304158435833922,1.0585876518438173,-0.24198798359522938,-0.9032241146835162,0.0,1.0,0.0,0.0,0.0,0.0,1.0,5.38
STU-11799,-0.1731962431327315,-0.5235855163192324,-1.6074151823774045,-0.3120170688192085,-0.29118559421089896,1.0590443732675883,-1.2880476253054018,1.0,0.0,0.0,1.0,0.0,0.0,0.0,3.68
STU-12247,0.6076325407666144,2.3026090528883887,0.6310052006439646,1.7968387958067198,1.0585876518438173,0.21090302670511862,1.3415796972774832,0.0,1.0,0.0,0.0,0.0,0.0,1.0,6.4
STU-14009,-0.1731962431327315,0.27077119424562623,-0.4807995418712813,0.7773256956895485,-0.30273445620922784,-0.036128433458707504,1.7111324336683413,1.0,0.0,0.0,0.0,0.0,1.0,0.0,4.54
STU-12233,-0.4334725044325135,-0.713495989539109,-0.23098906242513814,-1.2477345716664747,1.0463169859705925,1.1249194293112754,0.5566619018026848,1.0,0.0,0.0,0.0,1.0,0.0,0.0,3.61
STU-12518,0.6076325407666144,0.14008011590076538,1.5048481821057689,0.7773256956895485,0.4161822031867595,-0.43137876972082917,-1.532380013001837,1.0,0.0,0.0,0.0,0.0,0.0,1.0,4.39
STU-14769,-0.4334725044325135,-1.91422027183252,0.007960091827694537,-0.13045994140108233,-3.1643259182327137,0.9684661712075191,-1.4377012127694682,0.0,1.0,0.0,0.0,0.0,0.0,1.0,3.78
STU-11979,0.8679088020663964,-1.1892931966383689,1.011151582409834,-1.359462034693014,-1.415756031298197,-0.43137876972082917,0.7643444313446547,1.0,0.0,0.0,0.0,0.0,1.0,0.0,3.86
STU-11274,-0.4334725044325135,0.7302320165517786,0.0657225939921197,0.9030190915944062,1.0585876518438173,-0.7031133759010381,0.654394856881259,1.0,0.0,0.0,0.0,0.0,0.0,1.0,5.69
STU-13643,1.1281850633661783,0.07269252862919637,0.9133996556700393,1.4337245409704675,-1.5225830047827416,0.9767005532129798,-0.0663856868232254,1.0,0.0,0.0,0.0,1.0,0.0,0.0,4.89
STU-10618,-0.9540250270320775,0.4668078117629181,-0.5982993325989137,0.27455211207012253,0.12096441835447212,0.5979189809617803,0.6299616181116154,1.0,0.0,0.0,0.0,0.0,0.0,1.0,4.08
STU-12709,-0.1731962431327315,1.5960604105864833,0.4206904491734954,1.7968387958067198,1.0246628697237254,0.24384055472696214,-1.6423295874652328,1.0,0.0,0.0,0.0,0.0,0.0,1.0,5.68
STU-11516,-0.6937487657322955,-0.21523625334932578,-0.09966576690601961,-0.7868587866820002,0.17726512059632668,-0.7360509039228816,-0.24047251305693534,0.0,1.0,0.0,0.0,0.0,1.0,0.0,4.16
STU-10850,0.08708001816705048,-0.570552622599417,0.3337998476270113,1.1963036820390716,-0.8144934035101873,-1.4936140484252822,0.22375902356629152,0.0,1.0,0.0,1.0,0.0,0.0,0.0,4.25
STU-13623,-0.6937487657322955,0.42188275358187194,-0.07201875732304715,-0.21425553867098746,0.5995203874102347,-2.193536518889457,0.43449570795446707,0.0,1.0,0.0,0.0,0.0,1.0,0.0,4.03
STU-14034,1.3884613246659603,0.12782782730593456,-0.5143709106506053,-1.4432576319629191,0.02279909136867464,0.7049659470327716,1.0758682256576095,1.0,0.0,1.0,0.0,0.0,0.0,0.0,3.37
STU-11549,0.8679088020663964,1.1978610312544848,0.17285475612613696,1.713043198536816,1.0585876518438173,0.5896845989563189,0.281787965644195,0.0,1.0,0.0,0.0,1.0,0.0,0.0,5.24
STU-10744,-0.4334725044325135,0.7874093633276555,-0.1717454704616265,0.6935300984196445,0.16643806247289272,-1.7324111265836475,1.1247347031968966,1.0,0.0,0.0,1.0,0.0,0.0,0.0,4.01
STU-11325,-0.1731962431327315,1.8982835292589748,0.09682547977296198,1.2242355477957059,1.0585876518438173,0.5814502169508582,-0.22825589367211357,1.0,0.0,0.0,0.0,0.0,0.0,1.0,6.01
STU-14186,0.08708001816705048,-0.3091704659096949,0.0657225939921197,1.3499289437005624,0.5843625060374282,0.36735628480887556,-0.24963497759555175,1.0,0.0,0.0,1.0,0.0,0.0,0.0,4.92
STU-12272,0.08708001816705048,-1.158662475151292,-0.9083407972079608,-1.4153257662062837,-0.12517070298491803,-0.9336760720539429,0.5047412694171921,1.0,0.0,0.0,0.0,0.0,0.0,1.0,3.4
STU-10698,-0.1731962431327315,-0.04370421302169561,0.3693460028051186,-1.6108488265027283,1.0585876518438173,0.33441875678703203,0.5169578888020139,1.0,0.0,0.0,1.0,0.0,0.0,0.0,4.21
STU-10810,0.6076325407666144,-0.37451600508212546,0.0657225939921197,-0.22822147154930458,0.5959113680357571,-0.9336760720539429,-1.0498235473013773,1.0,0.0,0.0,0.0,0.0,0.0,1.0,3.13
STU-11214,-0.9540250270320775,-0.8237665868925854,0.9321601264584847,0.98681468886431,0.1729342973469531,0.3591219028034149,-1.0253903085317337,1.0,0.0,0.0,0.0,0.0,1.0,0.0,4.04
STU-14367,-0.9540250270320775,-0.023283732030311134,1.0565716695818594,0.2885180449484397,1.0123922038505007,0.34265313879249276,0.0985386748718684,0.0,1.0,0.0,0.0,0.0,0.0,1.0,5.32
STU-10728,-1.2143012883318594,1.563387641000268,-0.11842623769446492,1.0845762190125323,1.0585876518438173,-0.7525196679338038,-0.4145593392906456,1.0,0.0,0.0,0.0,1.0,0.0,0.0,4.68
STU-13578,-1.4745775496316413,-1.3220263230823683,-2.7142829588956907,0.21868838055685288,0.18448315934528195,-0.16787854554608161,0.41006246918482353,0.0,1.0,1.0,0.0,0.0,0.0,0.0,3.78
STU-14845,0.8679088020663964,-0.004905299138065071,-0.6674168565563448,-1.8901674840690754,-0.9805082947361682,0.02151224057951886,-0.9612530567614195,0.0,1.0,0.0,0.0,0.0,1.0,0.0,3.04
STU-14405,0.6076325407666144,-0.023283732030311134,0.5826229338737621,1.0845762190125323,-1.4547334405425572,-0.8513322519993344,-0.30766391967345524,1.0,0.0,0.0,0.0,0.0,1.0,0.0,3.96
STU-10802,0.34735627946683245,2.4802672375134347,0.10966159136505724,0.023165320260409614,1.0585876518438173,0.268543700743345,-1.028444463377939,1.0,0.0,0.0,1.0,0.0,0.0,0.0,5.56
STU-14473,-0.6937487657322955,-1.158662475151292,-0.27640914959716495,-1.1360071086399353,1.0585876518438173,-0.41491000570990777,0.09243036517945766,1.0,0.0,0.0,0.0,0.0,0.0,1.0,3.52
STU-12741,-0.1731962431327315,-0.9401633285434774,0.5016566915236295,-0.17235774003603488,-0.95091433586545,-0.5548944998027425,0.5352828178792466,1.0,0.0,0.0,0.0,1.0,0.0,0.0,3.66
STU-10476,0.6076325407666144,-0.023283732030311134,-0.7227108757222898,0.16282464904358318,-1.2100419269529599,0.4249969588471012,-0.7627329917580659,0.0,1.0,0.0,0.0,0.0,1.0,0.0,2.93
STU-12140,1.3884613246659603,0.515816966142241,0.003023125830735468,0.8611212929594536,0.6276707385311621,-0.036128433458707504,-1.2941559349978125,0.0,1.0,0.0,0.0,1.0,0.0,0.0,4.9
STU-11307,-0.1731962431327315,-0.2254464938450182,-0.039434781743115606,1.1683718162824361,0.596633171910652,0.7790753850819193,1.3599046263547154,0.0,1.0,1.0,0.0,0.0,0.0,0.0,5.13
STU-13930,-0.9540250270320775,-0.20298396475449532,0.8581056365040944,0.24662024631348708,1.0585876518438173,-0.11847225351331596,0.83458999280738,1.0,0.0,1.0,0.0,0.0,0.0,0.0,5.12
STU-10806,-1.4745775496316413,-0.5235855163192324,0.11459855736201631,-1.4153257662062837,-0.9675158249880474,0.18619988068873652,2.5620963276923314,1.0,0.0,0.0,0.0,0.0,0.0,1.0,3.57
STU-10144,-0.9540250270320775,0.9977403175389162,1.0743447471709138,-0.06063027700949553,1.0585876518438173,0.05444976860136239,1.3385255424312772,0.0,1.0,1.0,0.0,0.0,0.0,0.0,5.57
STU-11389,0.34735627946683245,0.2932337233361495,0.7485049913715969,-0.04666434413117842,1.0585876518438173,0.07091853261228379,-1.1628272766109786,1.0,0.0,0.0,0.0,0.0,1.0,0.0,4.93
STU-10596,-0.9540250270320775,-0.35409552409074063,-0.7543074581028288,-1.0801433771266657,-1.4807183800387986,0.36735628480887556,-0.25574328728796253,1.0,0.0,1.0,0.0,0.0,0.0,0.0,2.82
STU-13721,0.08708001816705048,-0.637940209870986,1.2718233870492877,-0.4796082633590175,-0.20673454084811713,0.606153362967241,-0.13968540313215577,1.0,0.0,0.0,0.0,1.0,0.0,0.0,3.73
STU-10167,2.4295663698650882,0.5546158800258716,0.6556900306287614,-0.4656423304807004,1.0585876518438173,-0.1267066355187774,-0.500075674984398,1.0,0.0,0.0,0.0,0.0,1.0,0.0,5.31
STU-12512,-0.9540250270320775,-0.6113935845821863,-0.07991790291818193,-1.1360071086399353,0.5013550604244372,1.6601542596662326,-0.1580103322093886,1.0,0.0,0.0,0.0,0.0,1.0,0.0,3.87
STU-14104,-0.6937487657322955,0.6608023811810712,0.10274983896931342,0.051097186017043834,1.0585876518438173,0.7132003290382323,-1.0223361536855282,1.0,0.0,0.0,0.0,0.0,0.0,1.0,5.11
STU-10943,0.34735627946683245,0.2768973385430418,-0.5133835174512128,0.10696091753031352,-0.18363681685145836,1.5860448216170848,-0.1580103322093886,1.0,0.0,0.0,0.0,0.0,0.0,1.0,4.4
STU-13117,0.8679088020663964,-0.027367828228587958,-0.8698324624316778,-1.0522115113700314,-0.08908050924013954,-0.24198798359522938,-0.44510088775269985,1.0,0.0,0.0,1.0,0.0,0.0,0.0,3.81
STU-12180,0.34735627946683245,-0.18868962806052605,0.33577463402579466,-0.5215060619939701,0.6955203027713455,0.27677808274880566,-0.1580103322093886,1.0,0.0,0.0,0.0,0.0,0.0,1.0,4.23
STU-10269,0.8679088020663964,0.6812228621724556,0.0657225939921197,-0.3399489345758439,1.0585876518438173,-0.5960664098300468,-0.017519209283938315,1.0,0.0,0.0,0.0,0.0,1.0,0.0,4.71
STU-11608,-0.6937487657322955,-1.5650300468798444,0.23999749368478338,-0.5634038606289227,-0.5734109092950666,-0.3078630396389165,2.5620963276923314,1.0,0.0,0.0,0.0,1.0,0.0,0.0,3.28
STU-14067,-0.4334725044325135,-0.2887499849183104,0.5816355406743712,-0.5634038606289227,0.18303955159549112,0.943763025191137,-0.4573175071375216,0.0,1.0,0.0,1.0,0.0,0.0,0.0,5.3
STU-10350,-0.9540250270320775,0.7649468342371323,0.7070344769971382,0.567836702514788,0.72078343839269,-0.4890194437590555,-0.4420467329064945,1.0,0.0,0.0,0.0,0.0,1.0,0.0,4.64
STU-13521,1.6487375859657423,0.042061807142119476,0.9252483740627409,-0.01873247837454296,-0.3994561754452345,-0.2749255116170729,-0.017519209283938315,1.0,0.0,0.0,0.0,0.0,0.0,1.0,4.37
STU-12051,-0.6937487657322955,-0.023283732030311134,1.5048481821057689,0.40024550797497904,1.0585876518438173,-1.3536295543324472,0.6818822504971079,1.0,0.0,0.0,0.0,0.0,0.0,1.0,5.8
STU-13915,1.6487375859657423,0.5056067256465486,0.3012158720470798,-2.1974180073920593,0.4277310651850894,-0.4725506797481341,-1.2666685413819636,1.0,0.0,0.0,0.0,0.0,1.0,0.0,3.05
STU-14949,-1.4745775496316413,1.1896928388579313,0.1303968485522859,0.34438177646170937,1.0585876518438173,-1.1230668581795433,0.565824366341301,1.0,0.0,0.0,0.0,0.0,1.0,0.0,5.02
STU-13146,-0.4334725044325135,-0.008989395336341894,-0.5301692018408748,0.3304158435833922,1.0557004363442346,0.8778879691474499,0.09243036517945766,1.0,0.0,0.0,0.0,0.0,0.0,1.0,4.56
STU-11181,0.08708001816705048,1.0875904339010085,1.5048481821057689,1.6711453999018633,0.8167833537538017,-1.016019892108552,0.8926189348852832,1.0,0.0,0.0,0.0,1.0,0.0,0.0,5.63
STU-14896,-1.4745775496316413,0.12374373110765774,0.6240934482482208,1.7968387958067198,-0.5120575799289435,-0.5960664098300468,0.4528206370316996,0.0,1.0,0.0,0.0,1.0,0.0,0.0,4.49
STU-10084,-0.4334725044325135,0.12578577920679615,-0.3751484695363519,-0.24218740442762168,-0.4341027614402221,0.12855920665051015,-0.30155560998104425,0.0,1.0,0.0,0.0,0.0,1.0,0.0,3.87
STU-13691,-0.9540250270320775,0.15029035639645744,-0.3139300911740555,-0.9125521825868579,0.60673842615919,0.19443426269419722,-1.346076567383305,1.0,0.0,0.0,0.0,0.0,1.0,0.0,4.64
STU-12781,0.34735627946683245,1.6103547472804527,-0.08189268931696528,0.023165320260409614,1.0585876518438173,1.380185271480563,-1.2941559349978125,1.0,0.0,0.0,0.0,0.0,1.0,0.0,4.62
STU-11548,0.08708001816705048,-0.952415617138308,-0.6980260457374929,-0.5913357263855569,-1.0793954255968616,1.5284041475788583,-0.5031298298306034,1.0,0.0,1.0,0.0,0.0,0.0,0.0,3.71
STU-11329,-0.9540250270320775,0.7751570747328247,1.3863609981787441,0.06506311889536094,1.0585876518438173,-2.547614945124274,-0.6283501785250265,0.0,1.0,0.0,0.0,0.0,1.0,0.0,4.73
STU-14232,0.6076325407666144,-1.536441373491906,0.0657225939921197,0.8750872258377707,1.0585876518438173,0.8037785310983022,1.3018756842768122,0.0,1.0,0.0,0.0,0.0,0.0,1.0,5.48
STU-11203,-0.4334725044325135,1.293837291913992,0.04943060620215324,0.9309509573510404,1.0585876518438173,-0.6866446118901167,-1.4102138191536193,1.0,0.0,0.0,0.0,1.0,0.0,0.0,4.82
STU-11012,1.9090138472655243,-0.03553602062514197,-0.4294550955029045,-0.36788080033247816,1.0585876518438173,1.1249194293112754,-0.6619458818332862,1.0,0.0,0.0,0.0,1.0,0.0,0.0,3.73
STU-12593,0.6076325407666144,1.4960000537286995,-0.7661561764955318,0.24662024631348708,1.0585876518438173,0.4991063968962497,-0.6894332754491354,1.0,0.0,0.0,0.0,0.0,1.0,0.0,5.22
STU-10540,1.3884613246659603,0.6199614191983022,1.4199323669580681,1.4756223396054189,1.0585876518438173,0.606153362967241,-0.3107180745196606,0.0,1.0,0.0,0.0,0.0,0.0,1.0,5.89
STU-10053,1.1281850633661783,0.21563589556888804,-0.7612192104985727,0.6237004340280577,-0.6860123137787757,0.27677808274880566,-0.4359384232140837,0.0,1.0,0.0,0.0,0.0,0.0,1.0,3.83
STU-14713,-0.6937487657322955,-1.1811250042418149,-0.7207360893235064,-1.3175642360580628,-0.37635845144857566,1.2978414514259544,1.4790166653567278,1.0,0.0,1.0,0.0,0.0,0.0,0.0,3.09
STU-14770,0.8679088020663964,0.2932337233361495,0.7267823409849758,1.3778608094571978,0.958256913233333,-1.0901293301576997,-0.8971158049911052,1.0,0.0,0.0,0.0,0.0,1.0,0.0,4.94
STU-14795,0.34735627946683245,0.2523927613533802,0.42365262877167115,1.7968387958067198,0.22418237246453812,0.5485126889290146,-1.0131736891469119,0.0,1.0,0.0,1.0,0.0,0.0,0.0,4.93
STU-11812,-0.1731962431327315,-0.2887499849183104,0.0657225939921197,-1.7505081552859019,-0.7271551346478227,1.7095605516989982,-0.5275630686002469,0.0,1.0,0.0,0.0,0.0,0.0,1.0,3.86
STU-14720,-0.1731962431327315,-0.6889914123494473,-0.19939248004459897,-0.3399489345758439,-1.2129291424525417,1.0343412272512063,-0.8513034822980237,0.0,1.0,0.0,0.0,0.0,1.0,0.0,3.5
STU-12547,0.6076325407666144,-0.9707940500305541,-0.3188670571710146,-0.7868587866820002,-1.2367486703240953,0.07915291461774449,-0.14273955797836144,1.0,0.0,0.0,0.0,0.0,0.0,1.0,3.23
STU-12309,-0.9540250270320775,-0.15805890657344918,-1.9915111369408418,-1.010313712735079,-1.2324178470747218,0.7790753850819193,-0.3168263842120714,0.0,1.0,0.0,0.0,1.0,0.0,0.0,3.67
STU-11391,0.08708001816705048,0.18296312598267275,1.213567188285167,1.7968387958067198,0.5908587409114876,1.553107293595242,-0.9734696761462412,1.0,0.0,1.0,0.0,0.0,0.0,0.0,5.35
STU-12840,-1.4745775496316413,1.4245283702588531,1.5048481821057689,0.23265431343516998,1.0585876518438173,0.06268415060682309,-0.04806075774599261,0.0,1.0,0.0,0.0,0.0,1.0,0.0,5.32
STU-14628,2.1692901085653062,-0.023283732030311134,0.5915094726682892,-0.4656423304807004,1.0585876518438173,0.5238095429126318,2.5620963276923314,1.0,0.0,1.0,0.0,0.0,0.0,0.0,4.54
STU-12954,-0.1731962431327315,1.567471737198545,1.5048481821057689,0.023165320260409614,1.0585876518438173,-0.793691577961108,-0.1580103322093886,0.0,1.0,0.0,0.0,1.0,0.0,0.0,5.43
STU-11751,0.6076325407666144,0.7996616519224864,0.51251801671694,-0.5075401291156529,0.668813559400209,2.5741706622723908,-1.028444463377939,1.0,0.0,0.0,0.0,1.0,0.0,0.0,4.51
STU-10961,-0.9540250270320775,1.0978006743967001,0.33972420682336274,1.7968387958067198,0.256663546834839,-0.24198798359522938,1.2285759679678816,1.0,0.0,0.0,0.0,0.0,0.0,1.0,6.02
STU-12181,-0.6937487657322955,0.6424239482888251,0.5233793419102505,-0.36788080033247816,1.0585876518438173,-1.7241767445781868,-0.2740682163651953,1.0,0.0,0.0,0.0,1.0,0.0,0.0,3.51
STU-13149,-1.4745775496316413,-0.3030443216122793,0.654702637429369,1.6152816683885936,0.6825278330232257,0.8531848231310664,0.32760028833727645,1.0,0.0,0.0,0.0,1.0,0.0,0.0,4.64
STU-12557,0.34735627946683245,-0.7910938173063701,-0.21815295083304428,0.3304158435833922,-1.9174097243506179,1.5695760576061635,-0.6222418688326155,1.0,0.0,0.0,0.0,0.0,1.0,0.0,3.26
STU-13569,-1.4745775496316413,-1.0075509158150464,0.7840511465497042,0.40024550797497904,-1.342853839933744,-0.003190905436863971,-0.3534762423665367,0.0,1.0,0.0,0.0,1.0,0.0,0.0,4.02
STU-14169,0.6076325407666144,-1.432296920435845,-0.12336320369142398,-1.3315301689363799,0.2913101328298266,-1.9053331486983258,2.193688899368801,1.0,0.0,1.0,0.0,0.0,0.0,0.0,3.62
STU-10141,0.6076325407666144,0.34836902201288766,1.5048481821057689,0.3024839778267568,0.5641519975403522,0.9519974071965978,2.117335028213665,1.0,0.0,0.0,0.0,1.0,0.0,0.0,4.49
STU-10889,2.1692901085653062,-0.656318642763232,-0.5617657842214153,-0.4796082633590175,0.1108591641059341,0.6143877449727017,-1.0253903085317337,1.0,0.0,0.0,0.0,1.0,0.0,0.0,3.42
